Torneio,Jogador,Time,Agentes_Usados,RND,R2.0,ACS,K:D,KAST,ADR,KPR,APR,FKPR,FDPR,HS%,CL%,CL,KMAX,K,D,A,FK,FD,Tier_Torneio
Vct 2026 Americas Kickoff,johnqt,SEN,"Omen, Astra, Tejo",190,1.28,216.3,1.39,79,141.9,0.79,0.3,0.04,0.03,0.31,0.23,939,30,151,109,57,8,5,Liga Americas
Vct 2026 Americas Kickoff,dgzin,EG,"Yoru, Waylay, Neon",256,1.22,242.0,1.36,73,155.5,0.89,0.16,0.21,0.13,0.28,0.11,219,30,229,168,40,53,34,Liga Americas
Vct 2026 Americas Kickoff,valyn,G2,"Brimstone, Omen, Astra",255,1.18,229.9,1.27,79,145.3,0.81,0.35,0.09,0.04,0.27,0.16,532,25,206,162,88,22,9,Liga Americas
Vct 2026 Americas Kickoff,koalanoob,FUR,"Chamber, Jett, Omen",261,1.16,236.8,1.24,73,148.7,0.86,0.2,0.2,0.15,0.24,0.18,422,25,224,180,51,51,40,Liga Americas
Vct 2026 Americas Kickoff,neon,LEV,"Yoru, Chamber, Jett",127,1.14,211.5,1.26,75,135.3,0.76,0.14,0.22,0.09,0.25,0.27,311,20,97,77,18,28,12,Liga Americas
Vct 2026 Americas Kickoff,demon1,ENVY,"Chamber, Jett, Astra",168,1.13,232.9,1.23,73,156.1,0.85,0.15,0.13,0.13,0.37,0.06,118,37,142,115,25,22,21,Liga Americas
Vct 2026 Americas Kickoff,lukxo,LOUD,"Killjoy, Chamber, Viper",146,1.13,228.1,1.21,71,151.2,0.83,0.14,0.13,0.18,0.31,0.06,118,27,121,100,21,19,26,Liga Americas
Vct 2026 Americas Kickoff,babybay,G2,"Chamber, Viper, Yoru",255,1.1,214.8,1.21,72,141.0,0.78,0.22,0.15,0.11,0.19,0.12,325,26,200,165,57,38,28,Liga Americas
Vct 2026 Americas Kickoff,cryocells,100T,"Chamber, Viper, Veto",440,1.1,217.0,1.22,73,141.2,0.8,0.1,0.14,0.1,0.29,0.17,954,27,354,290,46,61,42,Liga Americas
Vct 2026 Americas Kickoff,bang,100T,"Viper, Astra, Omen",440,1.1,188.8,1.1,75,122.3,0.68,0.32,0.05,0.06,0.36,0.12,759,24,300,272,139,24,27,Liga Americas
Vct 2026 Americas Kickoff,inspire,ENVY,"Viper, Brimstone, Astra",256,1.09,200.0,1.11,69,136.3,0.71,0.22,0.08,0.09,0.33,0.12,652,27,183,165,56,21,22,Liga Americas
Vct 2026 Americas Kickoff,trent,G2,"Skye, Tejo, Fade",255,1.09,191.9,1.11,76,129.0,0.69,0.33,0.05,0.05,0.28,0.13,539,18,176,158,84,12,12,Liga Americas
Vct 2026 Americas Kickoff,verno,MIBR,"Sova, Fade",364,1.09,205.9,1.13,79,134.5,0.71,0.29,0.07,0.05,0.29,0.12,541,22,260,230,105,26,19,Liga Americas
Vct 2026 Americas Kickoff,brawk,NRG,"Sova, Tejo",319,1.09,195.5,1.08,71,131.0,0.67,0.27,0.07,0.06,0.21,0.16,637,23,215,199,86,22,18,Liga Americas
Vct 2026 Americas Kickoff,mada,NRG,"Waylay, Yoru, Neon",319,1.08,220.7,1.16,71,138.8,0.78,0.21,0.19,0.16,0.3,0.13,324,23,249,215,66,62,50,Liga Americas
Vct 2026 Americas Kickoff,v1c,C9,"Omen, Astra, Viper",350,1.08,196.6,1.1,77,127.3,0.7,0.34,0.08,0.08,0.27,0.25,1352,26,244,221,118,29,28,Liga Americas
Vct 2026 Americas Kickoff,keiko,NRG,"Killjoy, Neon, Omen",319,1.07,200.4,1.09,73,127.8,0.73,0.25,0.08,0.08,0.36,0.07,342,23,232,212,80,27,24,Liga Americas
Vct 2026 Americas Kickoff,skuba,NRG,"Astra, Viper, Killjoy",319,1.07,184.9,1.09,76,127.2,0.66,0.23,0.08,0.07,0.3,0.31,1239,19,212,195,74,25,21,Liga Americas
Vct 2026 Americas Kickoff,artzin,FUR,"Kayo, Astra, Omen",261,1.06,188.8,1.11,75,123.2,0.69,0.36,0.07,0.08,0.3,0.28,932,22,179,161,95,19,20,Liga Americas
Vct 2026 Americas Kickoff,oxy,C9,"Neon, Waylay, Veto",230,1.06,225.2,1.15,68,144.7,0.85,0.11,0.21,0.17,0.27,0.13,215,25,195,170,26,49,38,Liga Americas
Vct 2026 Americas Kickoff,eeiu,FUR,"Fade, Sova",261,1.05,177.5,1.1,74,117.6,0.65,0.28,0.05,0.05,0.26,0.12,433,17,169,154,72,12,14,Liga Americas
Vct 2026 Americas Kickoff,leaf,G2,"Viper, Fade, Breach",255,1.04,200.5,1.09,73,134.7,0.73,0.25,0.07,0.09,0.25,0.2,315,26,185,169,64,19,23,Liga Americas
Vct 2026 Americas Kickoff,xeppaa,C9,"Sova, Tejo, Skye",350,1.04,197.2,1.04,76,127.6,0.68,0.33,0.04,0.04,0.25,0.1,439,25,239,230,116,14,15,Liga Americas
Vct 2026 Americas Kickoff,supamen,EG,"Astra, Viper",256,1.04,190.5,1.0,73,124.2,0.64,0.34,0.09,0.05,0.37,0.04,125,25,164,164,87,23,13,Liga Americas
Vct 2026 Americas Kickoff,zekken,MIBR,"Astra, Omen, Yoru",364,1.03,204.1,1.01,75,131.1,0.69,0.32,0.14,0.11,0.27,0.18,951,20,252,250,118,50,41,Liga Americas
Vct 2026 Americas Kickoff,rossy,ENVY,"Omen, Viper, Astra",304,1.02,190.8,1.02,70,120.8,0.67,0.32,0.05,0.06,0.25,0.08,337,23,203,200,98,16,17,Liga Americas
Vct 2026 Americas Kickoff,pxs,LEV,"Viper, Chamber",104,1.01,172.6,0.98,67,116.8,0.62,0.19,0.09,0.06,0.23,0.14,322,18,64,65,20,9,6,Liga Americas
Vct 2026 Americas Kickoff,kingg,LEV,"Brimstone, Astra, Omen",231,1.01,189.2,1.03,68,120.5,0.68,0.25,0.06,0.08,0.33,0.13,432,24,158,153,57,14,18,Liga Americas
Vct 2026 Americas Kickoff,keznit,ENVY,"Iso, Waylay, Neon",304,1.01,215.8,1.04,72,138.5,0.75,0.2,0.14,0.14,0.27,0.17,424,27,228,219,60,44,43,Liga Americas
Vct 2026 Americas Kickoff,vora,100T,"Skye, Fade, Sova",440,0.99,193.9,0.95,74,125.1,0.65,0.34,0.07,0.07,0.29,0.08,340,20,288,303,148,30,30,Liga Americas
Vct 2026 Americas Kickoff,aspas,MIBR,"Jett, Waylay, Raze",364,0.98,196.2,1.11,70,130.7,0.72,0.12,0.13,0.13,0.26,0.07,342,24,263,238,45,48,49,Liga Americas
Vct 2026 Americas Kickoff,mazino,MIBR,"Kayo, Omen, Astra",364,0.97,197.1,0.96,69,129.5,0.69,0.34,0.07,0.09,0.27,0.07,229,23,251,262,125,26,33,Liga Americas
Vct 2026 Americas Kickoff,asuna,100T,"Brimstone, Kayo, Sage",440,0.97,171.5,0.89,76,107.1,0.58,0.49,0.05,0.08,0.22,0.06,348,19,255,285,216,23,34,Liga Americas
Vct 2026 Americas Kickoff,bao,EG,"Veto, Omen, Brimstone",256,0.96,188.5,0.93,71,132.5,0.66,0.28,0.07,0.1,0.28,0.14,321,30,168,180,71,17,26,Liga Americas
Vct 2026 Americas Kickoff,penny,C9,"Viper, Veto, Chamber",350,0.95,189.1,0.99,70,128.0,0.69,0.23,0.11,0.16,0.21,0.08,224,31,241,243,82,39,56,Liga Americas
Vct 2026 Americas Kickoff,nagz,KRÜ,"Killjoy, Chamber, Brimstone",164,0.95,157.5,0.83,66,111.5,0.56,0.24,0.05,0.1,0.27,0.19,526,16,92,111,39,9,16,Liga Americas
Vct 2026 Americas Kickoff,reduxx,SEN,"Yoru, Omen, Waylay",190,0.95,189.0,0.96,67,127.4,0.68,0.22,0.18,0.17,0.33,0.0,13,34,129,134,41,34,32,Liga Americas
Vct 2026 Americas Kickoff,mta,KRÜ,"Yoru, Kayo, Waylay",164,0.94,184.9,0.91,70,114.7,0.66,0.2,0.11,0.1,0.29,0.23,313,19,108,119,32,18,17,Liga Americas
Vct 2026 Americas Kickoff,blowz,LEV,"Fade, Tejo, Sova",231,0.93,175.5,0.94,71,114.8,0.61,0.22,0.03,0.05,0.26,0.08,224,18,142,151,51,8,12,Liga Americas
Vct 2026 Americas Kickoff,timotino,100T,"Waylay, Jett, Neon",440,0.93,218.7,0.95,67,145.3,0.75,0.22,0.19,0.19,0.28,0.17,529,29,329,345,95,85,84,Liga Americas
Vct 2026 Americas Kickoff,alym,FUR,"Neon, Yoru, Waylay",261,0.93,195.8,0.99,72,124.3,0.69,0.24,0.18,0.14,0.29,0.29,414,21,180,181,62,46,37,Liga Americas
Vct 2026 Americas Kickoff,nerve,FUR,"Astra, Viper, Tejo",261,0.93,168.3,0.92,73,114.8,0.59,0.32,0.04,0.04,0.21,0.12,326,18,153,167,83,11,11,Liga Americas
Vct 2026 Americas Kickoff,darker,LOUD,"Viper, Astra, Kayo",146,0.92,188.3,0.88,69,120.4,0.67,0.29,0.1,0.09,0.24,0.27,415,18,98,112,42,14,13,Liga Americas
Vct 2026 Americas Kickoff,sato,LEV,"Yoru, Waylay",231,0.9,190.4,0.96,67,130.8,0.69,0.21,0.13,0.2,0.31,0.17,318,24,159,166,48,31,47,Liga Americas
Vct 2026 Americas Kickoff,kyu,SEN,"Tejo, Skye, Breach",190,0.9,176.8,0.86,68,114.0,0.6,0.28,0.05,0.09,0.21,0.12,217,18,114,132,53,10,17,Liga Americas
Vct 2026 Americas Kickoff,c0m,EG,"Sova, Fade",256,0.9,164.6,0.84,70,110.0,0.55,0.29,0.06,0.08,0.21,0.08,448,18,141,167,73,16,20,Liga Americas
Vct 2026 Americas Kickoff,ethan,NRG,"Tejo, Astra, Skye",319,0.89,174.4,0.83,71,115.1,0.58,0.35,0.11,0.11,0.24,0.17,424,17,184,222,111,34,36,Liga Americas
Vct 2026 Americas Kickoff,beng,KRÜ,"Astra, Viper, Omen",164,0.89,163.8,0.78,66,103.5,0.57,0.27,0.07,0.06,0.32,0.1,439,18,93,120,44,12,10,Liga Americas
Vct 2026 Americas Kickoff,okeanos,EG,"Breach, Yoru, Omen",256,0.88,174.4,0.92,67,111.5,0.64,0.27,0.09,0.11,0.34,0.2,315,24,163,177,69,23,29,Liga Americas
Vct 2026 Americas Kickoff,pancada,LOUD,"Omen, Harbor, Astra",146,0.87,157.3,0.78,76,110.8,0.53,0.32,0.05,0.03,0.3,0.1,331,16,78,100,46,8,5,Liga Americas
Vct 2026 Americas Kickoff,infiltrator,KRÜ,"Neon, Jett, Yoru",164,0.86,205.8,0.84,68,133.4,0.7,0.21,0.14,0.19,0.27,0.13,18,25,115,137,35,23,31,Liga Americas
Vct 2026 Americas Kickoff,cortezia,SEN,"Viper, Astra, Killjoy",190,0.85,175.6,0.85,67,126.2,0.59,0.2,0.07,0.08,0.31,0.11,328,20,112,132,38,14,15,Liga Americas
Vct 2026 Americas Kickoff,eggsterr,ENVY,Yoru,304,0.85,180.8,0.88,69,115.5,0.64,0.23,0.11,0.14,0.27,0.13,324,28,195,221,69,33,42,Liga Americas
Vct 2026 Americas Kickoff,jawgemo,G2,"Waylay, Yoru, Jett",255,0.85,196.3,0.85,71,127.5,0.65,0.3,0.18,0.18,0.2,0.14,214,23,166,195,77,46,46,Liga Americas
Vct 2026 Americas Kickoff,p0ppin,ENVY,"Sova, Fade, Skye",304,0.83,178.4,0.84,70,114.6,0.62,0.27,0.11,0.09,0.29,0.0,19,31,188,224,82,33,26,Liga Americas
Vct 2026 Americas Kickoff,zellsis,C9,"Killjoy, Breach, Kayo",350,0.83,150.0,0.71,72,93.3,0.49,0.49,0.05,0.08,0.18,0.08,448,18,171,240,170,19,27,Liga Americas
Vct 2026 Americas Kickoff,tex,MIBR,"Cypher, Viper, Astra",364,0.82,165.2,0.84,69,108.4,0.6,0.21,0.09,0.11,0.3,0.08,336,21,218,259,76,31,41,Liga Americas
Vct 2026 Americas Kickoff,spike,LEV,"Waylay, Kayo, Viper",231,0.81,172.5,0.79,69,112.8,0.59,0.31,0.1,0.1,0.26,0.11,218,22,136,172,72,24,22,Liga Americas
Vct 2026 Americas Kickoff,n4rrate,SEN,"Waylay, Neon, Chamber",190,0.8,187.1,0.79,69,124.3,0.62,0.23,0.14,0.14,0.22,0.0,11,21,118,149,43,26,27,Liga Americas
Vct 2026 Americas Kickoff,cauanzin,LOUD,"Sova, Fade",146,0.79,162.6,0.77,71,109.8,0.58,0.27,0.05,0.11,0.24,0.0,14,18,85,110,39,7,16,Liga Americas
Vct 2026 Americas Kickoff,virtyy,LOUD,"Yoru, Jett, Neon",146,0.75,171.3,0.82,64,107.7,0.64,0.16,0.09,0.17,0.21,0.15,213,23,94,114,24,13,25,Liga Americas
Vct 2026 Americas Kickoff,governor,KRÜ,"Fade, Sova, Skye",164,0.71,148.3,0.65,63,100.6,0.51,0.28,0.05,0.12,0.24,0.1,220,15,84,130,46,8,20,Liga Americas
Vct 2025 Americas Stage 2,oxy,C9,"Jett, Raze, Neon",442,1.17,254.6,1.25,76,160.0,0.91,0.17,0.19,0.16,0.27,0.2,630,27,404,324,75,85,70,Liga Americas
Vct 2025 Americas Stage 2,valyn,G2,"Omen, Brimstone",452,1.14,213.7,1.23,76,135.6,0.79,0.39,0.08,0.07,0.27,0.18,528,26,357,290,175,37,31,Liga Americas
Vct 2025 Americas Stage 2,n4rrate,SEN,"Fade, Sova, Yoru",426,1.14,225.2,1.17,76,144.0,0.78,0.33,0.14,0.08,0.26,0.17,424,27,332,283,141,58,36,Liga Americas
Vct 2025 Americas Stage 2,cryocells,100T,"Yoru, Chamber, Jett",372,1.14,221.0,1.23,78,145.9,0.83,0.21,0.15,0.09,0.3,0.18,740,35,310,252,79,56,33,Liga Americas
Vct 2025 Americas Stage 2,jonahp,G2,"Viper, Vyse, Fade",452,1.13,206.4,1.2,77,129.3,0.74,0.33,0.1,0.08,0.23,0.27,1555,23,333,278,150,46,34,Liga Americas
Vct 2025 Americas Stage 2,brawk,NRG,"Fade, Sova, Vyse",568,1.13,213.7,1.15,74,139.2,0.72,0.32,0.07,0.04,0.19,0.1,880,25,411,356,179,41,22,Liga Americas
Vct 2025 Americas Stage 2,sato,LEV,"Yoru, Jett, Raze",463,1.12,254.0,1.2,71,163.7,0.9,0.17,0.19,0.18,0.33,0.13,215,35,418,349,79,86,85,Liga Americas
Vct 2025 Americas Stage 2,aspas,MIBR,"Raze, Jett, Yoru",242,1.12,227.4,1.22,74,147.3,0.8,0.16,0.19,0.09,0.26,0.17,423,24,194,159,39,46,21,Liga Americas
Vct 2025 Americas Stage 2,keznit,KRÜ,"Omen, Yoru, Iso",334,1.12,234.1,1.15,72,151.3,0.8,0.28,0.12,0.12,0.23,0.16,531,22,268,234,93,41,41,Liga Americas
Vct 2025 Americas Stage 2,johnqt,SEN,"Viper, Cypher, Sage",426,1.11,184.2,1.18,80,119.8,0.65,0.4,0.06,0.03,0.25,0.1,768,20,276,234,171,25,14,Liga Americas
Vct 2025 Americas Stage 2,zekken,SEN,"Neon, Yoru, Raze",426,1.09,234.0,1.18,71,148.9,0.83,0.18,0.22,0.18,0.24,0.18,422,27,355,300,76,94,75,Liga Americas
Vct 2025 Americas Stage 2,trent,G2,"Sova, Tejo, Fade",452,1.08,192.1,1.14,75,126.1,0.69,0.33,0.07,0.07,0.26,0.19,1054,21,310,273,147,30,31,Liga Americas
Vct 2025 Americas Stage 2,kingg,LEV,"Viper, Omen, Vyse",463,1.08,194.4,1.04,73,126.4,0.67,0.33,0.08,0.07,0.27,0.17,1164,25,308,297,154,35,33,Liga Americas
Vct 2025 Americas Stage 2,leaf,G2,"Deadlock, Chamber, Viper",111,1.07,211.4,1.11,66,139.5,0.75,0.2,0.14,0.11,0.26,0.23,313,20,83,75,22,16,12,Liga Americas
Vct 2025 Americas Stage 2,skuba,NRG,"Viper, Killjoy, Omen",568,1.07,189.8,1.14,75,126.7,0.7,0.28,0.06,0.07,0.25,0.14,1391,26,397,347,161,35,41,Liga Americas
Vct 2025 Americas Stage 2,derrek,EG,"Sova, Chamber, Tejo",289,1.07,210.1,1.0,70,147.9,0.73,0.29,0.07,0.04,0.31,0.08,450,30,210,209,84,20,13,Liga Americas
Vct 2025 Americas Stage 2,silentzz,2G,"Cypher, Jett, Iso",252,1.07,198.5,1.14,69,134.6,0.75,0.14,0.12,0.1,0.37,0.09,334,26,189,166,36,29,26,Liga Americas
Vct 2025 Americas Stage 2,eeiu,100T,"Fade, Sova",372,1.06,194.4,1.11,74,127.9,0.72,0.28,0.06,0.07,0.31,0.06,347,26,266,239,103,24,26,Liga Americas
Vct 2025 Americas Stage 2,cortezia,MIBR,"Vyse, Killjoy, Cypher",242,1.06,202.7,1.11,69,138.9,0.75,0.2,0.07,0.09,0.33,0.21,734,28,182,164,49,16,21,Liga Americas
Vct 2025 Americas Stage 2,v1c,C9,"Omen, Brimstone, Iso",442,1.06,199.9,1.08,78,129.4,0.71,0.38,0.09,0.07,0.3,0.16,743,22,315,292,169,40,32,Liga Americas
Vct 2025 Americas Stage 2,jawgemo,G2,"Yoru, Neon, Waylay",452,1.05,227.5,1.14,74,142.2,0.81,0.24,0.16,0.13,0.23,0.16,425,25,364,318,109,72,59,Liga Americas
Vct 2025 Americas Stage 2,bang,SEN,"Omen, Viper",426,1.05,194.6,1.09,76,118.8,0.68,0.38,0.08,0.08,0.29,0.14,535,20,289,265,160,32,33,Liga Americas
Vct 2025 Americas Stage 2,s0m,NRG,"Brimstone, Deadlock, Viper",568,1.04,197.0,1.03,74,128.5,0.69,0.4,0.09,0.11,0.26,0.23,1147,22,393,380,229,50,61,Liga Americas
Vct 2025 Americas Stage 2,mada,NRG,"Raze, Neon, Waylay",568,1.04,222.9,1.11,70,142.0,0.78,0.17,0.22,0.2,0.26,0.12,217,26,442,400,97,124,111,Liga Americas
Vct 2025 Americas Stage 2,lukxo,LOUD,"Viper, Cypher, Omen",276,1.03,211.4,1.06,68,139.5,0.76,0.18,0.14,0.08,0.34,0.08,339,28,209,198,49,40,23,Liga Americas
Vct 2025 Americas Stage 2,babybay,G2,"Vyse, Chamber, Viper",341,1.02,197.5,1.09,76,128.7,0.69,0.25,0.13,0.11,0.22,0.15,640,23,234,215,84,45,39,Liga Americas
Vct 2025 Americas Stage 2,okeanos,LEV,"Brimstone, Kayo, Harbor",463,1.02,200.8,1.02,75,132.7,0.71,0.38,0.09,0.09,0.33,0.11,544,30,331,326,176,42,41,Liga Americas
Vct 2025 Americas Stage 2,ethan,NRG,"Kayo, Omen, Fade",568,1.02,195.0,0.96,75,124.1,0.65,0.45,0.07,0.07,0.23,0.13,648,23,367,384,257,41,42,Liga Americas
Vct 2025 Americas Stage 2,asuna,100T,"Raze, Neon, Yoru",372,1.01,207.3,1.0,74,135.4,0.68,0.29,0.13,0.15,0.21,0.18,528,24,253,253,107,48,54,Liga Americas
Vct 2025 Americas Stage 2,virtyy,LOUD,"Raze, Jett, Neon",276,1.01,214.0,1.03,68,133.2,0.74,0.18,0.19,0.22,0.25,0.09,222,25,203,198,49,53,60,Liga Americas
Vct 2025 Americas Stage 2,zellsis,SEN,"Vyse, Deadlock, Breach",426,1.01,190.0,1.04,75,122.4,0.66,0.34,0.07,0.07,0.22,0.15,853,18,281,271,145,28,31,Liga Americas
Vct 2025 Americas Stage 2,spike,2G,"Neon, Kayo, Yoru",252,0.99,232.5,1.03,66,149.2,0.8,0.27,0.19,0.2,0.25,0.19,316,27,202,196,69,49,50,Liga Americas
Vct 2025 Americas Stage 2,xeppaa,C9,"Killjoy, Vyse",442,0.98,200.7,0.99,76,132.4,0.69,0.28,0.07,0.06,0.23,0.16,957,22,306,308,123,33,26,Liga Americas
Vct 2025 Americas Stage 2,shyy,KRÜ,"Vyse, Cypher, Viper",334,0.97,182.9,0.96,71,123.6,0.64,0.23,0.07,0.07,0.3,0.12,651,23,214,222,76,23,23,Liga Americas
Vct 2025 Americas Stage 2,c0m,LEV,"Fade, Sova",463,0.96,170.5,0.93,72,117.9,0.59,0.29,0.06,0.06,0.27,0.14,1069,22,271,290,135,26,26,Liga Americas
Vct 2025 Americas Stage 2,zander,100T,"Viper, Omen",372,0.96,198.4,0.98,72,128.2,0.69,0.32,0.11,0.1,0.26,0.14,535,23,256,261,120,42,36,Liga Americas
Vct 2025 Americas Stage 2,mazino,KRÜ,"Viper, Sova, Fade",334,0.96,191.1,0.94,70,126.9,0.65,0.31,0.07,0.08,0.24,0.16,744,22,216,230,104,25,27,Liga Americas
Vct 2025 Americas Stage 2,yay,EG,"Jett, Clove, Chamber",289,0.95,217.7,0.98,64,142.2,0.77,0.19,0.17,0.21,0.29,0.09,223,29,223,228,56,48,60,Liga Americas
Vct 2025 Americas Stage 2,xenom,MIBR,"Astra, Omen, Viper",242,0.94,168.5,0.92,74,110.9,0.6,0.34,0.07,0.04,0.35,0.13,431,20,145,157,82,17,9,Liga Americas
Vct 2025 Americas Stage 2,melser,KRÜ,"Fade, Omen, Brimstone",334,0.93,159.2,0.9,73,104.4,0.59,0.36,0.06,0.08,0.26,0.09,447,20,196,218,119,19,28,Liga Americas
Vct 2025 Americas Stage 2,mitch,C9,"Skye, Fade, Sova",442,0.93,175.4,0.87,74,115.5,0.57,0.4,0.06,0.11,0.19,0.2,946,18,252,291,178,25,49,Liga Americas
Vct 2025 Americas Stage 2,cauanzin,LOUD,"Gekko, Kayo, Sova",276,0.92,193.8,0.91,70,125.7,0.67,0.31,0.09,0.07,0.25,0.1,220,21,185,204,86,24,20,Liga Americas
Vct 2025 Americas Stage 2,pryze,2G,"Sova, Fade",252,0.91,178.6,0.8,65,124.0,0.6,0.29,0.05,0.05,0.22,0.12,433,20,152,189,74,13,12,Liga Americas
Vct 2025 Americas Stage 2,kess,100T,"Brimstone, Cypher, Fade",372,0.9,173.1,0.88,70,112.9,0.6,0.29,0.07,0.07,0.28,0.15,852,23,224,256,107,27,26,Liga Americas
Vct 2025 Americas Stage 2,net,C9,"Viper, Deadlock",442,0.9,164.1,0.91,72,108.1,0.59,0.25,0.07,0.11,0.31,0.21,1256,22,261,288,112,33,49,Liga Americas
Vct 2025 Americas Stage 2,nature,EG,"Kayo, Fade, Breach",289,0.89,180.3,0.8,74,113.4,0.58,0.45,0.05,0.07,0.21,0.13,430,18,169,212,130,14,21,Liga Americas
Vct 2025 Americas Stage 2,pancada,LOUD,"Brimstone, Omen, Viper",276,0.89,164.1,0.81,66,111.9,0.56,0.34,0.04,0.05,0.38,0.13,648,28,155,192,95,12,14,Liga Americas
Vct 2025 Americas Stage 2,dantedeu5,KRÜ,"Neon, Jett, Yoru",334,0.87,187.8,0.87,68,122.3,0.64,0.26,0.13,0.19,0.25,0.13,215,24,214,247,86,45,62,Liga Americas
Vct 2025 Americas Stage 2,heat,FUR,"Viper, Cypher, Chamber",196,0.87,185.1,0.77,63,123.5,0.62,0.19,0.08,0.1,0.3,0.06,347,18,121,158,37,16,20,Liga Americas
Vct 2025 Americas Stage 2,lz,2G,"Omen, Brimstone",252,0.86,160.9,0.79,70,103.0,0.56,0.42,0.08,0.1,0.4,0.16,532,19,140,177,106,21,26,Liga Americas
Vct 2025 Americas Stage 2,adverso,FUR,"Sova, Deadlock, Fade",196,0.85,188.3,0.76,67,125.4,0.64,0.24,0.06,0.08,0.2,0.17,635,21,125,164,47,12,16,Liga Americas
Vct 2025 Americas Stage 2,icy,EG,"Cypher, Raze, Neon",289,0.85,167.5,0.82,65,112.4,0.6,0.19,0.09,0.14,0.28,0.11,328,22,173,211,54,27,40,Liga Americas
Vct 2025 Americas Stage 2,tex,LEV,"Gekko, Cypher, Killjoy",463,0.83,162.1,0.85,69,107.5,0.59,0.17,0.09,0.1,0.32,0.12,651,21,273,321,80,42,47,Liga Americas
Vct 2025 Americas Stage 2,supamen,EG,"Omen, Viper",289,0.83,154.5,0.78,65,102.1,0.56,0.27,0.07,0.09,0.35,0.14,643,21,161,207,79,20,26,Liga Americas
Vct 2025 Americas Stage 2,artzin,MIBR,"Yoru, Kayo, Iso",242,0.8,179.8,0.85,66,119.1,0.63,0.21,0.11,0.2,0.22,0.15,320,22,153,180,51,26,49,Liga Americas
Vct 2025 Americas Stage 2,gobera,2G,"Breach, Cypher, Viper",252,0.78,156.7,0.72,63,101.4,0.53,0.31,0.05,0.06,0.27,0.28,1036,21,133,185,79,12,14,Liga Americas
Vct 2025 Americas Stage 2,robbiebk,LOUD,"Skye, Sova, Killjoy",276,0.78,149.0,0.73,63,103.3,0.51,0.24,0.04,0.07,0.35,0.17,529,17,142,194,65,10,20,Liga Americas
Vct 2025 Americas Stage 2,palla,FUR,"Neon, Raze, Waylay",196,0.77,199.0,0.75,60,130.5,0.66,0.18,0.15,0.22,0.3,0.0,10,24,130,174,35,30,44,Liga Americas
Vct 2025 Americas Stage 2,tuyz,FUR,"Omen, Brimstone",196,0.72,135.7,0.61,67,93.5,0.47,0.36,0.05,0.08,0.28,0.13,431,17,93,152,71,10,16,Liga Americas
Vct 2025 Americas Stage 2,verno,MIBR,"Fade, Sova, Skye",242,0.72,140.5,0.64,69,96.1,0.45,0.3,0.06,0.09,0.27,0.13,323,15,110,171,73,15,22,Liga Americas
Vct 2025 Americas Stage 2,urango,FUR,"Killjoy, Skye, Sage",196,0.59,139.9,0.55,63,94.4,0.47,0.26,0.03,0.14,0.31,0.13,324,14,93,168,50,5,27,Liga Americas
Vct 2025 Americas Stage 1,trent,G2,Tejo,663,1.24,212.6,1.29,79,145.8,0.76,0.33,0.07,0.06,0.26,0.27,28102,28,505,391,222,49,38,Liga Americas
Vct 2025 Americas Stage 1,lukxo,LOUD,"Cypher, Killjoy, Viper",203,1.23,270.4,1.34,67,172.8,0.96,0.23,0.17,0.09,0.31,0.31,516,27,195,145,46,35,18,Liga Americas
Vct 2025 Americas Stage 1,cryocells,100T,"Yoru, Iso, Sage",408,1.23,235.4,1.31,74,157.9,0.89,0.23,0.11,0.1,0.27,0.15,747,30,363,277,94,45,42,Liga Americas
Vct 2025 Americas Stage 1,aspas,MIBR,"Jett, Waylay, Neon",500,1.19,241.4,1.35,74,152.3,0.87,0.14,0.19,0.15,0.27,0.29,1241,30,436,323,69,97,74,Liga Americas
Vct 2025 Americas Stage 1,verno,MIBR,"Tejo, Sova",500,1.18,201.0,1.26,77,136.7,0.71,0.29,0.05,0.05,0.25,0.22,1673,22,355,281,146,26,24,Liga Americas
Vct 2025 Americas Stage 1,johnqt,SEN,"Tejo, Sova, Viper",475,1.15,191.0,1.19,78,128.1,0.69,0.42,0.04,0.05,0.25,0.08,676,22,327,275,199,21,22,Liga Americas
Vct 2025 Americas Stage 1,zekken,SEN,"Yoru, Raze, Jett",475,1.15,243.1,1.23,73,150.9,0.86,0.24,0.2,0.17,0.28,0.24,834,26,409,332,113,97,81,Liga Americas
Vct 2025 Americas Stage 1,v1c,C9,"Omen, Brimstone, Astra",367,1.15,203.4,1.14,77,129.9,0.73,0.43,0.08,0.08,0.34,0.16,1064,27,267,234,158,28,30,Liga Americas
Vct 2025 Americas Stage 1,pancada,LOUD,"Brimstone, Omen, Astra",307,1.15,214.9,1.14,75,147.9,0.77,0.35,0.09,0.07,0.32,0.08,453,34,235,207,107,28,20,Liga Americas
Vct 2025 Americas Stage 1,leaf,G2,"Viper, Vyse, Cypher",663,1.14,236.0,1.19,74,153.6,0.83,0.29,0.13,0.1,0.23,0.11,766,29,547,460,195,88,65,Liga Americas
Vct 2025 Americas Stage 1,bang,SEN,"Astra, Omen, Viper",475,1.13,212.7,1.18,76,131.9,0.76,0.4,0.11,0.08,0.35,0.29,1034,22,359,305,189,50,39,Liga Americas
Vct 2025 Americas Stage 1,mada,NRG,"Neon, Raze, Jett",275,1.11,239.6,1.11,69,159.6,0.82,0.22,0.23,0.2,0.25,0.05,120,26,225,202,61,64,54,Liga Americas
Vct 2025 Americas Stage 1,keznit,KRÜ,"Raze, Yoru, Jett",323,1.11,238.9,1.12,71,153.4,0.84,0.25,0.24,0.15,0.23,0.19,527,25,271,242,80,76,50,Liga Americas
Vct 2025 Americas Stage 1,shyy,KRÜ,"Vyse, Cypher, Viper",323,1.1,190.3,1.2,72,130.2,0.73,0.19,0.07,0.06,0.25,0.15,748,26,236,197,62,23,19,Liga Americas
Vct 2025 Americas Stage 1,s0m,NRG,"Omen, Brimstone, Astra",275,1.09,202.8,1.08,80,136.3,0.72,0.45,0.08,0.09,0.3,0.11,435,25,199,184,125,21,24,Liga Americas
Vct 2025 Americas Stage 1,eeiu,100T,"Fade, Sova, Tejo",408,1.08,189.8,1.03,76,128.0,0.67,0.27,0.03,0.05,0.3,0.15,1282,23,273,264,110,14,19,Liga Americas
Vct 2025 Americas Stage 1,zap,2G,Sova,45,1.07,205.0,1.1,71,135.3,0.76,0.2,0.04,0.02,0.22,0.22,29,17,34,31,9,2,1,Liga Americas
Vct 2025 Americas Stage 1,ethan,NRG,"Breach, Yoru, Kayo",275,1.07,200.4,1.01,77,128.3,0.69,0.37,0.08,0.07,0.22,0.17,318,24,191,189,103,23,18,Liga Americas
Vct 2025 Americas Stage 1,n4rrate,SEN,"Fade, Iso, Breach",475,1.07,205.4,1.03,76,137.2,0.69,0.43,0.08,0.07,0.23,0.14,642,25,327,316,204,40,32,Liga Americas
Vct 2025 Americas Stage 1,xeppaa,C9,"Tejo, Yoru, Vyse",367,1.07,206.4,1.09,73,136.8,0.72,0.26,0.08,0.07,0.27,0.26,1143,22,265,243,96,29,26,Liga Americas
Vct 2025 Americas Stage 1,demon1,LEV,"Omen, Viper, Astra",229,1.05,209.2,1.06,72,139.4,0.76,0.29,0.12,0.11,0.38,0.11,436,22,175,165,66,27,25,Liga Americas
Vct 2025 Americas Stage 1,valyn,G2,"Omen, Astra, Brimstone",663,1.05,200.9,1.08,76,128.4,0.74,0.35,0.08,0.09,0.24,0.17,1165,24,488,450,230,53,59,Liga Americas
Vct 2025 Americas Stage 1,mazino,KRÜ,"Breach, Harbor, Deadlock",323,1.05,212.8,1.01,77,138.9,0.75,0.35,0.08,0.09,0.27,0.12,433,23,243,241,114,25,28,Liga Americas
Vct 2025 Americas Stage 1,jawgemo,G2,"Yoru, Waylay, Gekko",663,1.04,221.8,1.09,72,138.8,0.78,0.23,0.17,0.15,0.23,0.15,641,27,514,471,150,116,102,Liga Americas
Vct 2025 Americas Stage 1,yay,EG,"Cypher, Clove, Killjoy",401,1.02,224.2,1.04,68,147.3,0.82,0.16,0.18,0.13,0.34,0.15,640,27,327,314,64,71,53,Liga Americas
Vct 2025 Americas Stage 1,mitch,C9,"Breach, Sova, Harbor",367,1.01,188.4,0.95,74,127.5,0.66,0.41,0.06,0.08,0.22,0.3,1240,25,242,255,152,21,28,Liga Americas
Vct 2025 Americas Stage 1,zander,100T,"Astra, Omen, Brimstone",408,1.0,185.1,0.93,76,121.1,0.64,0.44,0.09,0.1,0.23,0.17,741,28,262,283,179,37,39,Liga Americas
Vct 2025 Americas Stage 1,supamen,EG,"Omen, Viper, Brimstone",401,1.0,196.3,1.0,69,127.9,0.7,0.28,0.06,0.08,0.37,0.18,1265,23,280,281,114,25,32,Liga Americas
Vct 2025 Americas Stage 1,brawk,NRG,"Tejo, Sova, Gekko",275,0.99,185.0,0.98,75,126.7,0.67,0.31,0.04,0.07,0.19,0.06,235,19,183,186,84,12,18,Liga Americas
Vct 2025 Americas Stage 1,oxy,C9,"Raze, Neon, Jett",367,0.99,236.4,1.01,71,150.8,0.82,0.19,0.21,0.19,0.27,0.21,314,27,300,297,69,78,70,Liga Americas
Vct 2025 Americas Stage 1,xenom,MIBR,"Astra, Viper, Omen",500,0.99,183.1,1.07,73,119.6,0.68,0.31,0.06,0.09,0.32,0.16,1061,22,340,319,155,31,43,Liga Americas
Vct 2025 Americas Stage 1,icy,EG,"Waylay, Raze, Jett",401,0.99,220.3,1.03,72,146.6,0.79,0.16,0.16,0.17,0.26,0.23,940,28,316,308,63,64,67,Liga Americas
Vct 2025 Americas Stage 1,cortezia,MIBR,"Cypher, Killjoy, Vyse",500,0.98,196.4,1.05,71,129.2,0.72,0.23,0.1,0.09,0.35,0.14,643,22,359,343,113,49,43,Liga Americas
Vct 2025 Americas Stage 1,derrek,EG,"Sova, Tejo",401,0.98,182.6,0.95,73,128.6,0.64,0.26,0.04,0.05,0.3,0.17,1059,22,256,269,103,17,20,Liga Americas
Vct 2025 Americas Stage 1,melser,KRÜ,"Brimstone, Omen, Viper",323,0.96,177.9,0.89,76,117.9,0.62,0.36,0.08,0.09,0.25,0.11,544,18,199,223,117,27,29,Liga Americas
Vct 2025 Americas Stage 1,dgzin,LOUD,"Neon, Jett, Raze",307,0.95,215.1,1.0,68,136.0,0.75,0.19,0.19,0.17,0.3,0.05,119,32,230,230,59,59,52,Liga Americas
Vct 2025 Americas Stage 1,tex,LEV,"Viper, Killjoy, Cypher",229,0.95,198.5,0.98,70,132.1,0.69,0.18,0.11,0.1,0.38,0.13,431,23,159,163,41,26,24,Liga Americas
Vct 2025 Americas Stage 1,lz,2G,"Omen, Astra, Viper",234,0.94,193.4,0.96,75,120.4,0.71,0.38,0.09,0.11,0.4,0.25,832,25,165,171,90,21,25,Liga Americas
Vct 2025 Americas Stage 1,c0m,LEV,"Tejo, Sova, Fade",229,0.93,170.4,0.86,76,117.9,0.59,0.28,0.04,0.05,0.25,0.16,531,21,135,157,65,10,11,Liga Americas
Vct 2025 Americas Stage 1,askia,2G,"Yoru, Raze, Jett",234,0.92,194.0,0.94,65,134.0,0.69,0.15,0.15,0.16,0.32,0.17,424,20,161,171,35,35,37,Liga Americas
Vct 2025 Americas Stage 1,jonahp,G2,"Breach, Kayo, Fade",663,0.92,162.3,0.82,75,103.3,0.54,0.52,0.07,0.07,0.19,0.11,875,19,359,440,345,45,48,Liga Americas
Vct 2025 Americas Stage 1,asuna,100T,"Neon, Raze, Gekko",408,0.92,201.7,0.87,71,135.2,0.68,0.29,0.17,0.18,0.24,0.23,522,21,278,318,119,69,74,Liga Americas
Vct 2025 Americas Stage 1,nature,EG,"Breach, Fade, Vyse",401,0.91,182.0,0.86,73,118.1,0.62,0.41,0.05,0.07,0.23,0.28,1139,20,250,292,166,22,30,Liga Americas
Vct 2025 Americas Stage 1,cauanzin,LOUD,"Tejo, Sova, Fade",307,0.9,178.3,0.87,68,122.2,0.6,0.23,0.06,0.11,0.23,0.22,523,18,184,212,71,17,35,Liga Americas
Vct 2025 Americas Stage 1,kingg,LEV,"Yoru, Waylay, Omen",229,0.89,189.1,0.89,69,123.0,0.65,0.24,0.14,0.17,0.28,0.16,319,22,148,167,56,31,38,Liga Americas
Vct 2025 Americas Stage 1,pryze,FUR,"Fade, Sova, Tejo",236,0.89,168.3,0.83,67,114.6,0.59,0.22,0.03,0.07,0.27,0.23,940,23,140,168,52,7,16,Liga Americas
Vct 2025 Americas Stage 1,tuyz,LOUD,"Cypher, Viper, Vyse",243,0.88,161.1,0.85,71,110.7,0.56,0.35,0.05,0.05,0.3,0.12,650,16,137,162,85,11,13,Liga Americas
Vct 2025 Americas Stage 1,adverso,KRÜ,"Tejo, Sova",323,0.88,166.8,0.82,70,116.8,0.56,0.26,0.06,0.08,0.2,0.19,526,18,181,220,85,19,27,Liga Americas
Vct 2025 Americas Stage 1,rossy,LEV,"Breach, Tejo, Deadlock",229,0.87,174.6,0.83,71,115.1,0.62,0.37,0.06,0.1,0.29,0.14,322,19,143,173,85,13,23,Liga Americas
Vct 2025 Americas Stage 1,khalil,FUR,"Omen, Astra, Brimstone",236,0.87,175.8,0.84,68,116.4,0.62,0.21,0.06,0.1,0.27,0.14,535,23,147,176,50,15,24,Liga Americas
Vct 2025 Americas Stage 1,zellsis,SEN,"Vyse, Cypher, Viper",475,0.87,173.3,0.87,67,114.5,0.59,0.26,0.08,0.11,0.24,0.15,748,21,281,322,122,40,54,Liga Americas
Vct 2025 Americas Stage 1,gobera,2G,"Cypher, Tejo",234,0.86,177.7,0.86,66,126.0,0.62,0.18,0.07,0.1,0.28,0.03,136,21,146,170,43,17,23,Liga Americas
Vct 2025 Americas Stage 1,net,C9,"Deadlock, Cypher, Viper",367,0.85,169.6,0.88,70,107.3,0.61,0.19,0.08,0.08,0.29,0.1,441,23,223,252,68,28,28,Liga Americas
Vct 2025 Americas Stage 1,pxs,2G,"Breach, Fade, Kayo",189,0.81,164.4,0.75,75,105.9,0.56,0.4,0.08,0.11,0.28,0.24,729,16,106,141,76,15,21,Liga Americas
Vct 2025 Americas Stage 1,silentzz,2G,"Iso, Vyse, Killjoy",234,0.81,188.5,0.82,66,127.2,0.65,0.17,0.07,0.09,0.37,0.09,223,21,152,185,39,17,20,Liga Americas
Vct 2025 Americas Stage 1,artzin,MIBR,"Breach, Harbor, Kayo",500,0.8,182.5,0.78,69,118.6,0.6,0.39,0.1,0.12,0.23,0.13,432,22,299,383,197,52,61,Liga Americas
Vct 2025 Americas Stage 1,heat,FUR,"Clove, Vyse, Cypher",236,0.8,166.4,0.81,61,116.2,0.62,0.16,0.06,0.08,0.41,0.12,543,23,146,180,38,15,19,Liga Americas
Vct 2025 Americas Stage 1,finesse,NRG,"Vyse, Cypher, Killjoy",275,0.77,150.7,0.69,67,104.4,0.49,0.28,0.07,0.09,0.19,0.08,449,15,135,196,78,18,24,Liga Americas
Vct 2025 Americas Stage 1,boostio,100T,"Vyse, Cypher, Breach",408,0.75,152.4,0.68,65,103.7,0.52,0.27,0.08,0.09,0.3,0.05,241,24,211,309,111,31,38,Liga Americas
Vct 2025 Americas Stage 1,havoc,FUR,"Neon, Yoru, Raze",236,0.73,184.6,0.78,60,121.2,0.66,0.14,0.23,0.22,0.33,0.0,11,24,156,200,32,54,51,Liga Americas
Vct 2025 Americas Stage 1,raafa,FUR,"Breach, Kayo, Tejo",236,0.66,136.0,0.6,66,91.0,0.45,0.36,0.04,0.11,0.2,0.08,226,18,106,178,86,9,26,Liga Americas
Vct 2025 Americas Stage 1,v1nny,LOUD,"Breach, Kayo, Tejo",168,0.65,129.3,0.57,72,85.8,0.44,0.45,0.02,0.09,0.28,0.07,115,15,74,130,76,4,15,Liga Americas
Vct 2025 Americas Kickoff,penny,FUR,"Jett, Raze",38,1.37,266.0,1.68,82,165.9,0.97,0.21,0.18,0.11,0.24,0.25,14,22,37,22,8,7,4,Liga Americas
Vct 2025 Americas Kickoff,mada,NRG,"Raze, Jett, Yoru",183,1.29,277.3,1.37,75,173.6,0.97,0.19,0.2,0.21,0.22,0.26,519,30,178,130,35,37,39,Liga Americas
Vct 2025 Americas Kickoff,bdog,FUR,Breach,38,1.28,212.5,1.33,79,125.5,0.74,0.55,0.05,0.0,0.35,0.0,8,16,28,21,21,2,0,Liga Americas
Vct 2025 Americas Kickoff,aspas,MIBR,"Raze, Jett",373,1.26,248.8,1.38,77,163.4,0.89,0.13,0.2,0.12,0.23,0.07,342,37,332,241,48,73,45,Liga Americas
Vct 2025 Americas Kickoff,trent,G2,"Tejo, Sova",221,1.26,217.2,1.42,75,150.7,0.81,0.21,0.1,0.07,0.28,0.26,727,23,179,126,47,21,16,Liga Americas
Vct 2025 Americas Kickoff,shyy,KRÜ,"Cypher, Viper, Vyse",246,1.2,213.1,1.22,77,141.9,0.76,0.23,0.08,0.04,0.28,0.24,938,25,188,154,56,19,9,Liga Americas
Vct 2025 Americas Kickoff,leaf,G2,"Viper, Chamber, Vyse",221,1.19,230.0,1.27,71,151.6,0.84,0.2,0.15,0.09,0.27,0.22,732,24,186,146,44,34,19,Liga Americas
Vct 2025 Americas Kickoff,dgzin,LOUD,"Raze, Jett",204,1.19,238.9,1.35,70,156.1,0.86,0.12,0.21,0.12,0.26,0.13,216,28,175,130,25,42,24,Liga Americas
Vct 2025 Americas Kickoff,jakee,FUR,"Clove, Omen",38,1.16,221.0,1.16,82,141.7,0.76,0.47,0.03,0.11,0.25,0.0,0,19,29,25,18,1,4,Liga Americas
Vct 2025 Americas Kickoff,gobera,2G,"Vyse, Jett, Omen",69,1.16,239.5,1.07,75,157.2,0.84,0.29,0.1,0.06,0.32,0.06,118,23,58,54,20,7,4,Liga Americas
Vct 2025 Americas Kickoff,cryocells,100T,"Clove, Brimstone, Sage",170,1.15,233.9,1.2,81,154.1,0.81,0.24,0.14,0.08,0.29,0.2,420,24,138,115,41,23,13,Liga Americas
Vct 2025 Americas Kickoff,melser,KRÜ,"Omen, Astra, Brimstone",246,1.14,204.0,1.23,78,125.7,0.74,0.36,0.1,0.07,0.33,0.26,727,26,182,148,88,24,16,Liga Americas
Vct 2025 Americas Kickoff,s0m,NRG,"Brimstone, Viper, Omen",183,1.11,215.0,1.1,81,134.1,0.75,0.44,0.1,0.08,0.24,0.11,218,30,138,125,81,19,14,Liga Americas
Vct 2025 Americas Kickoff,khalil,FUR,"Omen, Brimstone",80,1.1,211.3,1.07,79,137.1,0.78,0.26,0.09,0.04,0.39,0.07,114,19,62,58,21,7,3,Liga Americas
Vct 2025 Americas Kickoff,eeiu,100T,"Fade, Tejo",170,1.09,198.1,1.21,78,129.0,0.76,0.32,0.06,0.05,0.41,0.17,423,26,129,107,55,10,8,Liga Americas
Vct 2025 Americas Kickoff,johnqt,SEN,"Tejo, Sova, Viper",370,1.09,186.5,1.05,74,127.9,0.65,0.27,0.06,0.05,0.27,0.1,440,27,242,231,100,24,18,Liga Americas
Vct 2025 Americas Kickoff,kingg,LEV,"Omen, Astra, Breach",148,1.09,216.0,1.08,80,138.4,0.76,0.39,0.09,0.09,0.32,0.16,319,20,112,104,57,14,13,Liga Americas
Vct 2025 Americas Kickoff,pancada,LOUD,"Astra, Omen, Brimstone",204,1.08,193.4,1.08,75,129.0,0.7,0.31,0.08,0.05,0.39,0.05,238,20,142,131,63,17,11,Liga Americas
Vct 2025 Americas Kickoff,stellar,FUR,Tejo,38,1.08,204.5,1.21,76,143.3,0.76,0.29,0.11,0.16,0.19,1.0,22,15,29,24,11,4,6,Liga Americas
Vct 2025 Americas Kickoff,jonahp,G2,"Breach, Vyse",221,1.05,178.9,1.04,78,113.7,0.65,0.51,0.05,0.06,0.24,0.18,422,18,144,138,113,12,13,Liga Americas
Vct 2025 Americas Kickoff,natank,LEV,"Breach, Skye, Fade",148,1.05,207.1,1.07,76,136.9,0.7,0.38,0.13,0.14,0.25,0.27,415,20,104,97,56,19,21,Liga Americas
Vct 2025 Americas Kickoff,asuna,100T,"Neon, Raze, Kayo",170,1.04,234.3,1.08,71,149.7,0.78,0.28,0.19,0.16,0.22,0.43,614,23,132,122,47,33,27,Liga Americas
Vct 2025 Americas Kickoff,zekken,SEN,"Yoru, Raze, Jett",370,1.04,219.7,1.1,72,144.3,0.79,0.22,0.19,0.18,0.23,0.14,537,32,291,264,81,71,68,Liga Americas
Vct 2025 Americas Kickoff,xenom,MIBR,"Omen, Brimstone, Astra",373,1.04,182.6,1.03,76,118.2,0.66,0.42,0.06,0.06,0.31,0.17,953,33,247,240,155,21,24,Liga Americas
Vct 2025 Americas Kickoff,keznit,KRÜ,"Jett, Raze",246,1.03,214.6,1.1,73,137.9,0.74,0.16,0.17,0.16,0.22,0.17,318,24,183,167,40,43,39,Liga Americas
Vct 2025 Americas Kickoff,tex,LEV,"Cypher, Vyse, Killjoy",148,1.03,186.6,1.09,70,123.3,0.7,0.09,0.06,0.11,0.36,0.3,620,17,104,95,14,9,16,Liga Americas
Vct 2025 Americas Kickoff,valyn,G2,"Omen, Astra, Brimstone",221,1.03,187.5,1.03,72,122.8,0.66,0.4,0.06,0.07,0.2,0.29,517,20,145,141,89,14,16,Liga Americas
Vct 2025 Americas Kickoff,supamen,EG,"Omen, Astra, Brimstone",128,1.01,190.0,1.01,70,123.2,0.69,0.29,0.09,0.08,0.35,0.29,517,25,88,87,37,11,10,Liga Americas
Vct 2025 Americas Kickoff,zellsis,SEN,"Viper, Brimstone, Vyse",370,1.01,200.2,0.97,70,129.9,0.69,0.35,0.08,0.11,0.24,0.11,654,31,254,261,129,29,40,Liga Americas
Vct 2025 Americas Kickoff,ethan,NRG,"Breach, Omen, Tejo",183,1.01,188.0,0.94,72,123.4,0.62,0.44,0.04,0.08,0.27,0.25,520,24,114,121,81,8,15,Liga Americas
Vct 2025 Americas Kickoff,n4rrate,SEN,"Breach, Gekko, Fade",370,1.0,193.5,0.95,74,124.8,0.66,0.38,0.07,0.08,0.23,0.28,932,21,244,258,140,27,28,Liga Americas
Vct 2025 Americas Kickoff,bang,SEN,"Omen, Viper, Astra",370,1.0,189.4,0.96,76,123.8,0.65,0.41,0.08,0.09,0.34,0.15,533,24,242,252,152,31,34,Liga Americas
Vct 2025 Americas Kickoff,v1c,C9,"Brimstone, Omen, Astra",152,0.97,174.0,0.91,72,115.2,0.61,0.39,0.07,0.05,0.24,0.26,831,21,92,101,60,10,7,Liga Americas
Vct 2025 Americas Kickoff,yay,EG,"Chamber, Phoenix, Astra",128,0.97,193.7,0.96,62,129.3,0.66,0.2,0.16,0.1,0.3,0.27,311,18,85,89,25,20,13,Liga Americas
Vct 2025 Americas Kickoff,jawgemo,G2,"Yoru, Raze",221,0.97,217.3,0.99,72,136.7,0.76,0.3,0.19,0.15,0.18,0.17,212,21,167,169,66,43,33,Liga Americas
Vct 2025 Americas Kickoff,xeppaa,C9,"Clove, Tejo, Sova",152,0.96,194.6,0.93,71,131.4,0.7,0.27,0.07,0.05,0.21,0.17,423,28,107,115,41,11,8,Liga Americas
Vct 2025 Americas Kickoff,nature,EG,"Viper, Vyse, Breach",128,0.95,171.7,0.9,69,117.3,0.6,0.28,0.04,0.07,0.25,0.21,314,18,77,86,36,5,9,Liga Americas
Vct 2025 Americas Kickoff,adverso,KRÜ,"Sova, Viper",246,0.94,186.3,0.93,71,122.3,0.64,0.31,0.08,0.1,0.19,0.29,724,21,157,169,77,19,24,Liga Americas
Vct 2025 Americas Kickoff,c0m,LEV,"Sova, Viper, Tejo",148,0.94,195.9,0.97,74,132.2,0.7,0.26,0.06,0.07,0.21,0.17,318,27,103,106,38,9,11,Liga Americas
Vct 2025 Americas Kickoff,icy,EG,"Raze, Jett",128,0.94,216.5,0.96,66,141.0,0.74,0.16,0.14,0.2,0.21,0.06,116,19,95,99,20,18,25,Liga Americas
Vct 2025 Americas Kickoff,cauanzin,LOUD,"Tejo, Sova, Fade",204,0.94,211.4,0.93,65,138.0,0.7,0.24,0.13,0.13,0.28,0.13,18,22,142,153,49,26,27,Liga Americas
Vct 2025 Americas Kickoff,verno,NRG,"Sova, Fade, Vyse",183,0.94,172.1,0.97,77,114.4,0.63,0.23,0.06,0.07,0.33,0.09,223,24,116,120,42,11,12,Liga Americas
Vct 2025 Americas Kickoff,nzr,MIBR,"Breach, Skye, Fade",373,0.93,172.3,0.86,69,118.8,0.58,0.33,0.04,0.03,0.27,0.08,449,23,216,250,122,14,13,Liga Americas
Vct 2025 Americas Kickoff,demon1,LEV,"Jett, Raze, Yoru",148,0.9,198.1,0.93,70,137.2,0.7,0.3,0.08,0.16,0.26,0.0,9,23,103,111,44,12,23,Liga Americas
Vct 2025 Americas Kickoff,add3r,FUR,"Cypher, Vyse",38,0.89,194.5,1.0,66,126.2,0.74,0.08,0.11,0.16,0.33,0.0,1,18,28,28,3,4,6,Liga Americas
Vct 2025 Americas Kickoff,mazino,KRÜ,"Breach, Skye, Kayo",246,0.89,182.5,0.89,72,118.3,0.65,0.45,0.09,0.13,0.27,0.1,220,21,159,178,110,22,31,Liga Americas
Vct 2025 Americas Kickoff,zander,100T,"Omen, Viper, Astra",170,0.89,171.6,0.88,74,106.7,0.59,0.33,0.11,0.1,0.25,0.21,419,19,100,113,56,18,17,Liga Americas
Vct 2025 Americas Kickoff,tuyz,LOUD,"Cypher, Deadlock",204,0.88,158.6,0.84,70,103.0,0.55,0.25,0.08,0.08,0.31,0.35,617,16,113,134,50,17,17,Liga Americas
Vct 2025 Americas Kickoff,v1nny,LOUD,"Breach, Kayo",204,0.88,153.8,0.82,72,108.2,0.54,0.39,0.03,0.08,0.34,0.12,325,20,111,135,79,7,16,Liga Americas
Vct 2025 Americas Kickoff,oxy,C9,"Raze, Jett, Yoru",152,0.88,222.0,0.93,66,145.7,0.78,0.2,0.16,0.22,0.23,0.17,16,24,118,127,30,25,33,Liga Americas
Vct 2025 Americas Kickoff,mwzera,FUR,"Sova, Skye, Breach",80,0.87,166.3,0.8,66,111.6,0.55,0.29,0.09,0.09,0.18,0.0,8,16,44,55,23,7,7,Liga Americas
Vct 2025 Americas Kickoff,cortezia,MIBR,"Killjoy, Cypher, Vyse",373,0.86,184.4,0.92,67,125.6,0.66,0.18,0.08,0.08,0.34,0.06,233,29,245,267,67,31,30,Liga Americas
Vct 2025 Americas Kickoff,havoc,FUR,"Jett, Raze",80,0.86,220.0,0.86,70,146.8,0.71,0.23,0.18,0.16,0.24,0.0,6,15,57,66,18,14,13,Liga Americas
Vct 2025 Americas Kickoff,artzin,MIBR,"Tejo, Deadlock, Viper",373,0.85,192.8,0.84,68,126.4,0.65,0.3,0.13,0.19,0.18,0.18,422,28,243,288,112,49,71,Liga Americas
Vct 2025 Americas Kickoff,derrek,EG,"Skye, Sova, Tejo",128,0.85,174.8,0.83,73,115.3,0.61,0.34,0.04,0.09,0.35,0.05,119,20,78,94,44,5,12,Liga Americas
Vct 2025 Americas Kickoff,net,C9,"Killjoy, Deadlock, Astra",152,0.83,174.7,0.86,68,116.2,0.63,0.23,0.09,0.1,0.4,0.1,220,18,95,110,35,13,15,Liga Americas
Vct 2025 Americas Kickoff,mitch,C9,"Tejo, Breach, Kayo",152,0.8,163.0,0.71,67,103.2,0.52,0.47,0.08,0.12,0.2,0.14,214,17,79,111,71,12,18,Liga Americas
Vct 2025 Americas Kickoff,lz,2G,"Omen, Astra, Tejo",69,0.8,171.3,0.74,61,118.0,0.61,0.26,0.12,0.17,0.44,0.2,210,14,42,57,18,8,12,Liga Americas
Vct 2025 Americas Kickoff,finesse,NRG,"Killjoy, Vyse, Breach",183,0.79,145.1,0.68,68,99.6,0.47,0.32,0.05,0.1,0.18,0.05,120,16,86,126,59,9,18,Liga Americas
Vct 2025 Americas Kickoff,heat,FUR,"Cypher, Viper",80,0.79,172.5,0.83,61,116.1,0.61,0.09,0.09,0.13,0.41,0.11,19,16,49,59,7,7,10,Liga Americas
Vct 2025 Americas Kickoff,silentzz,2G,"Yoru, Raze",69,0.75,188.5,0.71,65,122.1,0.64,0.16,0.22,0.16,0.4,0.0,9,16,44,62,11,15,11,Liga Americas
Vct 2025 Americas Kickoff,pryze,2G,"Breach, Sova, Viper",69,0.7,149.5,0.62,71,96.0,0.46,0.3,0.03,0.01,0.23,0.0,11,13,32,52,21,2,1,Liga Americas
Vct 2025 Americas Kickoff,boostio,100T,"Breach, Gekko, Killjoy",170,0.69,138.0,0.68,69,85.7,0.48,0.33,0.05,0.07,0.23,0.07,114,14,81,119,56,9,12,Liga Americas
Vct 2025 Americas Kickoff,raafa,FUR,"Breach, Sage, Kayo",80,0.6,136.3,0.56,55,93.7,0.44,0.25,0.03,0.13,0.21,0.08,112,12,35,63,20,2,10,Liga Americas
Vct 2025 Americas Kickoff,zap,2G,"Tejo, Omen, Breach",69,0.51,128.3,0.49,62,92.8,0.41,0.25,0.03,0.1,0.19,0.0,4,9,28,57,17,2,7,Liga Americas
Champions Tour 2024 Americas Stage 2,aspas,LEV,"Jett, Raze, Neon",479,1.32,269.0,1.52,77,169.8,0.94,0.2,0.22,0.11,0.27,0.13,645,27,451,297,95,105,55,Liga Americas
Champions Tour 2024 Americas Stage 2,kingg,LEV,"Omen, Viper",479,1.18,209.8,1.31,81,134.0,0.76,0.4,0.1,0.07,0.28,0.17,848,23,362,276,190,49,33,Liga Americas
Champions Tour 2024 Americas Stage 2,mazino,LEV,"Kayo, Harbor, Brimstone",479,1.17,228.6,1.23,79,150.9,0.82,0.45,0.09,0.07,0.28,0.06,231,34,395,322,217,41,33,Liga Americas
Champions Tour 2024 Americas Stage 2,zekken,SEN,"Raze, Jett",217,1.16,273.7,1.15,71,178.4,0.9,0.25,0.24,0.18,0.27,0.09,111,28,195,169,55,53,39,Liga Americas
Champions Tour 2024 Americas Stage 2,eeiu,100T,"Sova, Fade",411,1.15,200.5,1.17,77,135.7,0.71,0.35,0.05,0.02,0.31,0.16,1382,26,292,250,143,19,10,Liga Americas
Champions Tour 2024 Americas Stage 2,khalil,FUR,"Viper, Omen, Brimstone",241,1.14,206.7,1.16,75,138.1,0.77,0.31,0.07,0.06,0.32,0.14,428,31,186,160,74,18,15,Liga Americas
Champions Tour 2024 Americas Stage 2,s0m,NRG,"Clove, Omen, Brimstone",215,1.12,224.7,1.13,78,143.6,0.77,0.45,0.09,0.07,0.27,0.19,632,24,166,147,97,20,16,Liga Americas
Champions Tour 2024 Americas Stage 2,derrek,EG,"Fade, Sova, Gekko",242,1.11,199.3,1.08,76,135.3,0.74,0.34,0.06,0.03,0.37,0.07,341,23,179,166,82,15,8,Liga Americas
Champions Tour 2024 Americas Stage 2,tenz,SEN,"Omen, Gekko",217,1.1,204.2,1.08,74,132.8,0.71,0.37,0.09,0.11,0.26,0.07,114,23,155,144,80,20,23,Liga Americas
Champions Tour 2024 Americas Stage 2,ethan,NRG,"Breach, Kayo, Yoru",215,1.08,222.5,1.08,79,136.2,0.76,0.43,0.12,0.06,0.22,0.11,327,25,164,152,92,25,13,Liga Americas
Champions Tour 2024 Americas Stage 2,jonahp,G2,"Kayo, Viper, Breach",388,1.08,205.7,1.07,71,129.3,0.73,0.39,0.09,0.08,0.24,0.23,939,27,285,266,153,36,30,Liga Americas
Champions Tour 2024 Americas Stage 2,leaf,G2,"Killjoy, Viper",388,1.07,219.1,1.06,69,148.4,0.76,0.26,0.11,0.09,0.19,0.22,1046,25,295,279,102,43,35,Liga Americas
Champions Tour 2024 Americas Stage 2,nzr,FUR,"Sova, Breach, Gekko",241,1.06,198.4,1.02,73,140.3,0.69,0.31,0.03,0.04,0.27,0.17,741,24,167,164,75,8,9,Liga Americas
Champions Tour 2024 Americas Stage 2,supamen,EG,"Omen, Clove",242,1.06,214.6,1.08,73,136.3,0.79,0.27,0.09,0.15,0.45,0.21,629,23,192,177,65,22,37,Liga Americas
Champions Tour 2024 Americas Stage 2,pancada,LOUD,"Omen, Viper, Brimstone",299,1.06,192.1,1.06,71,128.9,0.69,0.34,0.07,0.08,0.37,0.19,948,28,207,195,102,21,23,Liga Americas
Champions Tour 2024 Americas Stage 2,tex,LEV,"Killjoy, Gekko, Cypher",479,1.05,204.6,1.17,74,135.7,0.75,0.21,0.09,0.1,0.32,0.16,744,23,359,307,101,45,46,Liga Americas
Champions Tour 2024 Americas Stage 2,cryocells,100T,"Jett, Brimstone, Astra",411,1.04,223.8,1.13,71,138.7,0.82,0.2,0.15,0.12,0.26,0.21,629,27,336,298,83,62,48,Liga Americas
Champions Tour 2024 Americas Stage 2,artzin,MIBR,"Yoru, Gekko, Killjoy",225,1.04,212.7,1.05,67,141.7,0.76,0.25,0.12,0.09,0.27,0.13,323,24,171,163,56,27,20,Liga Americas
Champions Tour 2024 Americas Stage 2,valyn,G2,"Omen, Harbor, Brimstone",388,1.04,202.4,1.01,79,123.0,0.7,0.39,0.1,0.09,0.22,0.24,937,23,273,270,150,39,34,Liga Americas
Champions Tour 2024 Americas Stage 2,c0m,LEV,"Sova, Fade",479,1.04,180.0,1.04,79,125.1,0.62,0.36,0.08,0.07,0.2,0.16,850,28,298,286,171,38,34,Liga Americas
Champions Tour 2024 Americas Stage 2,shyy,KRÜ,"Killjoy, Viper, Cypher",492,1.04,202.1,1.06,69,142.1,0.74,0.23,0.06,0.08,0.29,0.18,1265,27,362,342,113,28,41,Liga Americas
Champions Tour 2024 Americas Stage 2,jawgemo,EG,"Iso, Neon, Raze",242,1.03,243.4,1.01,71,159.9,0.81,0.26,0.18,0.15,0.24,0.1,110,23,196,195,63,44,36,Liga Americas
Champions Tour 2024 Americas Stage 2,cauanzin,LOUD,"Fade, Breach, Kayo",299,1.03,220.0,1.05,71,144.2,0.77,0.26,0.12,0.09,0.29,0.13,216,24,229,219,79,37,28,Liga Americas
Champions Tour 2024 Americas Stage 2,zellsis,SEN,"Cypher, Breach, Viper",217,1.03,179.8,1.1,75,114.3,0.65,0.36,0.02,0.06,0.21,0.15,533,21,140,127,79,5,13,Liga Americas
Champions Tour 2024 Americas Stage 2,keznit,KRÜ,"Raze, Jett, Neon",492,1.03,233.0,1.05,70,155.2,0.79,0.21,0.19,0.17,0.23,0.13,432,29,390,370,105,92,82,Liga Americas
Champions Tour 2024 Americas Stage 2,bang,100T,"Viper, Omen",411,1.02,202.2,1.04,73,127.4,0.7,0.36,0.1,0.12,0.33,0.13,754,31,289,278,147,40,50,Liga Americas
Champions Tour 2024 Americas Stage 2,less,LOUD,"Cypher, Killjoy, Omen",299,1.02,191.1,1.03,65,130.0,0.71,0.21,0.09,0.07,0.3,0.05,244,21,211,205,64,28,22,Liga Americas
Champions Tour 2024 Americas Stage 2,trent,G2,"Sova, Fade, Gekko",388,1.01,186.1,0.95,74,126.0,0.64,0.39,0.07,0.09,0.23,0.17,1060,22,250,262,152,29,35,Liga Americas
Champions Tour 2024 Americas Stage 2,heat,KRÜ,"Fade, Skye, Kayo",492,1.01,185.7,0.97,73,122.4,0.69,0.37,0.07,0.1,0.3,0.12,868,26,341,350,182,36,50,Liga Americas
Champions Tour 2024 Americas Stage 2,asuna,100T,"Gekko, Kayo, Raze",411,1.01,205.6,0.96,76,132.5,0.7,0.43,0.13,0.12,0.19,0.15,426,23,286,297,176,54,50,Liga Americas
Champions Tour 2024 Americas Stage 2,melser,KRÜ,"Omen, Viper",492,1.0,185.3,0.97,74,121.5,0.66,0.35,0.08,0.1,0.33,0.18,1477,23,323,334,174,40,50,Liga Americas
Champions Tour 2024 Americas Stage 2,mwzera,FUR,"Jett, Neon, Raze",241,0.98,236.4,0.99,74,152.8,0.82,0.23,0.18,0.15,0.18,0.07,115,29,197,198,56,44,36,Liga Americas
Champions Tour 2024 Americas Stage 2,oxy,C9,"Jett, Reyna, Raze",277,0.97,232.7,0.99,69,152.1,0.82,0.16,0.18,0.19,0.27,0.17,212,33,226,228,45,50,53,Liga Americas
Champions Tour 2024 Americas Stage 2,havoc,FUR,"Killjoy, Viper, Cypher",241,0.96,198.3,0.96,65,138.8,0.7,0.19,0.12,0.14,0.36,0.16,532,23,168,175,45,28,33,Liga Americas
Champions Tour 2024 Americas Stage 2,sacy,SEN,"Fade, Gekko, Skye",217,0.96,170.4,0.93,74,119.9,0.59,0.34,0.06,0.12,0.29,0.05,121,19,127,136,74,12,27,Liga Americas
Champions Tour 2024 Americas Stage 2,johnqt,SEN,"Deadlock, Cypher, Killjoy",217,0.95,172.4,0.96,71,113.5,0.62,0.2,0.05,0.06,0.29,0.11,327,19,134,140,44,11,14,Liga Americas
Champions Tour 2024 Americas Stage 2,icy,G2,"Neon, Gekko, Raze",388,0.94,194.2,0.97,71,131.2,0.7,0.2,0.12,0.15,0.23,0.1,330,23,272,280,79,47,58,Liga Americas
Champions Tour 2024 Americas Stage 2,rich,MIBR,"Sova, Fade, Gekko",183,0.94,192.3,0.91,72,130.3,0.68,0.25,0.08,0.07,0.31,0.12,326,22,124,137,45,14,13,Liga Americas
Champions Tour 2024 Americas Stage 2,moose,C9,"Killjoy, Cypher",277,0.93,165.9,0.92,65,115.1,0.6,0.12,0.09,0.06,0.25,0.17,848,18,166,181,32,25,18,Liga Americas
Champions Tour 2024 Americas Stage 2,mazin,MIBR,"Omen, Viper, Brimstone",225,0.92,168.5,0.86,65,110.3,0.58,0.3,0.07,0.04,0.31,0.19,947,20,130,152,67,16,9,Liga Americas
Champions Tour 2024 Americas Stage 2,shahzam,MIBR,Sova,42,0.91,172.5,0.79,74,124.2,0.55,0.33,0.07,0.1,0.24,0.17,16,12,23,29,14,3,4,Liga Americas
Champions Tour 2024 Americas Stage 2,crashies,NRG,"Gekko, Sova, Fade",215,0.91,171.4,0.92,75,113.4,0.59,0.33,0.04,0.06,0.24,0.12,433,19,126,137,70,9,13,Liga Americas
Champions Tour 2024 Americas Stage 2,xeppaa,C9,"Kayo, Gekko, Skye",277,0.9,175.4,0.78,73,120.3,0.56,0.39,0.05,0.09,0.26,0.24,521,18,156,200,109,14,25,Liga Americas
Champions Tour 2024 Americas Stage 2,tuyz,LOUD,"Gekko, Omen, Jett",299,0.89,175.5,0.9,70,117.3,0.64,0.23,0.08,0.13,0.27,0.06,234,22,190,210,70,25,38,Liga Americas
Champions Tour 2024 Americas Stage 2,victor,NRG,"Neon, Clove, Raze",215,0.88,214.7,0.98,67,139.6,0.75,0.17,0.2,0.24,0.25,0.17,16,23,161,165,37,43,51,Liga Americas
Champions Tour 2024 Americas Stage 2,liazzi,MIBR,"Killjoy, Kayo, Breach",225,0.88,172.1,0.87,70,115.0,0.61,0.25,0.05,0.07,0.32,0.12,326,19,138,158,57,12,16,Liga Americas
Champions Tour 2024 Americas Stage 2,vanity,C9,"Omen, Viper",277,0.87,177.4,0.84,66,118.5,0.62,0.31,0.1,0.13,0.21,0.1,439,21,173,205,85,27,36,Liga Americas
Champions Tour 2024 Americas Stage 2,saadhak,LOUD,"Neon, Gekko, Kayo",299,0.86,192.8,0.8,69,126.8,0.61,0.37,0.1,0.15,0.22,0.23,522,20,183,229,110,31,46,Liga Americas
Champions Tour 2024 Americas Stage 2,nature,EG,"Breach, Killjoy, Skye",242,0.86,163.5,0.78,72,107.4,0.57,0.36,0.06,0.06,0.32,0.14,537,19,137,175,86,15,15,Liga Americas
Champions Tour 2024 Americas Stage 2,boostio,100T,"Killjoy, Gekko, Breach",411,0.86,187.7,0.84,70,131.5,0.63,0.28,0.08,0.11,0.24,0.13,539,21,260,309,117,34,45,Liga Americas
Champions Tour 2024 Americas Stage 2,runi,C9,"Sova, Breach, Viper",277,0.85,162.0,0.78,70,107.7,0.55,0.3,0.05,0.05,0.32,0.09,443,22,151,194,83,13,15,Liga Americas
Champions Tour 2024 Americas Stage 2,palla,MIBR,"Jett, Raze",183,0.83,221.1,0.85,63,142.3,0.73,0.15,0.22,0.2,0.27,0.18,211,18,134,157,27,41,37,Liga Americas
Champions Tour 2024 Americas Stage 2,mta,KRÜ,"Cypher, Sova, Viper",445,0.82,162.9,0.78,67,111.8,0.57,0.22,0.07,0.08,0.33,0.07,344,22,255,327,100,30,34,Liga Americas
Champions Tour 2024 Americas Stage 2,finesse,NRG,"Cypher, Deadlock, Viper",215,0.76,158.1,0.71,64,105.5,0.54,0.28,0.08,0.04,0.19,0.12,325,18,116,163,60,17,9,Liga Americas
Champions Tour 2024 Americas Stage 2,apoth,EG,"Cypher, Harbor, Brimstone",242,0.73,150.6,0.68,62,102.4,0.5,0.26,0.07,0.14,0.32,0.16,425,18,121,179,63,17,33,Liga Americas
Champions Tour 2024 Americas Stage 2,xand,FUR,"Sage, Gekko, Fade",241,0.69,139.4,0.65,70,94.7,0.49,0.34,0.07,0.13,0.29,0.08,225,18,119,183,83,18,32,Liga Americas
Champions Tour 2024 Americas Stage 2,klaus,KRÜ,"Viper, Cypher",47,0.66,127.0,0.59,64,92.6,0.43,0.23,0.09,0.13,0.27,0.0,3,12,20,34,11,4,6,Liga Americas
Champions Tour 2024 Americas Stage 2,pa1nt,MIBR,"Iso, Jett",42,0.53,140.5,0.54,64,101.3,0.45,0.29,0.1,0.21,0.24,0.0,1,11,19,35,12,4,9,Liga Americas
Champions Tour 2024 Americas Stage 1,aspas,LEV,"Jett, Phoenix, Raze",544,1.31,260.3,1.51,75,175.1,0.95,0.17,0.16,0.11,0.31,0.11,873,47,519,344,91,89,58,Liga Americas
Champions Tour 2024 Americas Stage 1,oxy,C9,"Jett, Raze",383,1.24,291.1,1.26,75,185.6,1.01,0.22,0.24,0.17,0.29,0.18,317,35,387,307,86,93,66,Liga Americas
Champions Tour 2024 Americas Stage 1,cryocells,100T,"Jett, Astra, Brimstone",457,1.24,243.0,1.35,77,161.1,0.88,0.27,0.14,0.06,0.24,0.12,542,33,402,298,123,65,29,Liga Americas
Champions Tour 2024 Americas Stage 1,eeiu,100T,"Sova, Fade",457,1.17,195.4,1.26,78,133.8,0.72,0.31,0.06,0.04,0.32,0.12,1086,24,328,261,140,27,18,Liga Americas
Champions Tour 2024 Americas Stage 1,bang,100T,"Viper, Omen",457,1.15,210.1,1.24,78,132.1,0.74,0.32,0.1,0.09,0.33,0.07,341,21,338,273,144,47,41,Liga Americas
Champions Tour 2024 Americas Stage 1,heat,KRÜ,"Fade, Kayo, Gekko",420,1.15,211.5,1.18,76,139.7,0.78,0.38,0.07,0.09,0.36,0.19,1052,26,327,278,160,28,37,Liga Americas
Champions Tour 2024 Americas Stage 1,tenz,SEN,"Kayo, Omen, Gekko",289,1.14,224.2,1.11,76,138.9,0.75,0.52,0.12,0.08,0.26,0.22,418,28,217,196,149,34,24,Liga Americas
Champions Tour 2024 Americas Stage 1,valyn,G2,"Omen, Brimstone, Harbor",584,1.14,212.2,1.15,76,136.3,0.77,0.34,0.11,0.09,0.27,0.2,1470,26,450,392,198,65,50,Liga Americas
Champions Tour 2024 Americas Stage 1,less,LOUD,"Cypher, Viper",261,1.13,205.2,1.16,72,140.3,0.73,0.21,0.06,0.07,0.28,0.12,652,25,190,164,56,16,17,Liga Americas
Champions Tour 2024 Americas Stage 1,keznit,KRÜ,"Raze, Reyna, Jett",420,1.11,251.2,1.2,70,167.8,0.87,0.19,0.2,0.17,0.29,0.1,330,27,366,306,80,83,71,Liga Americas
Champions Tour 2024 Americas Stage 1,kingg,LEV,"Viper, Omen",544,1.1,205.1,1.14,76,136.6,0.73,0.38,0.1,0.07,0.3,0.14,857,30,396,348,205,54,37,Liga Americas
Champions Tour 2024 Americas Stage 1,trent,G2,"Fade, Sova, Viper",584,1.08,195.5,1.05,72,131.5,0.68,0.32,0.08,0.08,0.28,0.2,1575,29,395,376,189,47,46,Liga Americas
Champions Tour 2024 Americas Stage 1,leaf,G2,"Killjoy, Viper, Cypher",584,1.08,221.8,1.15,72,147.8,0.78,0.2,0.11,0.1,0.24,0.19,1262,28,458,400,119,63,59,Liga Americas
Champions Tour 2024 Americas Stage 1,asuna,100T,"Gekko, Raze, Kayo",457,1.07,230.1,1.13,74,145.4,0.78,0.35,0.14,0.15,0.2,0.15,426,25,357,315,161,66,69,Liga Americas
Champions Tour 2024 Americas Stage 1,johnqt,SEN,"Viper, Cypher",289,1.07,187.5,1.12,76,124.9,0.67,0.31,0.06,0.07,0.27,0.19,947,29,194,173,91,16,19,Liga Americas
Champions Tour 2024 Americas Stage 1,runi,C9,"Sova, Viper",383,1.05,187.7,1.08,73,133.8,0.69,0.27,0.08,0.06,0.35,0.18,1055,21,263,244,102,29,23,Liga Americas
Champions Tour 2024 Americas Stage 1,nature,EG,"Viper, Killjoy, Breach",280,1.04,199.7,0.98,69,132.5,0.69,0.37,0.05,0.06,0.32,0.12,649,24,192,195,104,15,18,Liga Americas
Champions Tour 2024 Americas Stage 1,shyy,KRÜ,"Killjoy, Cypher, Viper",420,1.04,189.4,1.09,73,130.5,0.68,0.2,0.06,0.06,0.26,0.13,863,22,286,262,86,27,24,Liga Americas
Champions Tour 2024 Americas Stage 1,zekken,SEN,"Jett, Raze",289,1.03,243.4,1.1,72,154.0,0.81,0.16,0.23,0.15,0.23,0.19,316,23,234,213,47,67,44,Liga Americas
Champions Tour 2024 Americas Stage 1,nzr,FUR,"Skye, Kayo, Sova",224,1.02,191.6,0.94,67,125.7,0.68,0.28,0.03,0.03,0.26,0.11,545,23,153,163,62,6,6,Liga Americas
Champions Tour 2024 Americas Stage 1,zellsis,SEN,"Killjoy, Viper, Brimstone",289,1.02,184.0,0.99,72,128.8,0.63,0.26,0.07,0.09,0.21,0.18,634,23,182,183,75,20,25,Liga Americas
Champions Tour 2024 Americas Stage 1,ethan,NRG,"Yoru, Kayo, Omen",260,1.01,191.1,0.96,72,122.0,0.65,0.43,0.07,0.1,0.21,0.17,424,19,168,175,112,17,25,Liga Americas
Champions Tour 2024 Americas Stage 1,melser,KRÜ,"Omen, Viper",420,1.0,174.0,1.0,71,119.9,0.63,0.28,0.08,0.08,0.32,0.15,746,22,263,263,119,33,34,Liga Americas
Champions Tour 2024 Americas Stage 1,mazino,LEV,"Harbor, Breach, Kayo",544,1.0,209.5,1.02,74,134.2,0.73,0.4,0.07,0.1,0.29,0.15,746,26,395,389,216,37,56,Liga Americas
Champions Tour 2024 Americas Stage 1,crashies,NRG,"Sova, Gekko, Skye",260,1.0,182.3,1.03,72,118.8,0.68,0.27,0.04,0.06,0.35,0.21,1048,24,176,171,69,11,16,Liga Americas
Champions Tour 2024 Americas Stage 1,derrek,EG,"Fade, Sova, Skye",280,0.99,183.2,0.95,68,124.6,0.66,0.27,0.05,0.04,0.33,0.2,840,26,184,194,76,13,12,Liga Americas
Champions Tour 2024 Americas Stage 1,tuyz,LOUD,"Viper, Omen, Brimstone",261,0.99,166.3,0.91,70,110.9,0.6,0.35,0.06,0.07,0.33,0.13,539,17,157,172,92,15,17,Liga Americas
Champions Tour 2024 Americas Stage 1,xeppaa,C9,"Sage, Skye, Kayo",383,0.99,190.3,0.93,77,124.1,0.65,0.48,0.07,0.07,0.27,0.21,628,26,248,268,183,28,27,Liga Americas
Champions Tour 2024 Americas Stage 1,cauanzin,LOUD,"Sova, Breach, Kayo",261,0.98,201.8,0.95,74,129.9,0.69,0.32,0.1,0.08,0.27,0.18,317,21,179,189,84,26,20,Liga Americas
Champions Tour 2024 Americas Stage 1,moose,C9,"Killjoy, Cypher",383,0.98,176.5,1.04,72,120.3,0.63,0.19,0.07,0.06,0.24,0.14,965,21,243,233,71,25,23,Liga Americas
Champions Tour 2024 Americas Stage 1,jonahp,G2,"Viper, Kayo, Breach",584,0.96,183.6,0.89,74,118.9,0.61,0.45,0.05,0.09,0.27,0.1,767,20,356,401,262,32,51,Liga Americas
Champions Tour 2024 Americas Stage 1,victor,NRG,"Cypher, Raze, Brimstone",260,0.96,212.9,1.01,67,139.4,0.75,0.17,0.12,0.09,0.27,0.0,19,30,195,193,44,31,24,Liga Americas
Champions Tour 2024 Americas Stage 1,marved,NRG,"Viper, Omen, Cypher",260,0.94,189.6,0.93,67,125.3,0.65,0.24,0.08,0.11,0.28,0.27,933,21,170,182,63,22,28,Liga Americas
Champions Tour 2024 Americas Stage 1,jawgemo,EG,"Raze, Jett",280,0.93,217.4,0.94,63,146.2,0.73,0.15,0.16,0.14,0.2,0.14,321,29,205,218,41,46,40,Liga Americas
Champions Tour 2024 Americas Stage 1,frz,MIBR,"Killjoy, Cypher, Viper",200,0.93,186.1,0.84,65,126.4,0.65,0.21,0.08,0.14,0.26,0.14,642,25,130,155,42,16,27,Liga Americas
Champions Tour 2024 Americas Stage 1,tex,LEV,"Killjoy, Cypher, Sage",544,0.93,184.8,0.97,71,122.4,0.65,0.17,0.11,0.12,0.35,0.12,649,25,352,363,95,59,63,Liga Americas
Champions Tour 2024 Americas Stage 1,demon1,NRG,"Jett, Raze, Brimstone",260,0.92,204.4,0.91,71,139.6,0.7,0.2,0.16,0.17,0.36,0.12,326,21,182,199,52,42,44,Liga Americas
Champions Tour 2024 Americas Stage 1,sacy,SEN,"Gekko, Skye, Fade",289,0.91,161.9,0.9,71,111.0,0.58,0.3,0.06,0.07,0.32,0.12,433,22,168,187,86,18,21,Liga Americas
Champions Tour 2024 Americas Stage 1,supamen,EG,"Omen, Viper",280,0.89,184.2,0.87,69,122.5,0.64,0.29,0.11,0.11,0.37,0.07,230,23,180,208,82,31,32,Liga Americas
Champions Tour 2024 Americas Stage 1,saadhak,LOUD,"Kayo, Sova, Breach",261,0.89,193.2,0.84,67,130.9,0.62,0.34,0.09,0.13,0.26,0.13,323,23,163,194,88,23,34,Liga Americas
Champions Tour 2024 Americas Stage 1,icy,G2,"Raze, Gekko, Yoru",584,0.88,187.0,0.89,68,125.3,0.66,0.19,0.14,0.15,0.26,0.15,747,26,385,434,110,81,90,Liga Americas
Champions Tour 2024 Americas Stage 1,artzin,MIBR,"Jett, Raze, Sage",200,0.88,204.2,0.82,62,137.0,0.7,0.19,0.14,0.18,0.26,0.11,218,20,139,170,37,27,35,Liga Americas
Champions Tour 2024 Americas Stage 1,jzz,MIBR,"Sova, Skye, Raze",200,0.87,196.2,0.83,66,135.7,0.68,0.2,0.14,0.11,0.32,0.19,527,19,136,164,40,28,22,Liga Americas
Champions Tour 2024 Americas Stage 1,c0m,LEV,"Sova, Viper, Fade",544,0.86,160.8,0.8,71,109.2,0.54,0.29,0.09,0.07,0.22,0.15,853,22,293,368,158,49,40,Liga Americas
Champions Tour 2024 Americas Stage 1,klaus,KRÜ,"Viper, Gekko, Sova",420,0.85,177.7,0.82,73,116.7,0.59,0.29,0.11,0.08,0.25,0.15,427,18,249,302,121,48,34,Liga Americas
Champions Tour 2024 Americas Stage 1,apoth,EG,"Cypher, Harbor, Astra",280,0.85,174.5,0.84,61,119.0,0.6,0.21,0.11,0.15,0.37,0.17,530,22,168,201,58,31,42,Liga Americas
Champions Tour 2024 Americas Stage 1,khalil,FUR,"Omen, Killjoy, Cypher",224,0.85,164.4,0.77,69,112.4,0.57,0.25,0.04,0.09,0.29,0.21,839,17,127,164,56,9,20,Liga Americas
Champions Tour 2024 Americas Stage 1,vanity,C9,"Viper, Omen, Brimstone",383,0.83,163.9,0.79,73,107.3,0.57,0.38,0.08,0.1,0.22,0.15,640,20,217,275,144,30,39,Liga Americas
Champions Tour 2024 Americas Stage 1,rglmeister,MIBR,"Harbor, Omen, Brimstone",200,0.81,156.2,0.73,64,105.6,0.57,0.28,0.06,0.04,0.27,0.19,527,21,114,157,56,12,8,Liga Americas
Champions Tour 2024 Americas Stage 1,boostio,100T,"Killjoy, Gekko, Cypher",457,0.8,169.5,0.87,70,110.7,0.61,0.21,0.09,0.12,0.24,0.26,623,22,278,318,94,39,56,Liga Americas
Champions Tour 2024 Americas Stage 1,mwzera,FUR,"Raze, Omen, Jett",224,0.78,191.5,0.77,63,125.1,0.66,0.21,0.1,0.17,0.2,0.0,17,23,148,191,46,22,39,Liga Americas
Champions Tour 2024 Americas Stage 1,ambition,LOUD,"Jett, Phoenix, Raze",261,0.77,172.8,0.79,61,111.9,0.6,0.11,0.15,0.2,0.23,0.06,117,19,156,198,28,40,53,Liga Americas
Champions Tour 2024 Americas Stage 1,havoc,FUR,"Killjoy, Gekko, Kayo",224,0.73,178.3,0.72,59,124.4,0.61,0.17,0.13,0.22,0.39,0.23,522,20,136,188,37,28,49,Liga Americas
Champions Tour 2024 Americas Stage 1,kon4n,FUR,"Viper, Kayo",224,0.7,154.4,0.69,64,102.2,0.53,0.25,0.07,0.13,0.27,0.13,432,14,118,172,55,16,29,Liga Americas
Champions Tour 2024 Americas Stage 1,mazin,MIBR,"Viper, Kayo, Skye",200,0.62,127.6,0.55,61,83.9,0.42,0.35,0.04,0.09,0.26,0.1,331,12,84,154,70,7,18,Liga Americas
Champions Tour 2024 Americas Kickoff,mwzera,FUR,Jett,90,1.24,237.0,1.21,71,156.1,0.82,0.19,0.18,0.17,0.25,0.08,112,24,74,61,17,16,15,Liga Americas
Champions Tour 2024 Americas Kickoff,aspas,LEV,"Raze, Reyna, Jett",186,1.21,242.1,1.23,73,162.5,0.85,0.2,0.15,0.13,0.28,0.25,728,31,158,128,37,27,25,Liga Americas
Champions Tour 2024 Americas Kickoff,less,LOUD,Viper,271,1.2,213.3,1.25,76,142.9,0.76,0.25,0.08,0.07,0.31,0.12,543,24,205,164,69,22,19,Liga Americas
Champions Tour 2024 Americas Kickoff,keznit,KRÜ,"Jett, Chamber",110,1.14,251.2,1.25,68,165.8,0.91,0.14,0.23,0.1,0.35,0.0,14,31,100,80,15,25,11,Liga Americas
Champions Tour 2024 Americas Kickoff,zekken,SEN,"Raze, Jett",432,1.14,249.0,1.21,72,161.8,0.86,0.2,0.22,0.16,0.25,0.09,222,31,373,307,86,93,70,Liga Americas
Champions Tour 2024 Americas Kickoff,supamen,EG,"Omen, Viper",110,1.12,190.6,1.0,72,124.6,0.65,0.31,0.11,0.08,0.33,0.21,419,22,72,72,34,12,9,Liga Americas
Champions Tour 2024 Americas Kickoff,victor,NRG,"Cypher, Killjoy, Raze",157,1.11,211.0,1.24,74,140.3,0.76,0.19,0.11,0.11,0.25,0.2,315,22,120,97,30,17,17,Liga Americas
Champions Tour 2024 Americas Kickoff,tuyz,LOUD,"Omen, Brimstone, Harbor",271,1.1,190.8,1.11,75,127.8,0.68,0.47,0.05,0.04,0.31,0.21,1152,19,183,165,128,14,10,Liga Americas
Champions Tour 2024 Americas Kickoff,derrek,EG,"Fade, Gekko, Sova",110,1.1,219.0,1.11,69,140.2,0.76,0.17,0.12,0.05,0.37,0.18,422,22,84,76,19,13,5,Liga Americas
Champions Tour 2024 Americas Kickoff,tenz,SEN,"Omen, Yoru, Kayo",432,1.1,212.9,1.11,76,139.8,0.75,0.42,0.13,0.09,0.26,0.08,338,30,323,290,180,54,39,Liga Americas
Champions Tour 2024 Americas Kickoff,shyy,KRÜ,"Killjoy, Viper",110,1.09,190.4,1.1,69,140.1,0.69,0.22,0.05,0.06,0.23,0.54,713,19,76,69,24,6,7,Liga Americas
Champions Tour 2024 Americas Kickoff,leaf,G2,"Jett, Raze, Yoru",300,1.08,237.3,1.16,69,155.0,0.81,0.19,0.2,0.21,0.28,0.2,210,26,244,211,56,59,63,Liga Americas
Champions Tour 2024 Americas Kickoff,vanity,C9,"Skye, Viper, Gekko",162,1.07,198.6,1.03,76,132.2,0.69,0.34,0.06,0.08,0.22,0.23,522,23,112,109,55,10,13,Liga Americas
Champions Tour 2024 Americas Kickoff,demon1,NRG,"Jett, Omen",157,1.06,215.3,1.08,71,145.6,0.76,0.15,0.2,0.17,0.33,0.07,114,24,119,110,24,32,26,Liga Americas
Champions Tour 2024 Americas Kickoff,zellsis,SEN,"Viper, Kayo, Killjoy",432,1.06,195.1,1.05,77,123.9,0.68,0.41,0.08,0.07,0.17,0.16,958,19,292,277,179,36,32,Liga Americas
Champions Tour 2024 Americas Kickoff,trent,G2,Viper,300,1.05,197.0,1.0,74,136.7,0.67,0.29,0.07,0.09,0.29,0.2,841,22,200,200,87,22,26,Liga Americas
Champions Tour 2024 Americas Kickoff,rglmeister,MIBR,"Brimstone, Astra, Omen",274,1.05,187.8,1.05,77,129.3,0.68,0.4,0.04,0.05,0.3,0.16,637,23,185,176,109,10,14,Liga Americas
Champions Tour 2024 Americas Kickoff,johnqt,SEN,"Cypher, Killjoy, Viper",432,1.04,187.5,1.1,75,123.0,0.66,0.27,0.06,0.06,0.26,0.21,1362,19,284,258,116,27,27,Liga Americas
Champions Tour 2024 Americas Kickoff,sacy,SEN,"Skye, Sova, Fade",432,1.04,200.2,0.99,74,134.9,0.66,0.45,0.07,0.06,0.26,0.21,942,24,285,288,194,29,25,Liga Americas
Champions Tour 2024 Americas Kickoff,kingg,LEV,"Viper, Breach, Kayo",186,1.04,207.4,1.05,73,136.2,0.73,0.3,0.03,0.07,0.31,0.15,427,22,136,129,55,6,13,Liga Americas
Champions Tour 2024 Americas Kickoff,cryocells,100T,"Brimstone, Astra, Jett",120,1.03,206.3,1.13,70,137.3,0.78,0.17,0.11,0.12,0.25,0.4,410,21,94,83,20,13,14,Liga Americas
Champions Tour 2024 Americas Kickoff,apoth,EG,"Cypher, Killjoy",110,1.03,217.0,1.08,61,153.7,0.77,0.2,0.07,0.19,0.33,0.13,18,21,85,79,22,8,21,Liga Americas
Champions Tour 2024 Americas Kickoff,xeppaa,C9,"Raze, Skye, Fade",162,1.03,211.1,0.98,80,134.0,0.72,0.44,0.08,0.12,0.23,0.15,213,20,116,118,71,13,19,Liga Americas
Champions Tour 2024 Americas Kickoff,jzz,MIBR,"Raze, Skye, Sova",274,1.02,216.3,1.07,75,144.3,0.77,0.21,0.15,0.14,0.3,0.05,119,28,212,198,58,42,37,Liga Americas
Champions Tour 2024 Americas Kickoff,frz,MIBR,"Viper, Killjoy, Cypher",274,1.02,192.2,1.09,67,126.1,0.69,0.17,0.08,0.1,0.29,0.26,1039,22,190,174,46,21,28,Liga Americas
Champions Tour 2024 Americas Kickoff,ethan,NRG,"Kayo, Skye",157,1.01,210.7,1.0,78,135.3,0.69,0.48,0.06,0.08,0.21,0.23,313,27,108,108,76,9,12,Liga Americas
Champions Tour 2024 Americas Kickoff,cauanzin,LOUD,"Breach, Sova",271,1.01,195.5,1.03,74,120.7,0.71,0.32,0.14,0.08,0.3,0.0,17,20,193,188,88,38,22,Liga Americas
Champions Tour 2024 Americas Kickoff,jonahp,G2,"Sova, Kayo, Breach",300,1.0,178.6,0.98,75,121.0,0.65,0.34,0.04,0.09,0.29,0.24,625,23,195,199,103,13,27,Liga Americas
Champions Tour 2024 Americas Kickoff,wippie,C9,"Viper, Killjoy",162,0.99,179.0,0.98,73,119.7,0.6,0.22,0.07,0.07,0.21,0.07,227,23,98,100,36,11,11,Liga Americas
Champions Tour 2024 Americas Kickoff,net,G2,"Killjoy, Cypher",300,0.97,198.5,1.0,68,131.1,0.7,0.18,0.07,0.06,0.39,0.08,452,25,209,208,54,21,18,Liga Americas
Champions Tour 2024 Americas Kickoff,artzin,MIBR,"Jett, Raze",274,0.97,216.3,1.0,72,138.8,0.74,0.16,0.14,0.15,0.25,0.27,622,28,202,203,44,38,40,Liga Americas
Champions Tour 2024 Americas Kickoff,crashies,NRG,"Sova, Viper, Breach",157,0.97,167.9,1.0,74,110.3,0.6,0.31,0.06,0.07,0.25,0.1,221,22,94,94,49,9,11,Liga Americas
Champions Tour 2024 Americas Kickoff,c0m,LEV,"Skye, Sova",186,0.97,187.6,0.89,71,120.9,0.63,0.45,0.08,0.1,0.21,0.09,222,24,117,131,84,15,19,Liga Americas
Champions Tour 2024 Americas Kickoff,boostio,100T,"Gekko, Killjoy, Omen",120,0.97,201.8,0.93,72,141.2,0.71,0.25,0.13,0.13,0.28,0.1,110,22,85,91,30,16,16,Liga Americas
Champions Tour 2024 Americas Kickoff,klaus,KRÜ,"Sova, Fade, Skye",110,0.96,182.8,0.83,71,126.0,0.59,0.35,0.11,0.05,0.22,0.13,216,17,65,78,38,12,5,Liga Americas
Champions Tour 2024 Americas Kickoff,jakee,C9,"Brimstone, Astra, Omen",162,0.96,170.7,0.88,74,113.4,0.6,0.39,0.04,0.06,0.28,0.14,214,20,98,111,63,7,9,Liga Americas
Champions Tour 2024 Americas Kickoff,valyn,G2,"Brimstone, Omen, Harbor",300,0.95,180.8,0.9,76,114.2,0.63,0.37,0.1,0.07,0.22,0.11,438,24,189,209,111,29,22,Liga Americas
Champions Tour 2024 Americas Kickoff,jawgemo,EG,"Raze, Deadlock, Jett",110,0.94,206.0,0.92,64,138.7,0.7,0.26,0.15,0.15,0.21,0.0,2,21,77,84,29,16,17,Liga Americas
Champions Tour 2024 Americas Kickoff,kon4n,FUR,"Sova, Skye",90,0.93,170.0,0.84,76,113.7,0.57,0.32,0.07,0.02,0.18,0.07,115,14,51,61,29,6,2,Liga Americas
Champions Tour 2024 Americas Kickoff,khalil,FUR,"Cypher, Killjoy, Viper",90,0.93,170.5,0.84,64,119.5,0.6,0.18,0.03,0.06,0.27,0.1,110,15,54,64,16,3,5,Liga Americas
Champions Tour 2024 Americas Kickoff,oxy,C9,"Yoru, Raze, Jett",162,0.93,227.9,0.96,67,147.9,0.79,0.16,0.23,0.19,0.33,0.07,114,24,128,134,26,38,31,Liga Americas
Champions Tour 2024 Americas Kickoff,ambition,LOUD,"Raze, Phoenix, Jett",271,0.93,203.0,0.99,67,135.7,0.73,0.19,0.18,0.15,0.28,0.07,114,24,198,199,52,48,42,Liga Americas
Champions Tour 2024 Americas Kickoff,marved,NRG,"Viper, Omen",157,0.92,193.0,0.88,75,123.0,0.66,0.4,0.06,0.1,0.27,0.08,112,22,104,118,63,9,15,Liga Americas
Champions Tour 2024 Americas Kickoff,eeiu,100T,"Fade, Sova",120,0.91,170.0,0.89,71,110.9,0.62,0.29,0.03,0.04,0.25,0.04,123,17,74,83,35,3,5,Liga Americas
Champions Tour 2024 Americas Kickoff,bang,100T,Viper,120,0.91,192.5,0.92,71,124.2,0.65,0.26,0.09,0.09,0.29,0.21,419,19,78,85,31,11,11,Liga Americas
Champions Tour 2024 Americas Kickoff,liazzi,FUR,"Viper, Omen, Astra",90,0.89,167.0,0.83,70,106.4,0.56,0.33,0.06,0.07,0.35,0.08,112,19,50,60,30,5,6,Liga Americas
Champions Tour 2024 Americas Kickoff,saadhak,LOUD,"Skye, Kayo, Killjoy",271,0.88,186.9,0.82,75,122.0,0.61,0.39,0.08,0.12,0.17,0.05,122,19,166,203,107,23,32,Liga Americas
Champions Tour 2024 Americas Kickoff,mta,KRÜ,Kayo,110,0.86,179.4,0.76,67,111.7,0.58,0.46,0.11,0.13,0.39,0.0,6,14,64,84,51,12,14,Liga Americas
Champions Tour 2024 Americas Kickoff,mazin,MIBR,"Skye, Viper, Kayo",274,0.83,161.6,0.79,66,109.1,0.54,0.38,0.07,0.09,0.29,0.14,535,19,147,187,103,19,25,Liga Americas
Champions Tour 2024 Americas Kickoff,asuna,100T,"Raze, Gekko",120,0.81,189.5,0.76,71,117.0,0.6,0.27,0.11,0.15,0.17,0.22,29,18,72,95,32,13,18,Liga Americas
Champions Tour 2024 Americas Kickoff,mazino,LEV,"Harbor, Omen, Astra",186,0.81,163.6,0.78,67,112.8,0.56,0.35,0.06,0.12,0.26,0.28,518,18,105,135,65,11,23,Liga Americas
Champions Tour 2024 Americas Kickoff,nature,EG,"Breach, Kayo",110,0.78,148.4,0.66,72,94.0,0.5,0.41,0.06,0.02,0.27,0.13,215,18,55,83,45,7,2,Liga Americas
Champions Tour 2024 Americas Kickoff,tex,LEV,"Gekko, Cypher, Killjoy",186,0.75,167.0,0.73,70,115.5,0.58,0.25,0.11,0.15,0.27,0.0,18,19,107,147,47,20,28,Liga Americas
Champions Tour 2024 Americas Kickoff,havoc,FUR,"Kayo, Raze",90,0.69,171.3,0.72,56,111.6,0.56,0.29,0.13,0.22,0.27,0.0,2,20,50,69,26,12,20,Liga Americas
Champions Tour 2024 Americas Kickoff,melser,KRÜ,"Viper, Omen, Astra",110,0.64,137.4,0.67,66,87.3,0.49,0.28,0.05,0.12,0.3,0.06,116,13,54,81,31,5,13,Liga Americas
Champions Tour 2023 Americas League,aspas,LOUD,"Jett, Neon, Raze",643,1.26,246.7,1.47,78,158.6,0.91,0.18,0.16,0.11,0.25,0.21,1573,33,585,398,113,106,70,Liga Americas
Champions Tour 2023 Americas League,less,LOUD,"Viper, Killjoy",643,1.18,234.2,1.32,75,152.5,0.81,0.23,0.1,0.09,0.26,0.19,1581,25,523,396,147,67,55,Liga Americas
Champions Tour 2023 Americas League,kingg,LEV,"Viper, Kayo, Breach",596,1.17,219.4,1.21,75,142.8,0.76,0.36,0.09,0.09,0.29,0.15,961,35,455,377,216,56,51,Liga Americas
Champions Tour 2023 Americas League,zekken,SEN,"Raze, Skye, Sova",478,1.13,242.6,1.12,74,161.9,0.82,0.27,0.14,0.14,0.23,0.22,1149,31,392,349,129,67,65,Liga Americas
Champions Tour 2023 Americas League,crashies,NRG,"Killjoy, Skye, Viper",772,1.12,202.1,1.11,78,132.9,0.71,0.43,0.06,0.06,0.27,0.21,23109,24,547,492,330,49,48,Liga Americas
Champions Tour 2023 Americas League,leaf,C9,"Killjoy, Skye, Jett",580,1.12,239.8,1.14,73,153.4,0.83,0.26,0.21,0.18,0.21,0.29,931,27,482,423,150,122,102,Liga Americas
Champions Tour 2023 Americas League,s0m,NRG,"Harbor, Omen, Viper",772,1.12,204.7,1.18,78,128.7,0.76,0.35,0.08,0.06,0.26,0.2,1471,26,589,500,268,58,49,Liga Americas
Champions Tour 2023 Americas League,nzr,LEV,"Skye, Sova, Raze",596,1.11,201.9,1.13,77,129.5,0.69,0.35,0.05,0.05,0.19,0.08,895,25,412,364,208,29,30,Liga Americas
Champions Tour 2023 Americas League,demon1,EG,"Jett, Killjoy, Brimstone",642,1.11,221.6,1.18,70,147.6,0.79,0.17,0.15,0.12,0.33,0.08,563,28,509,432,107,94,75,Liga Americas
Champions Tour 2023 Americas League,cryocells,100T,"Jett, Sage, Omen",511,1.08,219.1,1.08,72,142.7,0.77,0.25,0.18,0.16,0.21,0.09,553,33,394,365,127,93,82,Liga Americas
Champions Tour 2023 Americas League,victor,NRG,"Viper, Killjoy, Jett",772,1.08,221.5,1.11,75,142.7,0.75,0.29,0.15,0.12,0.2,0.21,1677,30,582,525,221,112,93,Liga Americas
Champions Tour 2023 Americas League,ethan,EG,"Skye, Breach, Kayo",710,1.06,196.1,0.98,75,124.1,0.66,0.52,0.08,0.06,0.22,0.13,1078,21,469,479,367,55,44,Liga Americas
Champions Tour 2023 Americas League,asuna,100T,"Skye, Raze, Kayo",511,1.05,206.7,0.98,73,136.6,0.7,0.4,0.11,0.11,0.19,0.12,759,27,357,365,205,54,55,Liga Americas
Champions Tour 2023 Americas League,bcj,EG,"Astra, Brimstone, Omen",68,1.05,186.7,0.92,74,115.6,0.65,0.51,0.07,0.06,0.2,0.17,212,18,44,48,35,5,4,Liga Americas
Champions Tour 2023 Americas League,zellsis,C9,"Phoenix, Killjoy, Harbor",580,1.04,187.7,1.07,73,126.8,0.67,0.24,0.07,0.08,0.19,0.21,1887,22,389,365,140,41,45,Liga Americas
Champions Tour 2023 Americas League,runi,C9,"Sage, Breach, Sova",580,1.04,186.8,0.98,76,126.7,0.65,0.36,0.07,0.05,0.26,0.16,1594,21,376,385,210,38,31,Liga Americas
Champions Tour 2023 Americas League,khalil,FUR,"Astra, Omen, Viper",667,1.04,183.6,1.04,76,125.1,0.66,0.28,0.04,0.06,0.26,0.12,1192,33,437,422,188,28,39,Liga Americas
Champions Tour 2023 Americas League,dgzin,FUR,"Chamber, Jett, Neon",667,1.03,223.7,1.07,71,138.2,0.79,0.14,0.22,0.17,0.27,0.18,1056,30,525,489,93,150,112,Liga Americas
Champions Tour 2023 Americas League,xeppaa,C9,"Skye, Raze, Kayo",580,1.03,206.0,1.01,73,134.9,0.73,0.37,0.08,0.08,0.25,0.16,745,28,421,415,212,47,48,Liga Americas
Champions Tour 2023 Americas League,ardiis,NRG,"Raze, Killjoy, Sage",772,1.02,215.8,1.07,73,141.2,0.74,0.24,0.19,0.13,0.18,0.15,961,27,569,532,182,147,101,Liga Americas
Champions Tour 2023 Americas League,cauanzin,LOUD,"Skye, Sova, Breach",643,1.02,199.6,1.05,78,126.5,0.7,0.37,0.09,0.09,0.22,0.2,1049,23,449,427,241,60,55,Liga Americas
Champions Tour 2023 Americas League,c0m,EG,"Gekko, Sova, Viper",710,1.02,184.2,0.99,74,123.4,0.63,0.33,0.07,0.08,0.22,0.15,19124,22,449,454,236,52,57,Liga Americas
Champions Tour 2023 Americas League,daveeys,KRÜ,"Raze, Kayo, Skye",399,1.02,190.8,0.95,72,124.7,0.67,0.39,0.08,0.09,0.25,0.15,854,31,267,281,157,31,37,Liga Americas
Champions Tour 2023 Americas League,marved,SEN,"Viper, Astra, Omen",297,1.02,190.6,0.98,70,129.2,0.69,0.3,0.1,0.12,0.3,0.2,525,27,204,209,90,29,36,Liga Americas
Champions Tour 2023 Americas League,keznit,KRÜ,"Jett, Raze",503,1.02,228.8,1.08,65,154.3,0.81,0.15,0.18,0.2,0.26,0.15,852,27,406,376,77,90,100,Liga Americas
Champions Tour 2023 Americas League,jakee,C9,"Astra, Brimstone, Omen",580,1.01,191.7,0.99,75,125.2,0.68,0.39,0.1,0.08,0.29,0.2,1260,24,394,400,226,59,47,Liga Americas
Champions Tour 2023 Americas League,boostio,EG,"Killjoy, Astra",710,1.0,205.2,1.02,70,138.8,0.72,0.21,0.1,0.13,0.24,0.16,1061,23,511,501,151,74,89,Liga Americas
Champions Tour 2023 Americas League,sacy,SEN,"Brimstone, Sage, Omen",478,1.0,196.5,0.95,71,129.6,0.68,0.34,0.08,0.08,0.31,0.12,757,23,324,340,163,38,36,Liga Americas
Champions Tour 2023 Americas League,bang,100T,"Brimstone, Astra, Omen",511,0.99,190.0,0.97,75,122.7,0.67,0.37,0.08,0.09,0.3,0.3,1137,25,343,354,191,41,44,Liga Americas
Champions Tour 2023 Americas League,rglmeister,MIBR,"Astra, Omen, Harbor",468,0.99,183.7,0.92,73,122.5,0.65,0.37,0.05,0.05,0.22,0.14,1074,24,305,331,173,23,24,Liga Americas
Champions Tour 2023 Americas League,tuyz,LOUD,"Astra, Harbor, Omen",643,0.98,167.1,0.98,79,108.8,0.61,0.41,0.05,0.07,0.26,0.14,963,21,393,400,263,35,43,Liga Americas
Champions Tour 2023 Americas League,mwzera,FUR,"Raze, Sova, Skye",667,0.98,204.0,0.96,74,137.9,0.69,0.34,0.08,0.11,0.2,0.16,1061,30,457,475,228,56,71,Liga Americas
Champions Tour 2023 Americas League,nagz,KRÜ,"Viper, Killjoy, Cypher",454,0.98,186.6,0.93,69,126.8,0.63,0.23,0.09,0.07,0.2,0.14,1178,20,285,307,106,40,32,Liga Americas
Champions Tour 2023 Americas League,derrek,100T,"Breach, Skye, Sova",511,0.98,184.3,0.91,72,127.8,0.62,0.36,0.06,0.06,0.29,0.08,679,23,317,350,183,33,32,Liga Americas
Champions Tour 2023 Americas League,mazino,LEV,"Harbor, Omen, Astra",596,0.96,194.5,0.94,72,123.6,0.67,0.39,0.11,0.1,0.24,0.09,332,23,401,425,234,68,59,Liga Americas
Champions Tour 2023 Americas League,saadhak,LOUD,"Gekko, Viper, Kayo",643,0.96,198.1,0.93,71,129.7,0.63,0.41,0.12,0.12,0.18,0.14,859,22,406,435,265,75,78,Liga Americas
Champions Tour 2023 Americas League,shyy,LEV,"Killjoy, Skye",596,0.96,181.2,0.94,71,126.3,0.63,0.24,0.09,0.06,0.2,0.06,465,28,373,396,143,53,38,Liga Americas
Champions Tour 2023 Americas League,txozin,MIBR,Killjoy,98,0.95,169.0,0.83,66,125.3,0.56,0.18,0.12,0.08,0.18,0.24,521,17,55,66,18,12,8,Liga Americas
Champions Tour 2023 Americas League,pancada,SEN,"Killjoy, Viper, Astra",478,0.95,177.6,0.93,70,122.1,0.61,0.2,0.04,0.07,0.24,0.13,1188,22,290,311,97,20,34,Liga Americas
Champions Tour 2023 Americas League,heat,MIBR,"Jett, Raze",370,0.94,204.6,0.96,65,135.5,0.71,0.12,0.15,0.18,0.25,0.06,236,23,263,273,46,56,67,Liga Americas
Champions Tour 2023 Americas League,frz,MIBR,"Kayo, Killjoy, Cypher",468,0.94,191.5,0.89,71,134.1,0.64,0.23,0.09,0.08,0.3,0.1,658,27,301,339,107,40,39,Liga Americas
Champions Tour 2023 Americas League,tenz,SEN,"Jett, Sage, Neon",304,0.94,200.8,0.97,67,135.4,0.69,0.22,0.15,0.2,0.19,0.12,326,25,211,217,67,47,62,Liga Americas
Champions Tour 2023 Americas League,mazin,FUR,"Skye, Kayo, Breach",667,0.93,169.8,0.91,70,110.9,0.61,0.34,0.06,0.1,0.28,0.18,1584,28,408,447,228,43,67,Liga Americas
Champions Tour 2023 Americas League,melser,KRÜ,"Astra, Omen, Viper",503,0.93,182.2,0.88,72,121.1,0.63,0.36,0.06,0.08,0.29,0.11,870,21,317,360,182,32,39,Liga Americas
Champions Tour 2023 Americas League,ambition,FUR,"Viper, Killjoy, Harbor",667,0.92,180.0,0.91,67,122.7,0.63,0.23,0.06,0.09,0.27,0.14,1073,28,421,461,153,41,59,Liga Americas
Champions Tour 2023 Americas League,jzz,MIBR,"Skye, Fade, Sova",468,0.92,187.6,0.89,72,119.6,0.66,0.33,0.11,0.12,0.28,0.11,544,30,310,348,153,50,58,Liga Americas
Champions Tour 2023 Americas League,jawgemo,EG,"Harbor, Raze, Jett",710,0.91,203.4,0.89,72,130.5,0.68,0.33,0.1,0.13,0.19,0.05,244,22,483,541,234,70,91,Liga Americas
Champions Tour 2023 Americas League,tacolilla,LEV,"Jett, Raze, Sage",596,0.89,188.1,0.93,68,121.7,0.65,0.19,0.17,0.18,0.19,0.12,543,34,388,417,113,101,110,Liga Americas
Champions Tour 2023 Americas League,stellar,100T,"Killjoy, Cypher, Viper",511,0.87,172.8,0.84,69,113.3,0.59,0.23,0.07,0.08,0.2,0.05,361,21,300,358,117,37,40,Liga Americas
Champions Tour 2023 Americas League,murizzz,MIBR,"Viper, Breach, Kayo",468,0.85,172.0,0.83,65,118.7,0.6,0.33,0.06,0.13,0.24,0.11,547,24,283,342,156,30,60,Liga Americas
Champions Tour 2023 Americas League,finesse,NRG,"Skye, Breach, Killjoy",772,0.83,169.1,0.8,70,114.8,0.55,0.32,0.07,0.09,0.18,0.16,1277,16,425,533,244,51,66,Liga Americas
Champions Tour 2023 Americas League,axeddy,KRÜ,"Harbor, Kayo, Raze",153,0.8,170.6,0.74,69,112.4,0.56,0.28,0.06,0.15,0.24,0.14,214,23,86,116,43,9,23,Liga Americas
Champions Tour 2023 Americas League,klaus,KRÜ,"Skye, Sova, Gekko",503,0.79,165.0,0.74,69,103.6,0.57,0.4,0.07,0.07,0.19,0.03,137,22,285,383,202,33,37,Liga Americas
Champions Tour 2023 Americas League,dephh,SEN,"Breach, Astra, Kayo",355,0.75,152.8,0.69,67,101.4,0.52,0.38,0.05,0.08,0.23,0.16,637,21,185,269,134,17,27,Liga Americas
Champions Tour 2023 Americas Last Chance Qualifier,keznit,KRÜ,"Raze, Jett",280,1.32,274.7,1.33,82,181.3,0.93,0.32,0.17,0.12,0.17,0.25,520,29,261,196,90,47,34,Qualifiers / Tier 2
Champions Tour 2023 Americas Last Chance Qualifier,kingg,LEV,"Viper, Kayo, Raze",266,1.22,233.2,1.28,79,153.2,0.8,0.39,0.11,0.1,0.29,0.15,427,22,213,167,104,30,27,Qualifiers / Tier 2
Champions Tour 2023 Americas Last Chance Qualifier,cryocells,100T,"Jett, Chamber",66,1.19,276.0,1.25,67,170.2,0.98,0.09,0.27,0.14,0.29,0.17,16,32,65,52,6,18,9,Qualifiers / Tier 2
Champions Tour 2023 Americas Last Chance Qualifier,zekken,SEN,"Jett, Raze",164,1.14,251.0,1.19,71,172.9,0.86,0.25,0.14,0.17,0.23,0.26,519,26,141,118,41,23,28,Qualifiers / Tier 2
Champions Tour 2023 Americas Last Chance Qualifier,mwzera,FUR,"Raze, Killjoy, Viper",67,1.1,242.0,1.06,63,155.9,0.78,0.15,0.07,0.09,0.15,0.13,18,20,52,49,10,5,6,Qualifiers / Tier 2
Champions Tour 2023 Americas Last Chance Qualifier,melser,KRÜ,"Brimstone, Omen, Astra",280,1.09,204.5,1.21,78,130.8,0.75,0.3,0.1,0.09,0.32,0.21,628,19,211,175,83,28,24,Qualifiers / Tier 2
Champions Tour 2023 Americas Last Chance Qualifier,daveeys,KRÜ,"Cypher, Killjoy, Chamber",280,1.07,185.9,1.18,73,121.4,0.69,0.21,0.1,0.1,0.31,0.24,834,19,193,164,58,28,28,Qualifiers / Tier 2
Champions Tour 2023 Americas Last Chance Qualifier,klaus,KRÜ,"Skye, Sova",280,1.07,205.0,1.09,80,124.7,0.74,0.48,0.13,0.08,0.23,0.28,518,22,206,189,133,35,22,Qualifiers / Tier 2
Champions Tour 2023 Americas Last Chance Qualifier,frz,MIBR,"Chamber, Skye",41,1.06,233.0,1.06,73,152.9,0.8,0.24,0.2,0.1,0.29,0.0,4,18,33,31,10,8,4,Qualifiers / Tier 2
Champions Tour 2023 Americas Last Chance Qualifier,jzz,MIBR,Raze,41,1.06,225.0,1.03,68,146.0,0.76,0.1,0.17,0.17,0.33,0.0,6,16,31,30,4,7,7,Qualifiers / Tier 2
Champions Tour 2023 Americas Last Chance Qualifier,nzr,LEV,"Raze, Fade, Skye",266,1.06,184.7,1.06,80,124.5,0.65,0.32,0.07,0.06,0.2,0.04,245,24,172,163,84,18,15,Qualifiers / Tier 2
Champions Tour 2023 Americas Last Chance Qualifier,shyy,LEV,"Skye, Killjoy",266,1.04,192.3,1.01,71,136.3,0.68,0.31,0.06,0.06,0.25,0.15,533,32,181,180,82,16,16,Qualifiers / Tier 2
Champions Tour 2023 Americas Last Chance Qualifier,stellar,100T,"Killjoy, Viper, Harbor",66,1.01,199.0,1.02,73,135.4,0.7,0.24,0.08,0.11,0.25,0.09,111,21,46,45,16,5,7,Qualifiers / Tier 2
Champions Tour 2023 Americas Last Chance Qualifier,tenz,SEN,"Kayo, Jett, Yoru",164,1.01,215.1,0.96,73,134.1,0.73,0.46,0.14,0.11,0.24,0.11,19,19,120,125,76,23,18,Qualifiers / Tier 2
Champions Tour 2023 Americas Last Chance Qualifier,pancada,SEN,"Killjoy, Viper, Cypher",164,1.0,167.0,1.03,72,118.0,0.6,0.16,0.04,0.04,0.27,0.12,326,17,99,96,27,7,7,Qualifiers / Tier 2
Champions Tour 2023 Americas Last Chance Qualifier,murizzz,MIBR,"Skye, Viper",41,0.99,196.0,0.87,61,143.0,0.66,0.24,0.05,0.05,0.29,0.14,17,14,27,31,10,2,2,Qualifiers / Tier 2
Champions Tour 2023 Americas Last Chance Qualifier,mazino,LEV,"Astra, Omen, Harbor",266,0.98,206.4,1.02,72,133.0,0.73,0.35,0.08,0.09,0.23,0.14,322,26,195,192,93,21,23,Qualifiers / Tier 2
Champions Tour 2023 Americas Last Chance Qualifier,leaf,C9,"Jett, Killjoy, Skye",222,0.98,228.8,0.97,66,150.8,0.78,0.2,0.18,0.22,0.27,0.18,317,21,173,178,45,40,48,Qualifiers / Tier 2
Champions Tour 2023 Americas Last Chance Qualifier,zellsis,C9,"Harbor, Breach, Cypher",222,0.96,170.5,0.9,72,111.7,0.59,0.29,0.06,0.06,0.18,0.21,838,17,132,146,64,14,14,Qualifiers / Tier 2
Champions Tour 2023 Americas Last Chance Qualifier,sacy,SEN,"Sova, Skye, Breach",164,0.95,183.4,0.96,71,122.1,0.67,0.4,0.07,0.07,0.26,0.04,125,20,110,115,65,12,12,Qualifiers / Tier 2
Champions Tour 2023 Americas Last Chance Qualifier,asuna,100T,"Skye, Raze, Yoru",66,0.94,195.3,0.89,70,123.9,0.62,0.27,0.09,0.09,0.17,0.0,6,17,41,46,18,6,6,Qualifiers / Tier 2
Champions Tour 2023 Americas Last Chance Qualifier,runi,C9,"Killjoy, Fade, Breach",222,0.94,167.0,0.87,70,111.2,0.6,0.31,0.05,0.04,0.28,0.18,845,18,134,154,68,11,8,Qualifiers / Tier 2
Champions Tour 2023 Americas Last Chance Qualifier,jakee,C9,"Viper, Brimstone, Astra",222,0.93,188.4,0.88,72,124.5,0.67,0.31,0.08,0.12,0.32,0.35,926,23,149,169,68,17,27,Qualifiers / Tier 2
Champions Tour 2023 Americas Last Chance Qualifier,nagz,KRÜ,"Viper, Killjoy",280,0.92,153.8,0.92,73,105.5,0.55,0.26,0.06,0.06,0.25,0.21,733,19,153,166,74,18,16,Qualifiers / Tier 2
Champions Tour 2023 Americas Last Chance Qualifier,dgzin,FUR,Jett,67,0.91,220.7,1.0,69,134.7,0.78,0.12,0.24,0.22,0.3,0.2,15,24,52,52,8,16,15,Qualifiers / Tier 2
Champions Tour 2023 Americas Last Chance Qualifier,kon4n,FUR,"Skye, Sova",67,0.9,180.7,0.82,72,131.5,0.6,0.45,0.01,0.04,0.19,0.29,27,19,40,49,30,1,3,Qualifiers / Tier 2
Champions Tour 2023 Americas Last Chance Qualifier,xeppaa,C9,"Skye, Raze, Killjoy",222,0.9,197.6,0.84,71,128.7,0.66,0.4,0.06,0.13,0.2,0.06,116,18,146,173,88,14,29,Qualifiers / Tier 2
Champions Tour 2023 Americas Last Chance Qualifier,khalil,FUR,"Astra, Omen",67,0.89,158.7,0.89,75,107.3,0.58,0.3,0.06,0.01,0.31,0.0,8,17,39,44,20,4,1,Qualifiers / Tier 2
Champions Tour 2023 Americas Last Chance Qualifier,mazin,FUR,"Viper, Kayo, Skye",67,0.88,174.7,0.85,72,105.9,0.6,0.33,0.09,0.15,0.32,0.09,111,17,40,47,22,6,10,Qualifiers / Tier 2
Champions Tour 2023 Americas Last Chance Qualifier,tacolilla,LEV,"Jett, Raze, Chamber",266,0.83,184.0,0.86,68,121.1,0.64,0.14,0.2,0.18,0.18,0.09,111,19,170,197,38,52,48,Qualifiers / Tier 2
Champions Tour 2023 Americas Last Chance Qualifier,bang,100T,"Omen, Astra, Brimstone",66,0.83,161.0,0.75,71,118.2,0.55,0.38,0.0,0.12,0.29,0.13,18,18,36,48,25,0,8,Qualifiers / Tier 2
Champions Tour 2023 Americas Last Chance Qualifier,marved,SEN,"Astra, Brimstone",164,0.83,171.5,0.79,71,116.1,0.6,0.39,0.1,0.11,0.27,0.11,19,20,98,124,64,16,18,Qualifiers / Tier 2
Champions Tour 2023 Americas Last Chance Qualifier,rglmeister,MIBR,"Brimstone, Omen",41,0.8,152.0,0.79,73,102.3,0.54,0.34,0.05,0.05,0.23,0.0,3,13,22,28,14,2,2,Qualifiers / Tier 2
Champions Tour 2023 Americas Last Chance Qualifier,derrek,100T,"Harbor, Skye",66,0.68,121.3,0.53,68,86.5,0.41,0.32,0.03,0.08,0.3,0.18,211,14,27,51,21,2,5,Qualifiers / Tier 2
Champions Tour 2023 Americas Last Chance Qualifier,txozin,MIBR,"Viper, Killjoy",41,0.54,109.0,0.4,59,77.5,0.29,0.27,0.02,0.15,0.09,0.0,5,9,12,30,11,1,6,Qualifiers / Tier 2
Vct 2026 Emea Kickoff,hiro,NAVI,"Viper, Killjoy, Tejo",261,1.3,235.7,1.44,74,158.8,0.87,0.23,0.09,0.08,0.31,0.29,1138,33,228,158,59,24,20,Liga EMEA
Vct 2026 Emea Kickoff,marteen,M8,Yoru,370,1.27,251.7,1.38,76,160.5,0.91,0.25,0.18,0.11,0.31,0.14,537,39,337,245,91,66,42,Liga EMEA
Vct 2026 Emea Kickoff,lovers rock,BBL,Yoru,262,1.18,251.1,1.31,75,153.9,0.89,0.19,0.19,0.1,0.23,0.14,428,31,234,178,51,49,27,Liga EMEA
Vct 2026 Emea Kickoff,alfajer,FNC,"Sage, Killjoy, Vyse",474,1.17,236.5,1.22,75,160.7,0.84,0.17,0.16,0.09,0.34,0.15,852,34,400,329,81,75,43,Liga EMEA
Vct 2026 Emea Kickoff,minny,M8,"Brimstone, Viper, Cypher",370,1.15,213.3,1.22,75,140.8,0.79,0.22,0.1,0.08,0.4,0.16,638,27,291,238,83,37,31,Liga EMEA
Vct 2026 Emea Kickoff,seven,PCF,"Yoru, Kayo, Sage",169,1.13,214.6,1.04,67,141.7,0.75,0.36,0.14,0.11,0.3,0.14,214,27,126,121,61,23,18,Liga EMEA
Vct 2026 Emea Kickoff,chronicle,VIT,"Viper, Chamber, Sage",280,1.12,216.6,1.22,71,141.8,0.76,0.19,0.11,0.09,0.27,0.05,237,25,214,175,53,30,24,Liga EMEA
Vct 2026 Emea Kickoff,derke,VIT,"Jett, Phoenix, Yoru",280,1.11,240.6,1.14,71,155.4,0.82,0.24,0.18,0.14,0.26,0.05,119,25,230,202,66,51,40,Liga EMEA
Vct 2026 Emea Kickoff,loita,BBL,"Viper, Omen, Astra",262,1.11,189.7,1.13,73,129.1,0.68,0.37,0.06,0.09,0.39,0.28,725,23,179,159,97,17,24,Liga EMEA
Vct 2026 Emea Kickoff,veqaj,FNC,"Viper, Kayo, Jett",474,1.1,223.0,1.11,71,145.0,0.76,0.39,0.1,0.1,0.33,0.11,544,26,362,327,185,46,46,Liga EMEA
Vct 2026 Emea Kickoff,dos9,KC,"Astra, Omen",230,1.1,203.1,1.13,80,127.9,0.72,0.4,0.05,0.1,0.33,0.16,531,25,166,147,93,12,22,Liga EMEA
Vct 2026 Emea Kickoff,miniboo,TL,"Yoru, Waylay, Raze",477,1.09,232.7,1.13,74,150.2,0.81,0.22,0.18,0.16,0.32,0.19,527,31,386,341,104,87,74,Liga EMEA
Vct 2026 Emea Kickoff,ruxic,NAVI,"Chamber, Viper, Omen",261,1.08,208.8,1.13,69,138.8,0.74,0.21,0.12,0.12,0.23,0.04,246,24,194,172,55,32,31,Liga EMEA
Vct 2026 Emea Kickoff,lar0k,BBL,"Jett, Waylay, Neon",262,1.07,228.7,1.12,71,146.4,0.81,0.23,0.16,0.14,0.32,0.21,419,26,212,190,60,43,36,Liga EMEA
Vct 2026 Emea Kickoff,al0rante,PCF,"Astra, Brimstone, Killjoy",169,1.07,226.8,1.06,69,148.2,0.82,0.21,0.06,0.09,0.45,0.04,124,23,139,131,35,10,16,Liga EMEA
Vct 2026 Emea Kickoff,nats,TL,"Viper, Killjoy, Astra",477,1.06,210.3,1.12,72,144.8,0.74,0.21,0.08,0.1,0.27,0.15,1066,25,353,315,101,37,46,Liga EMEA
Vct 2026 Emea Kickoff,wayne,TL,"Omen, Astra, Brimstone",405,1.06,190.6,1.06,79,124.7,0.69,0.39,0.05,0.06,0.34,0.14,750,22,281,264,158,22,24,Liga EMEA
Vct 2026 Emea Kickoff,benjyfishy,TH,"Viper, Cypher, Veto",285,1.04,203.8,1.06,66,133.8,0.75,0.23,0.12,0.09,0.38,0.17,635,26,214,202,66,33,25,Liga EMEA
Vct 2026 Emea Kickoff,crashies,FNC,"Sova, Fade",474,1.03,192.6,1.06,72,126.4,0.69,0.24,0.05,0.05,0.32,0.11,979,25,325,308,114,22,22,Liga EMEA
Vct 2026 Emea Kickoff,suygetsu,KC,"Viper, Cypher, Astra",230,1.02,196.1,1.07,70,133.2,0.7,0.24,0.09,0.08,0.36,0.17,530,18,160,150,56,21,18,Liga EMEA
Vct 2026 Emea Kickoff,kicks,TL,"Astra, Brimstone, Omen",72,1.02,165.0,0.98,69,114.5,0.57,0.4,0.07,0.03,0.26,0.22,29,17,41,42,29,5,2,Liga EMEA
Vct 2026 Emea Kickoff,flickless,GX,"Kayo, Viper, Breach",262,1.0,188.8,0.96,69,120.1,0.67,0.4,0.09,0.06,0.27,0.24,521,23,175,183,105,23,17,Liga EMEA
Vct 2026 Emea Kickoff,lewn,KC,"Waylay, Yoru, Jett",230,1.0,222.5,1.05,71,134.8,0.77,0.16,0.19,0.17,0.34,0.13,323,21,176,167,37,43,39,Liga EMEA
Vct 2026 Emea Kickoff,kamo,TL,"Sova, Fade, Tejo",477,0.99,201.3,1.01,73,132.1,0.71,0.26,0.1,0.12,0.36,0.21,628,29,337,333,125,49,59,Liga EMEA
Vct 2026 Emea Kickoff,comeback,TH,"Raze, Neon, Waylay",285,0.99,215.8,0.98,68,138.4,0.75,0.19,0.18,0.14,0.32,0.06,116,29,214,218,53,50,39,Liga EMEA
Vct 2026 Emea Kickoff,audaz,ULF,"Viper, Omen, Brimstone",175,0.98,184.9,0.88,73,119.1,0.65,0.31,0.08,0.06,0.43,0.07,230,19,113,129,54,14,11,Liga EMEA
Vct 2026 Emea Kickoff,xeus,FUT,"Waylay, Raze, Neon",187,0.98,204.1,1.01,68,133.2,0.76,0.13,0.18,0.16,0.41,0.13,216,33,143,142,24,34,30,Liga EMEA
Vct 2026 Emea Kickoff,cloud,GX,"Sova, Skye, Tejo",262,0.97,198.0,0.97,74,140.1,0.7,0.28,0.06,0.08,0.26,0.16,531,29,183,188,74,16,20,Liga EMEA
Vct 2026 Emea Kickoff,mrfalin,FUT,"Sova, Omen, Fade",187,0.97,173.6,0.9,65,116.6,0.63,0.33,0.07,0.1,0.33,0.13,432,28,117,130,61,13,19,Liga EMEA
Vct 2026 Emea Kickoff,boo,TH,"Brimstone, Omen, Astra",285,0.97,163.9,0.9,77,105.9,0.59,0.42,0.06,0.05,0.32,0.07,457,17,168,187,121,17,15,Liga EMEA
Vct 2026 Emea Kickoff,riens,TH,"Fade, Sova, Gekko",285,0.97,197.2,0.99,69,133.9,0.72,0.23,0.09,0.06,0.37,0.24,729,23,206,209,65,27,18,Liga EMEA
Vct 2026 Emea Kickoff,bipo,M8,"Waylay, Raze, Neon",370,0.97,202.8,1.05,69,132.6,0.73,0.19,0.11,0.15,0.26,0.15,427,23,269,256,71,41,56,Liga EMEA
Vct 2026 Emea Kickoff,jamppi,VIT,"Yoru, Tejo, Sova",280,0.96,204.0,1.02,67,130.0,0.73,0.19,0.11,0.12,0.32,0.29,621,25,203,200,53,32,34,Liga EMEA
Vct 2026 Emea Kickoff,profek,VIT,"Omen, Astra, Brimstone",280,0.96,174.4,1.01,74,113.3,0.63,0.29,0.06,0.06,0.29,0.25,728,23,176,175,82,18,16,Liga EMEA
Vct 2026 Emea Kickoff,avez,KC,"Tejo, Phoenix, Kayo",230,0.96,205.3,0.95,70,133.4,0.7,0.32,0.1,0.13,0.26,0.08,113,22,161,170,73,23,31,Liga EMEA
Vct 2026 Emea Kickoff,purp0,TL,"Jett, Waylay, Kayo",477,0.96,167.5,0.97,73,110.5,0.61,0.23,0.08,0.07,0.44,0.13,971,23,292,300,112,38,33,Liga EMEA
Vct 2026 Emea Kickoff,wo0t,TH,"Yoru, Fade, Kayo",285,0.96,189.0,0.94,76,126.1,0.65,0.29,0.12,0.09,0.31,0.15,426,22,186,198,84,33,27,Liga EMEA
Vct 2026 Emea Kickoff,kaajak,FNC,"Neon, Yoru, Jett",474,0.95,202.7,1.03,65,129.5,0.73,0.15,0.17,0.17,0.32,0.12,325,30,344,334,72,82,82,Liga EMEA
Vct 2026 Emea Kickoff,westside,GX,"Killjoy, Sage, Chamber",262,0.94,185.7,0.96,67,129.5,0.69,0.14,0.12,0.1,0.37,0.19,632,26,180,187,37,32,25,Liga EMEA
Vct 2026 Emea Kickoff,starxo,M8,"Sova, Fade",370,0.94,180.8,0.93,69,120.6,0.62,0.27,0.07,0.06,0.25,0.25,936,22,229,245,99,25,23,Liga EMEA
Vct 2026 Emea Kickoff,grubinho,GX,"Astra, Brimstone, Omen",262,0.92,174.3,0.88,69,112.6,0.61,0.35,0.08,0.08,0.29,0.15,533,19,160,182,91,20,21,Liga EMEA
Vct 2026 Emea Kickoff,glyph,M8,Astra,370,0.91,159.6,0.89,73,101.7,0.56,0.36,0.07,0.06,0.22,0.1,551,18,206,232,134,25,23,Liga EMEA
Vct 2026 Emea Kickoff,nekky,ULF,"Sova, Fade, Skye",175,0.9,189.7,0.88,67,130.8,0.66,0.23,0.06,0.06,0.27,0.24,625,23,116,132,41,10,10,Liga EMEA
Vct 2026 Emea Kickoff,ara,GX,"Neon, Raze, Waylay",262,0.9,183.8,0.93,68,118.4,0.66,0.16,0.16,0.17,0.3,0.29,1035,21,173,186,42,43,45,Liga EMEA
Vct 2026 Emea Kickoff,yetujey,FUT,"Cypher, Waylay, Omen",187,0.89,174.3,0.83,68,119.2,0.58,0.21,0.07,0.12,0.28,0.11,328,20,109,131,39,13,22,Liga EMEA
Vct 2026 Emea Kickoff,ninja,PCF,"Sova, Tejo, Fade",169,0.89,181.3,0.87,68,121.6,0.64,0.26,0.06,0.09,0.26,0.09,223,20,108,124,44,10,15,Liga EMEA
Vct 2026 Emea Kickoff,rosé,BBL,"Sova, Fade",262,0.88,169.9,0.89,71,120.1,0.6,0.23,0.05,0.05,0.25,0.24,834,23,156,175,61,12,12,Liga EMEA
Vct 2026 Emea Kickoff,qpert,PCF,"Omen, Astra",169,0.86,142.4,0.73,70,95.3,0.49,0.3,0.05,0.09,0.31,0.15,426,16,82,112,51,8,16,Liga EMEA
Vct 2026 Emea Kickoff,sheydos,KC,"Skye, Sova, Fade",230,0.86,156.9,0.83,73,101.7,0.55,0.27,0.04,0.05,0.3,0.14,429,16,126,152,62,10,11,Liga EMEA
Vct 2026 Emea Kickoff,favian,ULF,"Jett, Breach, Viper",175,0.85,190.8,0.83,67,125.1,0.69,0.26,0.1,0.11,0.32,0.18,317,20,121,146,45,18,20,Liga EMEA
Vct 2026 Emea Kickoff,krostaly,FUT,"Tejo, Fade, Kayo",187,0.85,173.8,0.84,70,113.9,0.63,0.17,0.07,0.08,0.31,0.1,221,24,117,140,31,13,15,Liga EMEA
Vct 2026 Emea Kickoff,sociablee,NAVI,"Skye, Omen, Yoru",261,0.85,171.7,0.85,69,112.0,0.61,0.29,0.05,0.11,0.25,0.0,18,18,158,186,76,13,28,Liga EMEA
Vct 2026 Emea Kickoff,crewen,BBL,"Cypher, Viper",262,0.84,167.5,0.88,67,108.6,0.62,0.2,0.06,0.1,0.34,0.09,333,28,162,185,53,16,27,Liga EMEA
Vct 2026 Emea Kickoff,filu,NAVI,"Raze, Yoru, Neon",261,0.84,194.1,0.9,67,132.7,0.68,0.14,0.13,0.15,0.28,0.14,214,23,177,197,37,33,40,Liga EMEA
Vct 2026 Emea Kickoff,unfake,VIT,"Sova, Fade, Killjoy",280,0.83,149.1,0.77,69,104.8,0.51,0.24,0.05,0.07,0.32,0.08,339,16,142,185,67,15,19,Liga EMEA
Vct 2026 Emea Kickoff,d3mur,ULF,"Yoru, Neon, Waylay",175,0.8,181.1,0.87,63,114.8,0.64,0.13,0.11,0.22,0.26,0.36,514,21,112,129,22,20,38,Liga EMEA
Vct 2026 Emea Kickoff,cned,PCF,"Waylay, Yoru",169,0.78,160.5,0.75,66,102.8,0.58,0.19,0.13,0.18,0.27,0.07,115,15,98,130,32,22,30,Liga EMEA
Vct 2026 Emea Kickoff,shao,NAVI,"Omen, Sova, Brimstone",261,0.78,149.7,0.71,67,101.5,0.51,0.28,0.08,0.08,0.36,0.1,330,17,132,186,73,20,20,Liga EMEA
Vct 2026 Emea Kickoff,boaster,FNC,"Astra, Omen, Brimstone",474,0.77,134.2,0.7,68,88.7,0.47,0.34,0.04,0.08,0.28,0.1,551,20,221,317,159,18,38,Liga EMEA
Vct 2026 Emea Kickoff,sturnn,ULF,"Astra, Killjoy, Viper",175,0.72,162.2,0.75,64,99.0,0.59,0.17,0.07,0.12,0.25,0.08,226,15,103,138,30,12,21,Liga EMEA
Vct 2026 Emea Kickoff,baha,FUT,"Astra, Viper, Killjoy",187,0.68,158.8,0.69,58,103.6,0.55,0.18,0.05,0.09,0.3,0.18,317,20,102,147,33,10,17,Liga EMEA
Vct 2025 Emea Stage 2,ruxic,NAVI,"Viper, Omen",472,1.23,246.4,1.36,75,159.4,0.91,0.3,0.12,0.08,0.31,0.15,959,31,430,317,142,56,39,Liga EMEA
Vct 2025 Emea Stage 2,keiko,TL,"Brimstone, Killjoy, Raze",494,1.21,233.4,1.33,77,148.6,0.85,0.29,0.11,0.09,0.32,0.23,1043,26,422,317,141,53,44,Liga EMEA
Vct 2025 Emea Stage 2,suygetsu,KC,"Astra, Omen, Viper",389,1.16,214.6,1.2,76,139.4,0.79,0.32,0.08,0.09,0.41,0.2,1366,26,306,254,126,30,34,Liga EMEA
Vct 2025 Emea Stage 2,nats,TL,"Viper, Vyse, Cypher",494,1.15,231.4,1.19,77,152.3,0.81,0.33,0.1,0.06,0.25,0.13,755,30,400,337,161,48,31,Liga EMEA
Vct 2025 Emea Stage 2,riens,TH,"Sova, Fade, Gekko",334,1.15,226.8,1.15,75,155.8,0.8,0.31,0.07,0.03,0.35,0.24,1041,24,267,232,105,22,10,Liga EMEA
Vct 2025 Emea Stage 2,hiro,NAVI,"Killjoy, Cypher, Viper",472,1.14,220.1,1.19,74,149.6,0.81,0.25,0.1,0.09,0.35,0.12,757,32,380,320,118,47,44,Liga EMEA
Vct 2025 Emea Stage 2,wo0t,TH,"Kayo, Iso, Waylay",334,1.12,227.3,1.18,74,149.4,0.82,0.28,0.15,0.11,0.38,0.3,827,28,274,233,92,51,37,Liga EMEA
Vct 2025 Emea Stage 2,derke,VIT,"Neon, Raze, Yoru",299,1.12,244.5,1.12,71,162.1,0.85,0.18,0.17,0.16,0.26,0.25,416,23,253,225,55,50,48,Liga EMEA
Vct 2025 Emea Stage 2,less,VIT,"Cypher, Viper, Chamber",299,1.11,205.9,1.17,75,132.9,0.76,0.22,0.09,0.09,0.32,0.18,951,24,227,194,67,28,26,Liga EMEA
Vct 2025 Emea Stage 2,sayf,VIT,"Iso, Vyse",44,1.11,176.0,0.93,70,123.0,0.61,0.2,0.02,0.07,0.37,0.18,211,17,27,29,9,1,3,Liga EMEA
Vct 2025 Emea Stage 2,kaajak,FNC,"Raze, Jett, Yoru",448,1.1,235.9,1.14,68,150.8,0.82,0.15,0.17,0.13,0.35,0.36,1028,26,368,324,69,74,59,Liga EMEA
Vct 2025 Emea Stage 2,trexx,TL,"Gekko, Kayo, Fade",494,1.09,203.5,1.07,74,130.1,0.69,0.44,0.06,0.06,0.2,0.19,1368,26,341,318,215,32,29,Liga EMEA
Vct 2025 Emea Stage 2,avez,KC,"Gekko, Raze, Sova",389,1.07,223.1,1.12,69,144.3,0.78,0.23,0.11,0.11,0.32,0.33,1030,28,304,272,88,44,42,Liga EMEA
Vct 2025 Emea Stage 2,alfajer,FNC,"Tejo, Killjoy, Chamber",448,1.06,221.9,1.15,68,148.6,0.81,0.13,0.14,0.11,0.36,0.14,644,29,363,317,60,64,48,Liga EMEA
Vct 2025 Emea Stage 2,ara,GX,"Neon, Raze, Jett",625,1.05,216.7,1.12,70,140.3,0.77,0.15,0.18,0.13,0.26,0.17,1164,31,482,431,91,111,81,Liga EMEA
Vct 2025 Emea Stage 2,crashies,FNC,"Fade, Sova",448,1.05,191.5,1.03,75,133.5,0.67,0.31,0.05,0.06,0.33,0.16,1167,22,301,292,141,23,29,Liga EMEA
Vct 2025 Emea Stage 2,cned,FUT,"Omen, Yoru",247,1.05,215.8,1.05,68,138.6,0.79,0.26,0.12,0.11,0.33,0.11,437,25,194,184,65,29,27,Liga EMEA
Vct 2025 Emea Stage 2,profek,BBL,"Viper, Omen, Astra",519,1.04,191.5,1.03,71,130.1,0.69,0.3,0.07,0.06,0.26,0.16,1167,24,358,348,158,36,33,Liga EMEA
Vct 2025 Emea Stage 2,marteen,KC,"Yoru, Omen, Waylay",389,1.04,215.9,1.09,70,138.7,0.78,0.25,0.15,0.15,0.34,0.12,434,26,302,277,96,58,59,Liga EMEA
Vct 2025 Emea Stage 2,grubinho,GX,"Omen, Astra, Viper",625,1.03,202.2,1.01,72,132.1,0.7,0.4,0.1,0.1,0.29,0.24,1876,26,437,434,253,62,63,Liga EMEA
Vct 2025 Emea Stage 2,westside,GX,"Cypher, Deadlock, Killjoy",625,1.03,196.1,1.07,68,130.2,0.72,0.19,0.1,0.08,0.44,0.19,1683,21,448,420,117,63,52,Liga EMEA
Vct 2025 Emea Stage 2,yetujey,FUT,"Viper, Cypher, Vyse",247,1.03,202.6,1.02,70,137.9,0.71,0.21,0.1,0.1,0.27,0.2,944,24,175,171,53,24,25,Liga EMEA
Vct 2025 Emea Stage 2,chronicle,FNC,"Viper, Sage, Vyse",448,1.02,206.2,1.02,69,139.7,0.71,0.28,0.09,0.1,0.27,0.11,872,28,320,314,125,39,43,Liga EMEA
Vct 2025 Emea Stage 2,patitek,TL,"Skye, Gekko, Omen",494,1.02,185.9,1.04,77,122.4,0.68,0.37,0.09,0.09,0.25,0.21,1362,25,334,322,185,46,46,Liga EMEA
Vct 2025 Emea Stage 2,minny,M8,"Viper, Cypher, Vyse",306,1.01,199.1,0.99,70,135.5,0.71,0.22,0.08,0.12,0.36,0.2,944,34,217,219,67,26,38,Liga EMEA
Vct 2025 Emea Stage 2,miniboo,TH,"Omen, Yoru, Neon",334,1.0,223.9,1.06,71,145.6,0.8,0.19,0.2,0.15,0.31,0.17,423,27,266,251,63,66,51,Liga EMEA
Vct 2025 Emea Stage 2,alexiiik,NAVI,"Jett, Neon, Raze",472,1.0,210.5,1.08,68,136.7,0.77,0.14,0.16,0.17,0.26,0.11,327,25,362,334,66,75,78,Liga EMEA
Vct 2025 Emea Stage 2,comeback,M8,"Waylay, Neon, Jett",306,1.0,219.6,1.06,68,140.2,0.78,0.17,0.16,0.17,0.33,0.11,327,29,239,225,53,48,53,Liga EMEA
Vct 2025 Emea Stage 2,magnum,BBL,"Killjoy, Cypher, Viper",519,1.0,197.5,1.01,69,127.1,0.69,0.27,0.07,0.12,0.3,0.17,848,21,359,357,139,35,60,Liga EMEA
Vct 2025 Emea Stage 2,shao,NAVI,"Sage, Sova, Fade",472,1.0,181.2,0.97,75,118.4,0.62,0.32,0.08,0.06,0.32,0.23,1566,22,294,302,149,36,28,Liga EMEA
Vct 2025 Emea Stage 2,flickless,GX,"Breach, Viper, Kayo",625,1.0,192.2,0.93,74,124.7,0.65,0.46,0.08,0.08,0.25,0.14,963,26,408,437,288,47,51,Liga EMEA
Vct 2025 Emea Stage 2,baddyg,MKOI,"Brimstone, Omen, Viper",287,0.99,192.0,0.95,72,122.0,0.71,0.35,0.09,0.07,0.24,0.17,636,30,203,213,100,26,19,Liga EMEA
Vct 2025 Emea Stage 2,benjyfishy,TH,"Killjoy, Cypher, Vyse",334,0.99,199.1,1.02,68,127.7,0.71,0.25,0.08,0.08,0.37,0.11,546,24,237,232,83,28,26,Liga EMEA
Vct 2025 Emea Stage 2,penny,APK,"Jett, Neon, Yoru",290,0.99,200.9,1.02,68,133.6,0.73,0.18,0.16,0.19,0.21,0.17,423,24,211,207,53,47,55,Liga EMEA
Vct 2025 Emea Stage 2,elite,KC,"Vyse, Cypher, Killjoy",236,0.99,189.5,1.0,70,127.5,0.68,0.18,0.08,0.07,0.41,0.11,328,22,160,160,43,20,17,Liga EMEA
Vct 2025 Emea Stage 2,kamo,TL,"Raze, Jett, Yoru",494,0.98,211.5,1.03,72,137.6,0.73,0.23,0.17,0.17,0.26,0.18,422,24,360,351,114,82,83,Liga EMEA
Vct 2025 Emea Stage 2,lewn,BBL,"Jett, Neon, Raze",519,0.98,215.0,1.03,65,141.1,0.77,0.14,0.16,0.17,0.3,0.17,741,26,399,386,75,83,88,Liga EMEA
Vct 2025 Emea Stage 2,monsteerr,MKOI,"Viper, Killjoy, Cypher",287,0.98,196.4,0.98,68,132.4,0.71,0.17,0.08,0.08,0.28,0.15,853,23,205,210,50,22,22,Liga EMEA
Vct 2025 Emea Stage 2,veqaj,M8,"Fade, Sova",306,0.98,195.6,0.95,72,136.2,0.7,0.31,0.07,0.1,0.27,0.1,442,28,213,224,94,20,30,Liga EMEA
Vct 2025 Emea Stage 2,jamppi,BBL,"Sova, Breach, Fade",519,0.98,186.4,0.95,72,122.0,0.64,0.3,0.07,0.08,0.27,0.18,1057,24,332,351,156,35,43,Liga EMEA
Vct 2025 Emea Stage 2,kamyk,M8,"Gekko, Breach, Viper",306,0.98,193.6,0.98,75,123.1,0.7,0.38,0.08,0.08,0.34,0.09,446,24,214,219,117,25,26,Liga EMEA
Vct 2025 Emea Stage 2,qraxs,FUT,"Kayo, Fade, Breach",247,0.95,181.6,0.81,72,114.7,0.62,0.53,0.04,0.06,0.36,0.17,529,21,152,187,132,10,14,Liga EMEA
Vct 2025 Emea Stage 2,cloud,GX,"Sova, Gekko, Fade",625,0.94,180.8,0.91,70,123.8,0.63,0.27,0.08,0.08,0.3,0.09,668,21,395,433,170,47,48,Liga EMEA
Vct 2025 Emea Stage 2,sociablee,BBL,"Omen, Sova, Deadlock",519,0.93,197.9,0.95,67,130.5,0.71,0.2,0.12,0.09,0.31,0.15,1385,36,370,391,103,61,45,Liga EMEA
Vct 2025 Emea Stage 2,molsi,APK,"Sova, Kayo, Fade",290,0.93,187.4,0.82,70,127.9,0.61,0.37,0.06,0.06,0.27,0.04,245,19,177,215,106,17,16,Liga EMEA
Vct 2025 Emea Stage 2,kovaq,VIT,"Breach, Brimstone, Iso",255,0.92,198.6,0.97,70,123.8,0.71,0.25,0.12,0.11,0.33,0.12,326,23,182,187,64,30,28,Liga EMEA
Vct 2025 Emea Stage 2,olizera,APK,"Killjoy, Viper, Vyse",290,0.92,194.5,0.93,69,127.1,0.69,0.21,0.1,0.09,0.28,0.11,547,23,199,215,60,29,26,Liga EMEA
Vct 2025 Emea Stage 2,boo,TH,"Viper, Omen, Brimstone",334,0.89,153.9,0.81,72,99.3,0.52,0.43,0.07,0.06,0.3,0.19,1053,16,174,216,144,22,21,Liga EMEA
Vct 2025 Emea Stage 2,xeus,FUT,"Raze, Neon, Jett",247,0.89,210.3,0.91,68,132.0,0.73,0.21,0.14,0.18,0.29,0.0,11,24,180,197,53,35,44,Liga EMEA
Vct 2025 Emea Stage 2,kicks,VIT,"Omen, Skye, Harbor",299,0.89,166.3,0.79,72,109.7,0.56,0.44,0.07,0.06,0.29,0.18,738,23,168,214,132,20,19,Liga EMEA
Vct 2025 Emea Stage 2,unfake,VIT,"Sova, Gekko, Fade",299,0.89,186.1,0.89,70,120.6,0.65,0.26,0.07,0.08,0.38,0.17,530,21,193,218,78,22,24,Liga EMEA
Vct 2025 Emea Stage 2,flyuh,MKOI,"Fade, Sova, Kayo",287,0.88,185.9,0.85,69,127.6,0.65,0.28,0.06,0.07,0.26,0.16,532,23,187,219,80,18,19,Liga EMEA
Vct 2025 Emea Stage 2,mrfalin,FUT,"Fade, Omen, Sova",247,0.88,168.6,0.77,64,111.4,0.57,0.37,0.07,0.09,0.24,0.14,535,25,141,182,92,18,21,Liga EMEA
Vct 2025 Emea Stage 2,batujnax,APK,"Omen, Deadlock, Sova",290,0.86,178.5,0.82,69,117.7,0.62,0.26,0.09,0.14,0.28,0.0,21,25,181,220,74,26,41,Liga EMEA
Vct 2025 Emea Stage 2,filu,MKOI,"Raze, Sage, Waylay",287,0.85,199.7,0.84,66,131.7,0.66,0.22,0.16,0.14,0.27,0.04,123,20,190,227,64,45,39,Liga EMEA
Vct 2025 Emea Stage 2,proxh,M8,"Astra, Omen",306,0.85,161.7,0.78,72,107.0,0.56,0.39,0.05,0.08,0.25,0.1,330,18,171,218,119,16,24,Liga EMEA
Vct 2025 Emea Stage 2,natank,MKOI,"Gekko, Killjoy, Vyse",287,0.85,172.5,0.83,66,117.4,0.61,0.22,0.11,0.16,0.27,0.14,537,22,174,210,63,32,45,Liga EMEA
Vct 2025 Emea Stage 2,saadhak,KC,"Deadlock, Fade, Kayo",389,0.84,164.1,0.76,67,109.9,0.54,0.36,0.07,0.11,0.3,0.2,841,21,212,278,140,27,41,Liga EMEA
Vct 2025 Emea Stage 2,avova,APK,"Viper, Omen, Brimstone",290,0.83,146.7,0.73,66,97.7,0.53,0.34,0.05,0.06,0.31,0.16,745,16,153,211,98,15,18,Liga EMEA
Vct 2025 Emea Stage 2,pyrolll,KC,"Fade, Vyse, Sova",153,0.82,146.8,0.77,62,100.6,0.52,0.18,0.04,0.07,0.36,0.11,218,22,80,104,28,6,11,Liga EMEA
Vct 2025 Emea Stage 2,boaster,FNC,"Astra, Omen, Viper",448,0.79,141.8,0.74,66,94.3,0.5,0.31,0.05,0.11,0.3,0.21,943,19,222,298,137,21,48,Liga EMEA
Vct 2025 Emea Stage 2,ange1,NAVI,"Sova, Kayo, Breach",472,0.77,155.7,0.73,69,104.8,0.53,0.37,0.06,0.09,0.31,0.11,547,21,249,342,175,26,43,Liga EMEA
Vct 2025 Emea Stage 1,kaajak,FNC,"Yoru, Neon, Raze",489,1.24,249.9,1.38,76,160.6,0.89,0.19,0.19,0.12,0.3,0.1,331,28,435,316,95,91,59,Liga EMEA
Vct 2025 Emea Stage 1,marteen,KC,"Omen, Yoru, Jett",326,1.22,245.3,1.31,74,159.2,0.87,0.22,0.16,0.13,0.33,0.28,829,27,283,216,73,52,42,Liga EMEA
Vct 2025 Emea Stage 1,suygetsu,KC,"Viper, Astra, Omen",326,1.11,195.3,1.2,77,129.7,0.73,0.32,0.08,0.09,0.41,0.08,448,26,237,198,105,25,29,Liga EMEA
Vct 2025 Emea Stage 1,sociablee,BBL,"Sova, Chamber, Tejo",489,1.11,212.6,1.22,72,142.4,0.79,0.2,0.09,0.07,0.26,0.16,1064,40,385,316,97,41,33,Liga EMEA
Vct 2025 Emea Stage 1,miniboo,TH,"Waylay, Raze, Neon",447,1.1,241.0,1.2,72,151.3,0.85,0.22,0.2,0.15,0.34,0.32,722,23,379,317,99,89,68,Liga EMEA
Vct 2025 Emea Stage 1,keiko,TL,"Raze, Omen, Brimstone",489,1.09,213.8,1.1,72,141.6,0.77,0.24,0.11,0.07,0.39,0.15,748,25,377,343,116,54,35,Liga EMEA
Vct 2025 Emea Stage 1,riens,TH,"Sova, Fade, Breach",447,1.09,207.1,1.13,78,139.5,0.74,0.36,0.08,0.07,0.39,0.16,850,29,329,292,161,35,31,Liga EMEA
Vct 2025 Emea Stage 1,profek,BBL,"Clove, Astra, Omen",489,1.09,209.8,1.08,75,136.7,0.74,0.43,0.08,0.06,0.27,0.04,247,37,361,334,208,37,30,Liga EMEA
Vct 2025 Emea Stage 1,crashies,FNC,"Fade, Tejo, Sova",489,1.09,190.6,1.14,76,128.8,0.68,0.32,0.05,0.06,0.33,0.24,1354,26,334,294,158,26,29,Liga EMEA
Vct 2025 Emea Stage 1,nats,TL,"Viper, Cypher, Vyse",489,1.08,216.0,1.15,70,141.8,0.77,0.22,0.14,0.09,0.26,0.12,758,23,376,328,106,68,44,Liga EMEA
Vct 2025 Emea Stage 1,wo0t,TH,"Kayo, Iso, Tejo",447,1.08,222.0,1.16,73,141.8,0.8,0.2,0.13,0.1,0.33,0.22,732,26,356,308,90,58,44,Liga EMEA
Vct 2025 Emea Stage 1,cyvoph,VIT,"Omen, Iso, Killjoy",277,1.07,209.5,1.06,71,127.7,0.73,0.33,0.08,0.08,0.32,0.06,236,23,203,191,91,21,23,Liga EMEA
Vct 2025 Emea Stage 1,shao,NAVI,"Astra, Breach, Sova",423,1.07,194.7,1.07,75,133.7,0.69,0.26,0.06,0.05,0.33,0.18,1268,26,291,271,108,25,23,Liga EMEA
Vct 2025 Emea Stage 1,florescent,APK,"Yoru, Waylay, Neon",255,1.07,235.8,1.11,67,151.7,0.85,0.2,0.16,0.16,0.35,0.08,224,27,216,195,51,41,40,Liga EMEA
Vct 2025 Emea Stage 1,kamyk,M8,"Breach, Kayo, Fade",285,1.07,205.2,1.04,72,141.0,0.76,0.32,0.05,0.07,0.34,0.11,436,34,218,210,92,14,21,Liga EMEA
Vct 2025 Emea Stage 1,ruxic,NAVI,"Omen, Brimstone, Astra",423,1.06,210.4,1.05,76,136.6,0.73,0.34,0.1,0.1,0.32,0.12,651,29,308,292,145,44,44,Liga EMEA
Vct 2025 Emea Stage 1,chronicle,FNC,"Viper, Breach, Cypher",489,1.06,203.8,1.1,76,131.1,0.7,0.31,0.1,0.09,0.23,0.05,355,25,341,309,153,49,43,Liga EMEA
Vct 2025 Emea Stage 1,mrfalin,FUT,"Tejo, Breach, Sova",433,1.05,186.1,0.94,70,126.0,0.63,0.39,0.09,0.09,0.23,0.11,657,38,273,290,171,35,36,Liga EMEA
Vct 2025 Emea Stage 1,benjyfishy,TH,"Cypher, Viper, Vyse",447,1.05,197.5,1.15,74,133.9,0.74,0.17,0.07,0.06,0.38,0.16,1064,26,329,287,77,31,27,Liga EMEA
Vct 2025 Emea Stage 1,minny,M8,"Viper, Cypher, Killjoy",285,1.05,190.7,1.02,68,131.3,0.69,0.17,0.09,0.08,0.35,0.1,548,25,198,194,48,26,22,Liga EMEA
Vct 2025 Emea Stage 1,ara,GX,"Jett, Neon",106,1.04,229.8,1.09,77,146.7,0.8,0.15,0.2,0.16,0.24,0.0,11,22,85,78,16,21,17,Liga EMEA
Vct 2025 Emea Stage 1,avez,KC,"Tejo, Fade, Phoenix",326,1.03,204.4,1.07,71,132.9,0.7,0.26,0.07,0.12,0.32,0.12,325,25,229,215,86,22,38,Liga EMEA
Vct 2025 Emea Stage 1,soulcas,MKOI,"Vyse, Tejo, Killjoy",230,1.03,190.6,1.0,73,127.7,0.7,0.2,0.07,0.03,0.35,0.16,531,23,160,160,45,16,7,Liga EMEA
Vct 2025 Emea Stage 1,lewn,BBL,"Chamber, Yoru, Jett",489,1.03,221.0,1.1,70,148.4,0.79,0.18,0.2,0.18,0.32,0.19,631,42,384,349,87,92,85,Liga EMEA
Vct 2025 Emea Stage 1,magnum,BBL,"Viper, Vyse, Cypher",489,1.03,197.1,1.05,74,127.4,0.71,0.31,0.1,0.09,0.23,0.15,748,38,346,328,152,45,40,Liga EMEA
Vct 2025 Emea Stage 1,yetujey,FUT,"Cypher, Tejo, Viper",433,1.03,189.5,1.07,69,130.6,0.71,0.24,0.09,0.09,0.23,0.08,563,38,308,288,105,37,36,Liga EMEA
Vct 2025 Emea Stage 1,cloud,GX,"Tejo, Fade, Yoru",259,1.02,206.8,1.02,72,137.2,0.76,0.24,0.11,0.1,0.28,0.03,135,23,198,194,61,29,26,Liga EMEA
Vct 2025 Emea Stage 1,hiro,NAVI,"Vyse, Cypher, Raze",423,1.01,202.9,1.08,68,135.7,0.74,0.18,0.06,0.1,0.31,0.14,642,26,315,292,75,27,44,Liga EMEA
Vct 2025 Emea Stage 1,xeus,FUT,"Yoru, Jett, Neon",433,1.0,233.0,1.08,67,144.6,0.83,0.15,0.2,0.18,0.39,0.04,123,33,359,333,66,82,75,Liga EMEA
Vct 2025 Emea Stage 1,alfajer,FNC,"Raze, Cypher, Killjoy",489,0.99,213.4,1.08,70,142.7,0.77,0.16,0.12,0.1,0.3,0.19,843,26,378,350,79,61,51,Liga EMEA
Vct 2025 Emea Stage 1,molsi,APK,"Deadlock, Breach, Viper",255,0.99,194.4,0.97,72,125.6,0.69,0.35,0.06,0.08,0.29,0.08,336,25,177,183,89,16,20,Liga EMEA
Vct 2025 Emea Stage 1,koalanoob,NAVI,"Raze, Chamber, Yoru",423,0.99,210.3,1.0,70,133.8,0.72,0.2,0.19,0.14,0.21,0.09,335,24,306,307,86,81,59,Liga EMEA
Vct 2025 Emea Stage 1,atakaptan,FUT,"Astra, Omen, Viper",433,0.99,184.9,0.89,72,120.7,0.64,0.46,0.07,0.07,0.31,0.2,944,31,276,309,200,29,28,Liga EMEA
Vct 2025 Emea Stage 1,jamppi,BBL,"Tejo, Sova, Breach",489,0.98,180.8,0.96,73,115.1,0.64,0.4,0.05,0.08,0.23,0.13,754,20,313,325,195,25,37,Liga EMEA
Vct 2025 Emea Stage 1,westside,GX,"Cypher, Viper, Vyse",259,0.97,192.2,0.99,66,124.3,0.72,0.19,0.07,0.08,0.42,0.07,342,23,186,187,48,19,20,Liga EMEA
Vct 2025 Emea Stage 1,kicks,VIT,"Breach, Omen, Kayo",277,0.97,167.6,0.88,71,110.0,0.6,0.43,0.04,0.09,0.23,0.21,629,26,165,188,118,10,24,Liga EMEA
Vct 2025 Emea Stage 1,boo,TH,"Omen, Viper, Astra",447,0.96,163.9,0.92,76,103.6,0.57,0.4,0.08,0.06,0.33,0.13,862,23,255,277,177,37,26,Liga EMEA
Vct 2025 Emea Stage 1,less,VIT,"Cypher, Viper",277,0.95,189.2,1.01,68,123.8,0.68,0.18,0.06,0.08,0.32,0.11,437,26,188,187,50,16,23,Liga EMEA
Vct 2025 Emea Stage 1,patitek,TL,"Fade, Breach, Tejo",489,0.95,176.3,0.93,73,116.7,0.62,0.27,0.07,0.05,0.25,0.09,553,23,303,327,134,35,24,Liga EMEA
Vct 2025 Emea Stage 1,elite,KC,"Killjoy, Vyse, Cypher",326,0.95,172.2,0.91,71,114.8,0.6,0.23,0.06,0.06,0.33,0.14,643,20,194,213,75,21,18,Liga EMEA
Vct 2025 Emea Stage 1,kamo,TL,"Yoru, Jett, Waylay",489,0.94,209.3,1.01,69,135.3,0.74,0.16,0.18,0.16,0.3,0.19,736,23,361,357,80,86,77,Liga EMEA
Vct 2025 Emea Stage 1,derke,VIT,"Yoru, Jett, Neon",277,0.93,208.5,0.92,64,133.4,0.69,0.22,0.21,0.24,0.23,0.21,419,20,192,209,61,59,67,Liga EMEA
Vct 2025 Emea Stage 1,boaster,FNC,"Astra, Brimstone, Omen",489,0.93,161.7,0.93,72,106.6,0.56,0.35,0.07,0.09,0.24,0.26,1143,29,276,298,173,35,45,Liga EMEA
Vct 2025 Emea Stage 1,filu,MKOI,"Yoru, Iso, Raze",230,0.93,206.9,0.94,64,130.2,0.73,0.21,0.16,0.15,0.26,0.15,320,21,169,180,48,36,35,Liga EMEA
Vct 2025 Emea Stage 1,flickless,GX,"Kayo, Breach",106,0.93,172.4,0.9,74,116.5,0.61,0.38,0.05,0.12,0.33,0.2,15,19,65,72,40,5,13,Liga EMEA
Vct 2025 Emea Stage 1,serial,TL,"Astra, Tejo, Killjoy",489,0.92,167.0,0.89,70,114.0,0.59,0.28,0.05,0.08,0.37,0.14,964,18,289,325,139,25,37,Liga EMEA
Vct 2025 Emea Stage 1,sheydos,MKOI,"Chamber, Tejo, Killjoy",230,0.92,169.4,0.92,68,116.1,0.61,0.15,0.04,0.07,0.3,0.14,537,21,141,153,34,10,17,Liga EMEA
Vct 2025 Emea Stage 1,runner,GX,"Breach, Vyse, Tejo",195,0.92,173.7,0.79,68,120.4,0.58,0.38,0.03,0.1,0.24,0.28,932,18,114,144,75,6,20,Liga EMEA
Vct 2025 Emea Stage 1,qraxs,FUT,"Fade, Kayo, Raze",433,0.91,171.8,0.88,72,113.8,0.63,0.36,0.06,0.06,0.26,0.24,1250,40,273,310,156,26,26,Liga EMEA
Vct 2025 Emea Stage 1,kada,M8,"Omen, Viper, Brimstone",285,0.91,177.8,0.85,73,119.0,0.63,0.36,0.09,0.08,0.31,0.07,341,26,179,210,103,27,24,Liga EMEA
Vct 2025 Emea Stage 1,saadhak,KC,"Kayo, Harbor, Breach",326,0.89,183.1,0.82,75,119.6,0.59,0.4,0.11,0.13,0.26,0.2,525,18,192,235,130,36,43,Liga EMEA
Vct 2025 Emea Stage 1,avova,APK,"Omen, Viper, Astra",255,0.88,167.0,0.76,70,108.3,0.54,0.39,0.06,0.05,0.29,0.18,845,19,138,182,99,15,12,Liga EMEA
Vct 2025 Emea Stage 1,purp0,GX,"Yoru, Raze, Iso",217,0.88,173.1,0.78,68,115.6,0.6,0.35,0.06,0.13,0.35,0.15,320,17,130,166,77,14,29,Liga EMEA
Vct 2025 Emea Stage 1,batujnax,APK,"Cypher, Viper, Killjoy",255,0.87,187.8,0.86,69,122.1,0.65,0.24,0.11,0.11,0.27,0.03,133,27,167,194,60,27,29,Liga EMEA
Vct 2025 Emea Stage 1,sayf,VIT,"Tejo, Sova, Yoru",277,0.86,165.2,0.82,68,114.8,0.57,0.24,0.05,0.06,0.23,0.14,429,24,159,194,67,15,18,Liga EMEA
Vct 2025 Emea Stage 1,grubinho,MKOI,"Astra, Omen, Viper",230,0.86,153.6,0.75,69,104.2,0.56,0.31,0.1,0.13,0.32,0.08,336,19,129,171,72,24,29,Liga EMEA
Vct 2025 Emea Stage 1,flyuh,MKOI,"Sova, Cypher, Vyse",230,0.84,189.7,0.8,71,128.3,0.63,0.27,0.1,0.13,0.27,0.08,113,21,144,181,61,22,31,Liga EMEA
Vct 2025 Emea Stage 1,zyppan,M8,"Tejo, Sova, Omen",285,0.78,150.5,0.74,68,108.9,0.53,0.22,0.06,0.11,0.27,0.06,231,22,150,204,62,18,32,Liga EMEA
Vct 2025 Emea Stage 1,ange1,NAVI,"Fade, Vyse, Sova",423,0.74,146.8,0.71,68,100.2,0.51,0.22,0.08,0.1,0.34,0.2,841,18,215,302,93,32,43,Liga EMEA
Vct 2025 Emea Stage 1,click,M8,"Raze, Neon, Waylay",285,0.72,187.9,0.78,64,115.6,0.62,0.14,0.13,0.22,0.36,0.2,315,22,178,227,40,37,64,Liga EMEA
Vct 2025 Emea Stage 1,tomaszy,GX,"Omen, Yoru, Raze",153,0.65,146.0,0.61,61,99.3,0.5,0.27,0.09,0.17,0.33,0.07,115,16,76,124,42,14,26,Liga EMEA
Vct 2025 Emea Stage 1,governor,APK,"Sova, Tejo, Fade",255,0.65,145.2,0.63,60,98.0,0.48,0.2,0.08,0.13,0.27,0.25,520,17,122,195,50,20,34,Liga EMEA
Vct 2025 Emea Kickoff,keiko,TL,"Brimstone, Omen, Astra",493,1.26,239.5,1.34,78,156.3,0.88,0.3,0.11,0.06,0.4,0.16,958,28,436,325,149,53,32,Liga EMEA
Vct 2025 Emea Kickoff,minny,M8,"Killjoy, Cypher, Yoru",192,1.18,219.5,1.26,71,139.8,0.79,0.17,0.14,0.07,0.38,0.11,328,25,151,120,32,27,14,Liga EMEA
Vct 2025 Emea Kickoff,florescent,APK,"Jett, Phoenix",111,1.17,256.6,1.16,69,172.9,0.91,0.15,0.2,0.14,0.38,0.08,112,26,101,87,17,22,15,Liga EMEA
Vct 2025 Emea Kickoff,kaajak,FNC,"Yoru, Raze",215,1.16,245.0,1.3,69,157.9,0.89,0.21,0.15,0.16,0.37,0.23,313,32,191,147,45,32,35,Liga EMEA
Vct 2025 Emea Kickoff,yetujey,FUT,"Cypher, Viper, Vyse",179,1.13,230.8,1.15,75,150.9,0.81,0.23,0.14,0.08,0.26,0.15,533,22,145,126,41,25,14,Liga EMEA
Vct 2025 Emea Kickoff,alfajer,FNC,"Tejo, Chamber, Raze",215,1.12,233.5,1.15,71,153.4,0.84,0.22,0.18,0.08,0.29,0.13,324,32,181,157,48,38,18,Liga EMEA
Vct 2025 Emea Kickoff,derke,VIT,"Yoru, Raze, Jett",249,1.12,252.8,1.17,70,164.9,0.87,0.18,0.24,0.21,0.3,0.0,14,32,217,185,46,61,52,Liga EMEA
Vct 2025 Emea Kickoff,sayf,VIT,"Iso, Tejo, Omen",249,1.1,214.2,1.22,71,138.5,0.78,0.24,0.09,0.08,0.26,0.19,527,22,195,160,60,22,21,Liga EMEA
Vct 2025 Emea Kickoff,sociablee,BBL,"Fade, Sova, Chamber",244,1.09,228.5,1.12,73,144.8,0.8,0.2,0.11,0.13,0.22,0.14,536,25,196,175,50,28,32,Liga EMEA
Vct 2025 Emea Kickoff,avez,KC,"Fade, Gekko, Tejo",199,1.09,208.8,1.08,75,135.0,0.72,0.3,0.07,0.07,0.36,0.15,213,24,144,133,59,13,13,Liga EMEA
Vct 2025 Emea Kickoff,wo0t,TH,"Astra, Tejo, Chamber",189,1.08,205.1,1.03,74,136.8,0.7,0.43,0.11,0.1,0.35,0.14,321,23,132,128,82,20,18,Liga EMEA
Vct 2025 Emea Kickoff,ruxic,NAVI,"Astra, Brimstone, Omen",128,1.08,216.0,1.04,77,136.7,0.75,0.38,0.11,0.11,0.26,0.0,14,26,96,92,49,14,14,Liga EMEA
Vct 2025 Emea Kickoff,less,VIT,"Cypher, Viper, Astra",249,1.08,196.3,1.15,72,126.5,0.69,0.32,0.04,0.06,0.3,0.35,926,22,173,150,79,10,14,Liga EMEA
Vct 2025 Emea Kickoff,suygetsu,KC,"Astra, Omen",199,1.08,194.2,1.1,75,122.7,0.69,0.42,0.08,0.1,0.42,0.13,430,19,137,125,84,16,19,Liga EMEA
Vct 2025 Emea Kickoff,shao,NAVI,"Sova, Gekko, Astra",128,1.07,183.8,1.14,73,120.7,0.7,0.3,0.09,0.05,0.29,0.2,420,23,90,79,38,11,7,Liga EMEA
Vct 2025 Emea Kickoff,cloud,GX,"Fade, Sova, Vyse",176,1.07,206.1,1.03,68,139.5,0.71,0.26,0.11,0.1,0.3,0.08,225,22,125,121,45,19,18,Liga EMEA
Vct 2025 Emea Kickoff,kamyk,TL,"Sage, Sova, Gekko",493,1.07,201.9,1.1,74,132.9,0.71,0.28,0.09,0.08,0.25,0.15,1068,21,352,319,138,44,37,Liga EMEA
Vct 2025 Emea Kickoff,chronicle,FNC,"Astra, Breach, Cypher",215,1.06,195.8,1.1,70,131.1,0.69,0.35,0.07,0.08,0.24,0.06,118,24,149,135,75,14,17,Liga EMEA
Vct 2025 Emea Kickoff,riens,TH,"Sova, Skye, Tejo",189,1.06,205.4,1.02,74,137.4,0.74,0.27,0.11,0.06,0.43,0.09,335,21,140,137,51,21,12,Liga EMEA
Vct 2025 Emea Kickoff,profek,BBL,"Omen, Astra",244,1.05,200.7,1.07,68,133.8,0.74,0.31,0.06,0.07,0.3,0.28,1036,22,180,168,75,14,16,Liga EMEA
Vct 2025 Emea Kickoff,xeus,FUT,"Yoru, Raze, Neon",179,1.05,231.8,1.09,67,148.7,0.85,0.15,0.14,0.22,0.38,0.25,312,25,153,140,26,25,40,Liga EMEA
Vct 2025 Emea Kickoff,kada,M8,"Astra, Omen, Cypher",192,1.04,181.9,1.03,70,113.7,0.64,0.36,0.05,0.04,0.36,0.08,224,20,122,119,70,9,8,Liga EMEA
Vct 2025 Emea Kickoff,trexx,VIT,"Sova, Brimstone, Fade",249,1.03,194.2,1.01,71,128.3,0.63,0.39,0.08,0.06,0.17,0.18,634,29,157,156,96,19,14,Liga EMEA
Vct 2025 Emea Kickoff,click,M8,"Jett, Neon, Raze",192,1.02,209.6,1.12,68,134.1,0.81,0.09,0.19,0.19,0.38,0.25,28,24,155,138,17,36,36,Liga EMEA
Vct 2025 Emea Kickoff,kicks,VIT,"Omen, Skye, Breach",249,1.01,194.7,1.0,78,117.7,0.67,0.47,0.09,0.06,0.29,0.16,319,20,168,168,117,22,15,Liga EMEA
Vct 2025 Emea Kickoff,patitek,TL,"Breach, Kayo, Skye",493,0.99,173.8,0.98,75,116.2,0.61,0.37,0.09,0.07,0.26,0.13,646,22,302,309,180,42,33,Liga EMEA
Vct 2025 Emea Kickoff,zyppan,M8,"Kayo, Breach, Omen",192,0.98,179.6,0.91,69,120.8,0.63,0.43,0.08,0.1,0.31,0.12,217,22,121,133,82,16,19,Liga EMEA
Vct 2025 Emea Kickoff,kamo,TL,"Gekko, Jett, Raze",493,0.98,219.6,1.05,70,143.6,0.77,0.16,0.17,0.15,0.27,0.16,531,22,381,364,77,84,74,Liga EMEA
Vct 2025 Emea Kickoff,nats,TL,"Cypher, Viper, Fade",493,0.98,200.0,1.02,71,135.0,0.71,0.26,0.11,0.09,0.29,0.11,547,19,348,340,130,52,42,Liga EMEA
Vct 2025 Emea Kickoff,tomaszy,GX,"Omen, Astra, Brimstone",176,0.97,182.5,0.91,72,120.8,0.66,0.41,0.08,0.09,0.3,0.13,324,23,116,128,73,14,15,Liga EMEA
Vct 2025 Emea Kickoff,saadhak,KC,"Harbor, Deadlock, Breach",199,0.97,183.9,0.97,73,119.2,0.64,0.34,0.07,0.11,0.26,0.15,320,18,127,131,67,14,22,Liga EMEA
Vct 2025 Emea Kickoff,filu,MKOI,"Yoru, Jett, Raze",117,0.97,228.8,0.99,71,149.9,0.79,0.17,0.15,0.22,0.28,0.08,113,22,92,93,20,17,26,Liga EMEA
Vct 2025 Emea Kickoff,purp0,GX,"Raze, Jett",176,0.97,218.5,1.02,70,143.5,0.78,0.13,0.19,0.16,0.37,0.0,11,22,137,134,23,34,28,Liga EMEA
Vct 2025 Emea Kickoff,elite,KC,"Vyse, Killjoy, Cypher",199,0.96,170.1,0.96,79,117.9,0.6,0.24,0.07,0.1,0.4,0.15,427,19,120,125,47,13,19,Liga EMEA
Vct 2025 Emea Kickoff,boaster,FNC,"Omen, Brimstone, Astra",215,0.95,169.9,0.91,73,110.8,0.59,0.47,0.09,0.09,0.23,0.26,623,20,127,140,100,20,19,Liga EMEA
Vct 2025 Emea Kickoff,marteen,KC,Yoru,199,0.95,204.2,0.97,66,134.6,0.72,0.19,0.17,0.18,0.28,0.08,112,26,144,148,38,34,36,Liga EMEA
Vct 2025 Emea Kickoff,jamppi,BBL,"Breach, Sova, Fade",244,0.94,189.0,0.88,74,127.9,0.64,0.34,0.05,0.08,0.29,0.23,522,22,157,178,83,13,20,Liga EMEA
Vct 2025 Emea Kickoff,miniboo,TH,"Jett, Raze, Yoru",189,0.94,197.3,0.92,63,131.4,0.69,0.19,0.18,0.14,0.33,0.06,116,20,130,142,35,34,27,Liga EMEA
Vct 2025 Emea Kickoff,lewn,BBL,"Raze, Jett, Yoru",244,0.93,205.3,0.98,66,132.8,0.73,0.19,0.16,0.23,0.36,0.13,216,25,179,182,46,40,56,Liga EMEA
Vct 2025 Emea Kickoff,avova,APK,"Astra, Omen",111,0.93,175.4,0.85,75,117.1,0.61,0.33,0.06,0.07,0.35,0.11,219,17,68,80,37,7,8,Liga EMEA
Vct 2025 Emea Kickoff,soulcas,MKOI,"Vyse, Cypher, Viper",117,0.92,184.8,0.93,72,125.3,0.68,0.24,0.08,0.06,0.33,0.14,214,20,79,85,28,9,7,Liga EMEA
Vct 2025 Emea Kickoff,mrfalin,FUT,"Tejo, Breach, Sova",179,0.91,164.8,0.84,67,109.7,0.56,0.33,0.04,0.09,0.23,0.17,424,15,101,120,59,8,16,Liga EMEA
Vct 2025 Emea Kickoff,grubinho,MKOI,"Brimstone, Astra, Omen",117,0.91,168.3,0.89,72,104.5,0.62,0.39,0.08,0.1,0.26,0.21,314,20,73,82,46,9,12,Liga EMEA
Vct 2025 Emea Kickoff,qraxs,FUT,"Fade, Kayo",179,0.9,178.6,0.85,74,117.8,0.61,0.41,0.06,0.05,0.26,0.07,114,19,110,130,74,11,9,Liga EMEA
Vct 2025 Emea Kickoff,oderus,APK,"Fade, Sova",46,0.9,184.5,0.91,65,132.5,0.67,0.28,0.0,0.13,0.38,0.4,25,23,31,34,13,0,6,Liga EMEA
Vct 2025 Emea Kickoff,robbiebk,M8,"Sova, Fade, Tejo",192,0.9,154.3,0.77,71,111.0,0.49,0.29,0.07,0.07,0.28,0.04,125,18,95,124,56,14,13,Liga EMEA
Vct 2025 Emea Kickoff,runner,GX,"Vyse, Breach, Kayo",176,0.9,170.6,0.81,75,110.4,0.57,0.4,0.06,0.07,0.24,0.14,321,20,100,123,70,10,12,Liga EMEA
Vct 2025 Emea Kickoff,atakaptan,FUT,"Astra, Brimstone, Viper",179,0.89,170.8,0.79,68,110.8,0.59,0.37,0.06,0.11,0.27,0.3,620,17,106,134,67,11,20,Liga EMEA
Vct 2025 Emea Kickoff,crashies,FNC,"Sova, Breach",215,0.89,155.3,0.91,74,112.0,0.55,0.23,0.05,0.06,0.34,0.14,535,21,119,131,49,10,12,Liga EMEA
Vct 2025 Emea Kickoff,koalanoob,NAVI,"Jett, Raze, Sage",128,0.88,200.7,0.94,63,133.8,0.72,0.17,0.16,0.17,0.23,0.21,314,24,92,98,22,21,22,Liga EMEA
Vct 2025 Emea Kickoff,hiro,NAVI,"Omen, Vyse, Killjoy",128,0.87,168.7,0.86,66,120.5,0.62,0.29,0.06,0.08,0.29,0.06,117,20,79,92,37,8,10,Liga EMEA
Vct 2025 Emea Kickoff,boo,TH,"Kayo, Astra, Omen",189,0.86,156.3,0.76,71,104.6,0.54,0.54,0.05,0.08,0.38,0.0,28,17,102,134,102,9,16,Liga EMEA
Vct 2025 Emea Kickoff,molsi,APK,"Kayo, Breach, Sova",111,0.85,149.6,0.7,79,100.9,0.5,0.46,0.02,0.07,0.27,0.15,320,17,55,79,51,2,8,Liga EMEA
Vct 2025 Emea Kickoff,sheydos,MKOI,"Tejo, Sova",117,0.84,154.3,0.75,66,111.7,0.54,0.19,0.07,0.03,0.27,0.16,319,15,63,84,22,8,3,Liga EMEA
Vct 2025 Emea Kickoff,hype,APK,"Killjoy, Cypher",111,0.83,172.6,0.79,64,116.9,0.59,0.16,0.11,0.12,0.29,0.0,10,21,66,84,18,12,13,Liga EMEA
Vct 2025 Emea Kickoff,westside,GX,"Viper, Killjoy",176,0.83,164.4,0.78,67,111.2,0.57,0.24,0.07,0.08,0.36,0.05,121,17,101,129,42,12,14,Liga EMEA
Vct 2025 Emea Kickoff,benjyfishy,TH,"Cypher, Killjoy, Tejo",189,0.82,161.6,0.8,69,113.5,0.58,0.21,0.05,0.12,0.36,0.19,316,22,109,136,39,9,22,Liga EMEA
Vct 2025 Emea Kickoff,vakk,BBL,"Cypher, Vyse, Sage",244,0.78,150.5,0.77,67,97.4,0.55,0.25,0.03,0.07,0.32,0.16,532,22,135,175,60,8,17,Liga EMEA
Vct 2025 Emea Kickoff,flyuh,MKOI,"Killjoy, Kayo, Breach",117,0.77,168.7,0.77,68,112.5,0.6,0.25,0.09,0.14,0.24,0.07,115,18,70,91,29,10,16,Liga EMEA
Vct 2025 Emea Kickoff,batujnax,APK,"Sova, Yoru",65,0.76,155.7,0.73,68,103.0,0.58,0.26,0.09,0.18,0.19,0.17,16,27,38,52,17,6,12,Liga EMEA
Vct 2025 Emea Kickoff,ange1,NAVI,"Kayo, Tejo, Sova",128,0.68,148.0,0.63,63,99.5,0.47,0.3,0.08,0.09,0.29,0.3,310,13,60,95,38,10,11,Liga EMEA
Champions Tour 2024 Emea Stage 2,chronicle,FNC,"Deadlock, Skye, Viper",439,1.22,216.9,1.29,79,147.7,0.75,0.37,0.08,0.05,0.27,0.21,1258,24,331,256,163,35,22,Liga EMEA
Champions Tour 2024 Emea Stage 2,grubinho,MKOI,"Omen, Viper, Brimstone",262,1.22,213.7,1.29,75,133.3,0.77,0.37,0.07,0.08,0.33,0.06,231,27,203,157,97,18,21,Liga EMEA
Champions Tour 2024 Emea Stage 2,trexx,VIT,"Fade, Sova",573,1.21,226.6,1.16,77,152.7,0.76,0.42,0.08,0.07,0.19,0.14,1181,23,435,376,241,45,40,Liga EMEA
Champions Tour 2024 Emea Stage 2,sheydos,MKOI,"Viper, Cypher, Killjoy",262,1.2,207.4,1.34,76,137.1,0.77,0.19,0.07,0.05,0.25,0.14,536,24,202,151,50,19,14,Liga EMEA
Champions Tour 2024 Emea Stage 2,sayf,VIT,"Neon, Jett, Iso",573,1.16,239.9,1.23,69,155.8,0.86,0.19,0.16,0.17,0.24,0.16,743,31,490,398,107,91,96,Liga EMEA
Champions Tour 2024 Emea Stage 2,derke,FNC,"Jett, Raze, Yoru",439,1.15,242.7,1.25,74,160.6,0.87,0.2,0.17,0.16,0.25,0.22,627,26,382,305,88,76,69,Liga EMEA
Champions Tour 2024 Emea Stage 2,alfajer,FNC,"Cypher, Viper, Killjoy",439,1.15,221.7,1.27,74,146.3,0.81,0.22,0.1,0.08,0.28,0.12,542,26,354,278,96,42,35,Liga EMEA
Champions Tour 2024 Emea Stage 2,n4rrate,KC,"Fade, Jett, Gekko",245,1.14,239.0,1.13,77,156.7,0.82,0.32,0.15,0.09,0.22,0.25,624,24,201,178,79,36,22,Liga EMEA
Champions Tour 2024 Emea Stage 2,riens,TH,"Sova, Gekko, Breach",474,1.13,204.2,1.14,77,134.9,0.73,0.37,0.08,0.07,0.34,0.12,757,29,344,301,177,36,31,Liga EMEA
Champions Tour 2024 Emea Stage 2,wo0t,TH,"Kayo, Fade, Iso",474,1.12,220.9,1.1,77,143.4,0.76,0.36,0.13,0.09,0.36,0.16,532,26,358,324,171,60,41,Liga EMEA
Champions Tour 2024 Emea Stage 2,hiro,FNC,"Sova, Gekko, Fade",439,1.1,194.2,1.16,71,126.7,0.71,0.33,0.08,0.09,0.31,0.26,1246,30,313,269,147,34,39,Liga EMEA
Champions Tour 2024 Emea Stage 2,kada,M8,"Cypher, Omen, Viper",274,1.1,207.8,1.12,69,132.9,0.74,0.28,0.09,0.08,0.31,0.11,328,23,204,182,76,25,21,Liga EMEA
Champions Tour 2024 Emea Stage 2,natank,M8,"Raze, Sova, Kayo",274,1.09,229.1,1.1,72,148.9,0.77,0.26,0.12,0.11,0.26,0.37,719,21,212,193,72,32,30,Liga EMEA
Champions Tour 2024 Emea Stage 2,mrfalin,FUT,"Breach, Omen, Sova",310,1.07,181.6,1.03,75,118.2,0.63,0.53,0.08,0.07,0.25,0.19,632,21,195,190,165,26,22,Liga EMEA
Champions Tour 2024 Emea Stage 2,yetujey,FUT,"Cypher, Killjoy",310,1.06,200.5,1.12,69,128.2,0.71,0.26,0.08,0.07,0.25,0.16,850,21,219,196,81,26,23,Liga EMEA
Champions Tour 2024 Emea Stage 2,elite,BBL,"Cypher, Viper",207,1.06,197.4,1.16,69,130.4,0.72,0.19,0.09,0.07,0.41,0.13,430,20,149,129,40,19,14,Liga EMEA
Champions Tour 2024 Emea Stage 2,qutionerx,BBL,"Jett, Raze, Neon",207,1.05,240.7,1.08,71,152.4,0.82,0.2,0.21,0.1,0.3,0.08,113,28,170,158,42,43,21,Liga EMEA
Champions Tour 2024 Emea Stage 2,cned,FUT,"Raze, Jett",310,1.04,229.9,1.07,69,155.0,0.78,0.15,0.18,0.15,0.24,0.08,224,23,243,228,48,57,46,Liga EMEA
Champions Tour 2024 Emea Stage 2,benjyfishy,TH,"Cypher, Viper, Killjoy",474,1.04,184.9,1.11,70,125.2,0.72,0.18,0.08,0.07,0.38,0.18,1268,30,340,306,83,38,33,Liga EMEA
Champions Tour 2024 Emea Stage 2,kamo,MKOI,"Raze, Neon, Jett",262,1.03,249.6,1.09,71,161.3,0.83,0.24,0.21,0.19,0.26,0.13,18,25,217,199,62,55,50,Liga EMEA
Champions Tour 2024 Emea Stage 2,purp0,GX,"Jett, Raze, Neon",257,1.03,215.3,1.05,68,142.5,0.77,0.16,0.21,0.16,0.37,0.08,224,27,198,189,42,53,42,Liga EMEA
Champions Tour 2024 Emea Stage 2,boo,TH,"Omen, Brimstone, Viper",474,1.02,173.3,0.97,76,112.8,0.61,0.44,0.08,0.09,0.29,0.2,1471,21,291,301,207,37,42,Liga EMEA
Champions Tour 2024 Emea Stage 2,marteen,KC,"Yoru, Raze, Omen",245,1.02,204.1,1.03,75,137.2,0.74,0.2,0.13,0.1,0.33,0.24,937,24,182,177,49,31,25,Liga EMEA
Champions Tour 2024 Emea Stage 2,nats,TL,"Cypher, Viper, Killjoy",168,1.02,218.5,1.04,73,142.5,0.77,0.32,0.11,0.13,0.27,0.03,129,27,129,124,53,18,21,Liga EMEA
Champions Tour 2024 Emea Stage 2,enzo,TL,"Fade, Sova, Sage",168,1.01,194.3,0.97,63,123.3,0.64,0.28,0.04,0.05,0.18,0.11,327,23,108,111,47,6,8,Liga EMEA
Champions Tour 2024 Emea Stage 2,atakaptan,FUT,"Omen, Viper",310,1.01,203.0,1.04,75,129.2,0.73,0.33,0.11,0.13,0.29,0.04,124,25,225,217,102,35,41,Liga EMEA
Champions Tour 2024 Emea Stage 2,brave,BBL,"Omen, Brimstone",207,0.96,198.7,1.0,68,132.1,0.71,0.29,0.14,0.11,0.38,0.18,422,22,147,147,61,29,23,Liga EMEA
Champions Tour 2024 Emea Stage 2,suygetsu,NAVI,"Cypher, Viper, Killjoy",285,0.96,188.0,0.94,69,124.9,0.67,0.2,0.07,0.05,0.31,0.1,658,23,190,202,58,20,15,Liga EMEA
Champions Tour 2024 Emea Stage 2,wailers,M8,"Omen, Cypher, Killjoy",274,0.95,168.9,0.99,73,112.7,0.63,0.22,0.05,0.04,0.35,0.05,240,20,172,174,59,15,10,Liga EMEA
Champions Tour 2024 Emea Stage 2,qraxs,FUT,"Gekko, Breach, Kayo",310,0.95,179.1,0.98,72,118.0,0.65,0.28,0.05,0.06,0.29,0.13,430,18,202,206,88,16,18,Liga EMEA
Champions Tour 2024 Emea Stage 2,fit1nho,GX,"Raze, Breach, Yoru",257,0.95,177.8,0.92,68,122.1,0.65,0.28,0.09,0.06,0.32,0.15,427,29,166,181,72,22,15,Liga EMEA
Champions Tour 2024 Emea Stage 2,kicks,VIT,"Gekko, Killjoy, Kayo",573,0.95,177.0,0.89,71,114.3,0.62,0.41,0.06,0.07,0.22,0.17,1058,20,356,398,236,36,40,Liga EMEA
Champions Tour 2024 Emea Stage 2,runner,VIT,"Cypher, Killjoy, Neon",573,0.95,186.3,0.94,72,123.1,0.65,0.25,0.1,0.08,0.22,0.15,1279,22,370,393,144,58,45,Liga EMEA
Champions Tour 2024 Emea Stage 2,ardiis,NAVI,"Jett, Raze, Breach",285,0.94,191.6,0.92,67,126.9,0.69,0.26,0.14,0.13,0.21,0.23,730,25,198,216,75,41,37,Liga EMEA
Champions Tour 2024 Emea Stage 2,cloud,GX,"Breach, Gekko, Sova",257,0.94,185.9,0.87,71,132.2,0.63,0.34,0.07,0.09,0.22,0.14,428,21,162,187,88,17,22,Liga EMEA
Champions Tour 2024 Emea Stage 2,miniboo,TH,"Neon, Raze, Kayo",474,0.93,209.7,0.92,73,139.5,0.71,0.26,0.17,0.16,0.3,0.0,19,22,338,366,125,79,76,Liga EMEA
Champions Tour 2024 Emea Stage 2,sh1n,KC,"Omen, Viper, Kayo",245,0.93,180.1,0.88,73,119.6,0.64,0.38,0.09,0.07,0.28,0.08,340,24,158,180,94,22,17,Liga EMEA
Champions Tour 2024 Emea Stage 2,hoody,GX,"Killjoy, Cypher, Viper",257,0.91,173.0,0.87,70,118.0,0.6,0.23,0.07,0.1,0.25,0.05,237,20,153,176,59,19,26,Liga EMEA
Champions Tour 2024 Emea Stage 2,starxo,MKOI,"Yoru, Kayo, Fade",262,0.91,161.8,0.86,70,105.9,0.56,0.45,0.05,0.11,0.21,0.15,427,18,147,171,119,14,28,Liga EMEA
Champions Tour 2024 Emea Stage 2,boaster,FNC,"Omen, Brimstone, Viper",439,0.91,165.9,0.86,72,107.2,0.56,0.47,0.09,0.11,0.25,0.13,538,18,244,284,206,40,47,Liga EMEA
Champions Tour 2024 Emea Stage 2,keiko,TL,"Raze, Jett, Iso",168,0.9,194.0,0.95,67,131.0,0.73,0.12,0.13,0.18,0.33,0.14,17,30,123,129,20,22,31,Liga EMEA
Champions Tour 2024 Emea Stage 2,shao,NAVI,"Omen, Brimstone, Astra",285,0.9,178.9,0.82,71,124.6,0.63,0.32,0.08,0.07,0.32,0.21,839,22,179,218,91,23,19,Liga EMEA
Champions Tour 2024 Emea Stage 2,paura,BBL,"Kayo, Gekko, Breach",207,0.9,160.7,0.83,66,106.3,0.57,0.39,0.08,0.11,0.34,0.11,328,18,118,142,80,17,22,Liga EMEA
Champions Tour 2024 Emea Stage 2,zyppan,NAVI,"Kayo, Gekko, Breach",285,0.89,202.2,0.88,68,135.6,0.7,0.33,0.09,0.14,0.29,0.03,129,23,199,227,93,26,40,Liga EMEA
Champions Tour 2024 Emea Stage 2,cender,VIT,"Omen, Viper",573,0.89,163.9,0.83,70,106.1,0.59,0.37,0.08,0.13,0.3,0.12,652,31,340,408,214,44,77,Liga EMEA
Champions Tour 2024 Emea Stage 2,takas,M8,"Yoru, Neon, Omen",274,0.88,195.3,0.9,65,127.5,0.67,0.21,0.16,0.23,0.24,0.24,417,23,184,205,57,45,64,Liga EMEA
Champions Tour 2024 Emea Stage 2,magnum,KC,"Sova, Breach, Killjoy",245,0.88,168.2,0.81,74,112.0,0.58,0.33,0.09,0.13,0.33,0.23,522,17,141,174,82,23,33,Liga EMEA
Champions Tour 2024 Emea Stage 2,famsii,GX,"Omen, Raze",108,0.88,171.6,0.85,71,125.6,0.62,0.28,0.09,0.07,0.27,0.0,11,24,67,79,30,10,8,Liga EMEA
Champions Tour 2024 Emea Stage 2,shadow,MKOI,"Fade, Gekko, Sova",262,0.87,162.1,0.86,71,105.2,0.56,0.32,0.05,0.11,0.19,0.17,424,19,148,173,85,14,28,Liga EMEA
Champions Tour 2024 Emea Stage 2,mistic,TL,"Omen, Sage, Astra",168,0.83,160.5,0.76,71,101.5,0.56,0.36,0.05,0.1,0.3,0.23,313,17,94,123,61,8,16,Liga EMEA
Champions Tour 2024 Emea Stage 2,jamppi,TL,"Yoru, Killjoy, Breach",168,0.83,167.8,0.78,63,108.5,0.58,0.2,0.08,0.14,0.32,0.13,324,20,98,125,34,14,24,Liga EMEA
Champions Tour 2024 Emea Stage 2,tomaszy,KC,"Cypher, Harbor, Neon",245,0.82,162.8,0.81,65,109.4,0.58,0.2,0.06,0.09,0.33,0.07,228,16,143,176,49,14,22,Liga EMEA
Champions Tour 2024 Emea Stage 2,beyaz,M8,"Breach, Kayo, Sova",274,0.78,147.3,0.69,72,99.4,0.48,0.43,0.04,0.08,0.22,0.18,633,15,132,190,117,10,21,Liga EMEA
Champions Tour 2024 Emea Stage 2,reazy,BBL,"Sova, Fade, Gekko",207,0.78,151.1,0.77,67,103.2,0.53,0.27,0.06,0.03,0.32,0.13,324,15,110,142,55,12,7,Liga EMEA
Champions Tour 2024 Emea Stage 2,redgar,GX,"Omen, Cypher, Sage",149,0.76,144.0,0.71,67,95.7,0.51,0.4,0.08,0.07,0.39,0.14,322,17,76,107,59,12,11,Liga EMEA
Champions Tour 2024 Emea Stage 2,ange1,NAVI,"Sova, Fade, Gekko",285,0.76,159.5,0.72,65,107.7,0.55,0.3,0.11,0.12,0.31,0.07,228,21,157,219,86,30,34,Liga EMEA
Champions Tour 2024 Emea Stage 1,elite,BBL,"Killjoy, Cypher, Viper",268,1.21,214.2,1.31,75,143.6,0.8,0.17,0.07,0.06,0.44,0.16,744,23,215,164,45,18,17,Liga EMEA
Champions Tour 2024 Emea Stage 1,leo,FNC,"Sova, Fade, Gekko",646,1.21,210.6,1.35,81,138.8,0.76,0.36,0.04,0.03,0.27,0.1,1099,28,492,364,235,28,19,Liga EMEA
Champions Tour 2024 Emea Stage 1,benjyfishy,TH,"Killjoy, Cypher, Viper",511,1.16,209.5,1.25,72,140.0,0.79,0.17,0.09,0.06,0.33,0.19,1369,28,404,322,87,44,32,Liga EMEA
Champions Tour 2024 Emea Stage 1,cned,FUT,"Chamber, Jett, Sage",440,1.16,238.6,1.25,75,155.6,0.85,0.18,0.15,0.14,0.28,0.08,339,25,373,299,79,66,60,Liga EMEA
Champions Tour 2024 Emea Stage 1,shao,NAVI,"Brimstone, Omen, Astra",329,1.15,202.7,1.18,77,132.6,0.73,0.4,0.08,0.06,0.31,0.22,1150,24,241,204,130,27,20,Liga EMEA
Champions Tour 2024 Emea Stage 1,natank,M8,"Phoenix, Raze, Sage",186,1.12,236.8,1.08,68,155.1,0.83,0.23,0.15,0.14,0.25,0.47,715,25,154,142,43,28,26,Liga EMEA
Champions Tour 2024 Emea Stage 1,tomaszy,KC,"Cypher, Viper",420,1.1,214.2,1.16,76,144.1,0.75,0.3,0.08,0.07,0.33,0.1,659,26,317,273,124,35,31,Liga EMEA
Champions Tour 2024 Emea Stage 1,sayf,VIT,"Gekko, Viper, Cypher",331,1.1,218.7,1.17,74,140.9,0.8,0.23,0.11,0.08,0.3,0.07,341,28,265,226,75,37,28,Liga EMEA
Champions Tour 2024 Emea Stage 1,qraxs,FUT,"Raze, Kayo, Sage",440,1.09,202.4,1.1,73,130.3,0.74,0.36,0.07,0.06,0.29,0.2,1156,24,326,297,160,31,27,Liga EMEA
Champions Tour 2024 Emea Stage 1,ardiis,NAVI,"Kayo, Breach, Jett",329,1.09,215.0,1.07,75,142.9,0.77,0.4,0.12,0.11,0.24,0.17,423,23,253,236,133,39,37,Liga EMEA
Champions Tour 2024 Emea Stage 1,mrfalin,FUT,"Skye, Sova, Gekko",440,1.09,206.2,1.05,75,135.6,0.7,0.38,0.09,0.08,0.23,0.14,537,25,310,295,169,39,33,Liga EMEA
Champions Tour 2024 Emea Stage 1,n4rrate,KC,"Kayo, Gekko, Fade",420,1.09,217.4,1.1,75,141.1,0.75,0.31,0.08,0.07,0.27,0.14,642,27,314,286,132,34,29,Liga EMEA
Champions Tour 2024 Emea Stage 1,alfajer,FNC,"Killjoy, Viper, Cypher",646,1.08,219.1,1.14,72,145.4,0.77,0.19,0.12,0.11,0.29,0.09,665,28,496,436,123,79,73,Liga EMEA
Champions Tour 2024 Emea Stage 1,chronicle,FNC,"Viper, Skye, Kayo",646,1.08,205.8,1.09,74,137.6,0.71,0.4,0.11,0.07,0.22,0.2,1259,26,458,422,259,68,48,Liga EMEA
Champions Tour 2024 Emea Stage 1,wo0t,TH,"Kayo, Skye, Reyna",351,1.07,206.1,1.03,74,138.3,0.72,0.36,0.1,0.09,0.33,0.14,428,23,251,244,128,35,30,Liga EMEA
Champions Tour 2024 Emea Stage 1,trexx,VIT,"Viper, Fade, Astra",331,1.04,203.1,0.99,76,130.2,0.69,0.47,0.1,0.09,0.2,0.14,643,26,229,232,156,33,29,Liga EMEA
Champions Tour 2024 Emea Stage 1,purp0,GX,"Jett, Raze, Yoru",281,1.04,215.5,0.99,68,145.8,0.74,0.16,0.18,0.14,0.31,0.07,229,26,207,210,46,51,40,Liga EMEA
Champions Tour 2024 Emea Stage 1,keiko,TL,"Raze, Yoru, Jett",355,1.04,225.8,1.11,70,146.9,0.81,0.2,0.19,0.17,0.31,0.18,422,25,288,260,71,66,59,Liga EMEA
Champions Tour 2024 Emea Stage 1,nats,TL,"Cypher, Viper",355,1.04,211.8,1.15,74,141.1,0.77,0.23,0.08,0.08,0.29,0.22,1149,24,275,239,83,28,28,Liga EMEA
Champions Tour 2024 Emea Stage 1,grubinho,MKOI,"Omen, Viper, Brimstone",239,1.04,192.2,0.97,78,129.1,0.66,0.32,0.1,0.09,0.33,0.15,534,22,158,163,76,23,22,Liga EMEA
Champions Tour 2024 Emea Stage 1,suygetsu,NAVI,"Viper, Killjoy, Cypher",329,1.04,183.6,1.06,75,127.1,0.66,0.22,0.07,0.05,0.32,0.09,555,22,217,205,73,24,18,Liga EMEA
Champions Tour 2024 Emea Stage 1,yetujey,FUT,"Viper, Sage, Cypher",440,1.03,197.6,1.08,70,131.2,0.7,0.23,0.1,0.11,0.26,0.17,1059,23,306,283,99,42,47,Liga EMEA
Champions Tour 2024 Emea Stage 1,miniboo,TH,"Kayo, Neon, Yoru",511,1.03,227.6,1.04,72,148.2,0.78,0.22,0.18,0.18,0.32,0.16,532,26,400,386,112,94,94,Liga EMEA
Champions Tour 2024 Emea Stage 1,marteen,KC,"Jett, Raze, Yoru",420,1.03,217.8,1.07,73,147.8,0.75,0.19,0.19,0.15,0.27,0.24,834,28,317,297,79,79,65,Liga EMEA
Champions Tour 2024 Emea Stage 1,sheydos,MKOI,"Viper, Cypher, Killjoy",239,1.02,171.8,1.07,75,113.1,0.64,0.14,0.05,0.05,0.28,0.12,541,20,153,143,34,13,13,Liga EMEA
Champions Tour 2024 Emea Stage 1,logan,M8,"Cypher, Omen, Viper",186,1.01,185.7,0.98,68,120.2,0.66,0.2,0.07,0.08,0.34,0.06,235,19,123,125,38,13,14,Liga EMEA
Champions Tour 2024 Emea Stage 1,cloud,GX,"Sova, Skye, Fade",281,1.01,192.0,1.0,71,127.9,0.7,0.26,0.08,0.06,0.24,0.1,329,26,196,196,73,22,16,Liga EMEA
Champions Tour 2024 Emea Stage 1,riens,TH,"Gekko, Sova, Skye",511,1.01,191.1,0.94,75,130.1,0.66,0.39,0.06,0.07,0.36,0.2,1259,25,337,360,201,31,38,Liga EMEA
Champions Tour 2024 Emea Stage 1,derke,FNC,"Jett, Raze, Yoru",646,1.0,224.5,1.07,70,149.9,0.78,0.19,0.17,0.18,0.26,0.21,1047,29,507,472,122,107,118,Liga EMEA
Champions Tour 2024 Emea Stage 1,qutionerx,BBL,"Jett, Neon, Yoru",268,1.0,229.2,1.01,73,158.3,0.79,0.19,0.19,0.15,0.23,0.06,117,31,213,211,51,52,40,Liga EMEA
Champions Tour 2024 Emea Stage 1,zyppan,NAVI,"Raze, Kayo, Neon",329,1.0,217.3,1.01,74,147.1,0.74,0.27,0.16,0.14,0.28,0.25,312,24,244,241,89,52,46,Liga EMEA
Champions Tour 2024 Emea Stage 1,brave,BBL,"Omen, Viper, Brimstone",268,0.99,204.6,0.98,71,133.1,0.7,0.37,0.09,0.07,0.31,0.2,630,24,187,190,98,24,20,Liga EMEA
Champions Tour 2024 Emea Stage 1,starxo,MKOI,"Fade, Kayo, Omen",239,0.98,190.3,0.93,75,123.4,0.65,0.48,0.1,0.11,0.23,0.19,526,25,156,168,115,23,26,Liga EMEA
Champions Tour 2024 Emea Stage 1,fit1nho,GX,"Yoru, Breach, Raze",281,0.96,191.4,0.9,70,128.3,0.64,0.27,0.1,0.1,0.32,0.07,227,21,179,198,77,28,29,Liga EMEA
Champions Tour 2024 Emea Stage 1,hoody,GX,"Viper, Cypher",281,0.94,179.2,0.91,68,124.7,0.64,0.25,0.1,0.07,0.27,0.12,543,30,180,198,71,29,21,Liga EMEA
Champions Tour 2024 Emea Stage 1,enzo,TL,"Skye, Sova, Gekko",355,0.94,173.5,0.89,71,119.1,0.56,0.34,0.06,0.09,0.18,0.08,340,20,200,225,120,21,31,Liga EMEA
Champions Tour 2024 Emea Stage 1,magnum,KC,"Sova, Kayo, Skye",420,0.92,179.8,0.85,72,117.4,0.6,0.37,0.1,0.12,0.24,0.28,1036,18,251,294,155,40,49,Liga EMEA
Champions Tour 2024 Emea Stage 1,mistic,TL,"Omen, Harbor, Sage",355,0.92,173.4,0.91,73,118.0,0.62,0.33,0.07,0.07,0.32,0.05,243,23,219,240,116,24,25,Liga EMEA
Champions Tour 2024 Emea Stage 1,cender,VIT,"Brimstone, Omen, Viper",331,0.91,176.0,0.85,68,122.7,0.61,0.33,0.07,0.08,0.24,0.11,436,23,203,238,109,22,28,Liga EMEA
Champions Tour 2024 Emea Stage 1,jamppi,TL,"Viper, Killjoy, Breach",355,0.91,193.0,0.91,74,124.5,0.66,0.32,0.09,0.12,0.29,0.11,435,22,236,258,115,31,41,Liga EMEA
Champions Tour 2024 Emea Stage 1,boo,TH,"Sage, Omen, Viper",511,0.91,158.1,0.84,72,104.0,0.55,0.42,0.08,0.08,0.36,0.1,768,23,280,332,216,42,43,Liga EMEA
Champions Tour 2024 Emea Stage 1,kamo,MKOI,"Raze, Jett, Yoru",239,0.91,211.9,0.91,66,136.9,0.72,0.14,0.19,0.18,0.3,0.22,29,25,173,191,34,45,42,Liga EMEA
Champions Tour 2024 Emea Stage 1,paura,BBL,"Kayo, Sova, Sage",268,0.89,176.8,0.85,65,111.4,0.6,0.37,0.12,0.13,0.3,0.12,325,19,161,190,100,32,36,Liga EMEA
Champions Tour 2024 Emea Stage 1,sh1n,KC,"Viper, Omen, Sage",420,0.89,156.9,0.84,74,100.1,0.55,0.41,0.06,0.08,0.28,0.09,557,22,233,278,174,24,33,Liga EMEA
Champions Tour 2024 Emea Stage 1,ange1,NAVI,"Gekko, Fade, Sova",329,0.89,185.1,0.88,68,124.4,0.64,0.29,0.1,0.1,0.34,0.1,330,25,212,241,95,32,34,Liga EMEA
Champions Tour 2024 Emea Stage 1,patitek,TH,"Viper, Kayo, Brimstone",160,0.89,182.6,0.84,70,125.4,0.6,0.43,0.06,0.11,0.23,0.12,217,17,96,114,68,9,18,Liga EMEA
Champions Tour 2024 Emea Stage 1,kicks,VIT,"Deadlock, Killjoy, Sova",331,0.88,165.3,0.86,75,109.8,0.61,0.34,0.04,0.05,0.21,0.18,1057,24,202,234,113,13,15,Liga EMEA
Champions Tour 2024 Emea Stage 1,runner,VIT,"Raze, Yoru, Jett",331,0.88,211.8,0.91,66,139.2,0.71,0.24,0.17,0.21,0.17,0.14,321,23,235,257,78,56,70,Liga EMEA
Champions Tour 2024 Emea Stage 1,atakaptan,FUT,"Omen, Viper",440,0.86,176.7,0.83,70,112.9,0.59,0.39,0.09,0.13,0.23,0.16,744,20,259,312,173,39,56,Liga EMEA
Champions Tour 2024 Emea Stage 1,reazy,BBL,"Sova, Viper, Skye",268,0.86,156.5,0.78,68,108.5,0.53,0.37,0.04,0.07,0.29,0.24,834,15,141,180,98,10,19,Liga EMEA
Champions Tour 2024 Emea Stage 1,beyaz,M8,"Sova, Kayo, Skye",186,0.85,178.9,0.79,70,119.6,0.62,0.37,0.06,0.08,0.22,0.03,129,25,116,146,69,11,15,Liga EMEA
Champions Tour 2024 Emea Stage 1,boaster,FNC,"Harbor, Omen, Brimstone",646,0.85,151.3,0.78,73,98.8,0.51,0.39,0.06,0.1,0.2,0.14,857,21,327,418,255,39,65,Liga EMEA
Champions Tour 2024 Emea Stage 1,redgar,GX,"Cypher, Omen, Kayo",281,0.81,150.5,0.77,68,97.6,0.54,0.34,0.06,0.09,0.37,0.21,733,18,151,196,95,18,26,Liga EMEA
Champions Tour 2024 Emea Stage 1,takas,M8,"Yoru, Neon, Jett",186,0.81,190.9,0.81,63,130.1,0.65,0.26,0.16,0.15,0.19,0.0,12,24,120,149,49,29,27,Liga EMEA
Champions Tour 2024 Emea Stage 1,shadow,MKOI,"Breach, Sova, Gekko",239,0.8,161.1,0.79,66,104.7,0.55,0.28,0.04,0.09,0.21,0.0,21,18,132,168,67,10,22,Liga EMEA
Champions Tour 2024 Emea Stage 1,wailers,M8,"Omen, Cypher, Viper",186,0.74,125.4,0.64,59,85.8,0.46,0.23,0.06,0.06,0.26,0.12,326,15,86,134,42,11,12,Liga EMEA
Champions Tour 2024 Emea Kickoff,atakaptan,FUT,"Breach, Omen, Viper",182,1.24,216.9,1.23,76,140.5,0.77,0.51,0.04,0.07,0.3,0.17,423,30,140,114,92,7,13,Liga EMEA
Champions Tour 2024 Emea Kickoff,n4rrate,KC,"Raze, Gekko, Fade",383,1.23,249.9,1.27,78,166.2,0.89,0.33,0.12,0.08,0.26,0.15,533,40,342,269,125,47,31,Liga EMEA
Champions Tour 2024 Emea Kickoff,cloud,GX,"Breach, Fade, Skye",124,1.21,241.3,1.17,71,155.6,0.84,0.36,0.08,0.06,0.3,0.13,216,22,104,89,45,10,8,Liga EMEA
Champions Tour 2024 Emea Kickoff,zyppan,NAVI,"Raze, Kayo, Sova",146,1.18,237.1,1.23,72,156.5,0.86,0.32,0.1,0.08,0.34,0.0,12,25,125,102,47,15,11,Liga EMEA
Champions Tour 2024 Emea Kickoff,miniboo,TH,"Neon, Yoru, Raze",208,1.18,254.7,1.22,69,165.1,0.88,0.19,0.22,0.17,0.28,0.4,615,25,184,151,39,45,36,Liga EMEA
Champions Tour 2024 Emea Kickoff,ardiis,NAVI,"Kayo, Jett, Yoru",146,1.18,246.0,1.25,74,155.8,0.9,0.28,0.14,0.1,0.21,0.2,420,28,132,106,41,21,15,Liga EMEA
Champions Tour 2024 Emea Kickoff,sayf,VIT,"Viper, Omen, Kayo",238,1.17,209.2,1.22,68,137.3,0.77,0.28,0.11,0.08,0.37,0.14,537,27,183,150,67,26,19,Liga EMEA
Champions Tour 2024 Emea Kickoff,chronicle,FNC,"Viper, Kayo, Breach",88,1.17,218.0,1.2,76,140.4,0.74,0.57,0.09,0.05,0.22,0.42,512,21,65,54,50,8,4,Liga EMEA
Champions Tour 2024 Emea Kickoff,keiko,TL,"Jett, Raze, Yoru",160,1.16,229.0,1.24,71,150.7,0.83,0.11,0.21,0.12,0.3,0.05,119,37,133,107,18,33,19,Liga EMEA
Champions Tour 2024 Emea Kickoff,marteen,KC,"Yoru, Raze, Jett",383,1.13,241.1,1.2,73,156.4,0.84,0.25,0.18,0.15,0.23,0.2,420,31,320,266,95,70,57,Liga EMEA
Champions Tour 2024 Emea Kickoff,takas,M8,"Yoru, Raze",104,1.13,260.8,1.25,66,164.9,0.92,0.2,0.15,0.12,0.22,0.14,17,26,96,77,21,16,12,Liga EMEA
Champions Tour 2024 Emea Kickoff,yetujey,FUT,"Killjoy, Viper, Phoenix",182,1.11,210.0,1.16,79,143.3,0.74,0.25,0.12,0.09,0.24,0.19,527,30,135,116,46,22,17,Liga EMEA
Champions Tour 2024 Emea Kickoff,kicks,VIT,"Skye, Sova",238,1.1,201.3,1.09,72,127.4,0.73,0.38,0.05,0.11,0.21,0.23,626,26,173,158,91,12,27,Liga EMEA
Champions Tour 2024 Emea Kickoff,alfajer,FNC,"Killjoy, Cypher",88,1.08,225.5,1.26,74,146.6,0.83,0.1,0.13,0.06,0.31,0.11,19,24,73,58,9,11,5,Liga EMEA
Champions Tour 2024 Emea Kickoff,boo,TH,"Omen, Astra, Viper",208,1.07,187.6,1.05,72,125.1,0.69,0.4,0.07,0.07,0.29,0.04,123,26,143,136,84,15,15,Liga EMEA
Champions Tour 2024 Emea Kickoff,leo,FNC,"Fade, Sova, Skye",88,1.07,186.8,1.13,77,126.4,0.67,0.33,0.07,0.05,0.22,0.0,11,24,59,52,29,6,4,Liga EMEA
Champions Tour 2024 Emea Kickoff,shao,NAVI,"Brimstone, Omen, Viper",146,1.06,192.7,1.05,73,131.9,0.68,0.39,0.05,0.13,0.3,0.1,110,20,99,94,57,7,19,Liga EMEA
Champions Tour 2024 Emea Kickoff,benjyfishy,TH,"Killjoy, Viper, Cypher",208,1.06,214.5,1.09,75,141.7,0.76,0.2,0.1,0.09,0.35,0.18,633,22,159,146,42,20,18,Liga EMEA
Champions Tour 2024 Emea Kickoff,runner,VIT,"Raze, Jett",238,1.05,227.7,1.03,72,153.2,0.76,0.26,0.16,0.16,0.19,0.31,413,27,182,176,63,39,37,Liga EMEA
Champions Tour 2024 Emea Kickoff,nukkye,GX,"Cypher, Sage, Killjoy",124,1.04,202.2,0.99,73,137.4,0.69,0.3,0.1,0.06,0.29,0.08,113,21,86,87,37,13,7,Liga EMEA
Champions Tour 2024 Emea Kickoff,boaster,FNC,Omen,88,1.01,200.3,1.03,70,134.6,0.73,0.43,0.07,0.1,0.28,0.0,12,20,64,62,38,6,9,Liga EMEA
Champions Tour 2024 Emea Kickoff,magnum,KC,"Fade, Cypher, Killjoy",383,1.01,180.0,0.99,73,124.0,0.64,0.29,0.08,0.1,0.25,0.17,846,25,247,250,110,29,40,Liga EMEA
Champions Tour 2024 Emea Kickoff,riens,TH,"Gekko, Sova, Breach",208,1.01,202.4,1.01,75,139.1,0.7,0.31,0.1,0.02,0.39,0.18,422,24,146,145,65,21,5,Liga EMEA
Champions Tour 2024 Emea Kickoff,grubinho,MKOI,"Viper, Brimstone, Omen",239,1.0,185.7,0.96,72,115.3,0.65,0.36,0.07,0.07,0.35,0.15,533,17,155,161,85,17,16,Liga EMEA
Champions Tour 2024 Emea Kickoff,nats,TL,"Viper, Cypher",160,0.99,197.9,0.99,71,138.7,0.68,0.23,0.07,0.11,0.28,0.08,225,28,109,110,36,11,18,Liga EMEA
Champions Tour 2024 Emea Kickoff,suygetsu,NAVI,"Viper, Cypher",146,0.99,181.6,1.06,71,124.3,0.65,0.18,0.04,0.1,0.38,0.2,525,17,95,90,26,6,15,Liga EMEA
Champions Tour 2024 Emea Kickoff,mrfalin,FUT,"Astra, Gekko, Skye",182,0.98,201.0,0.96,74,129.3,0.68,0.43,0.1,0.1,0.2,0.11,218,23,124,129,78,19,19,Liga EMEA
Champions Tour 2024 Emea Kickoff,sheydos,MKOI,"Killjoy, Viper, Cypher",239,0.98,163.0,0.97,72,115.2,0.59,0.18,0.03,0.05,0.26,0.18,740,17,142,147,43,7,11,Liga EMEA
Champions Tour 2024 Emea Kickoff,jamppi,TL,"Killjoy, Skye, Viper",160,0.98,208.1,0.99,73,138.2,0.72,0.22,0.15,0.08,0.38,0.19,316,21,115,116,35,24,12,Liga EMEA
Champions Tour 2024 Emea Kickoff,tomaszy,KC,"Omen, Viper",383,0.97,184.6,0.95,75,128.7,0.66,0.34,0.09,0.07,0.33,0.18,844,30,251,264,129,36,27,Liga EMEA
Champions Tour 2024 Emea Kickoff,logan,M8,"Cypher, Killjoy",104,0.96,173.8,0.97,69,117.9,0.59,0.15,0.05,0.11,0.3,0.0,15,15,61,63,16,5,11,Liga EMEA
Champions Tour 2024 Emea Kickoff,elite,BBL,"Viper, Killjoy, Cypher",100,0.96,210.0,0.96,65,134.7,0.72,0.23,0.1,0.1,0.5,0.0,10,20,72,75,23,10,10,Liga EMEA
Champions Tour 2024 Emea Kickoff,sh1n,KC,"Astra, Omen, Harbor",383,0.96,162.2,1.0,75,103.0,0.61,0.34,0.05,0.07,0.32,0.15,960,19,235,234,132,20,25,Liga EMEA
Champions Tour 2024 Emea Kickoff,reazy,BBL,"Skye, Sova",100,0.96,197.0,0.92,73,134.9,0.66,0.34,0.04,0.04,0.25,0.15,426,18,66,72,34,4,4,Liga EMEA
Champions Tour 2024 Emea Kickoff,qraxs,FUT,"Gekko, Kayo, Raze",182,0.95,201.6,0.89,73,130.5,0.65,0.43,0.08,0.08,0.25,0.18,317,20,119,133,78,15,14,Liga EMEA
Champions Tour 2024 Emea Kickoff,kamo,MKOI,"Yoru, Raze",239,0.95,212.1,0.91,67,144.1,0.72,0.19,0.22,0.21,0.24,0.23,313,24,171,188,46,52,51,Liga EMEA
Champions Tour 2024 Emea Kickoff,cned,FUT,"Yoru, Neon, Chamber",182,0.94,216.4,1.0,71,141.4,0.75,0.18,0.15,0.16,0.27,0.06,116,22,136,136,33,27,29,Liga EMEA
Champions Tour 2024 Emea Kickoff,starxo,MKOI,"Harbor, Skye, Fade",239,0.94,189.8,0.94,68,124.3,0.67,0.33,0.07,0.12,0.24,0.21,629,22,159,170,78,17,28,Liga EMEA
Champions Tour 2024 Emea Kickoff,patitek,TH,"Viper, Kayo",208,0.93,177.2,0.85,73,116.4,0.59,0.49,0.07,0.09,0.27,0.18,422,22,123,145,101,15,18,Liga EMEA
Champions Tour 2024 Emea Kickoff,natank,M8,"Raze, Phoenix",104,0.93,216.6,1.0,68,146.2,0.76,0.17,0.23,0.22,0.27,0.29,27,24,79,79,18,24,23,Liga EMEA
Champions Tour 2024 Emea Kickoff,mistic,TL,"Sage, Brimstone, Omen",160,0.92,195.9,0.93,74,130.4,0.7,0.31,0.06,0.09,0.31,0.17,318,21,112,121,49,9,15,Liga EMEA
Champions Tour 2024 Emea Kickoff,shadow,MKOI,"Sova, Fade, Breach",239,0.9,180.7,0.87,66,116.3,0.64,0.28,0.07,0.1,0.22,0.19,421,21,153,175,67,16,23,Liga EMEA
Champions Tour 2024 Emea Kickoff,cender,VIT,"Omen, Viper, Cypher",238,0.88,166.6,0.84,68,108.6,0.58,0.27,0.1,0.09,0.23,0.21,524,23,137,163,64,23,21,Liga EMEA
Champions Tour 2024 Emea Kickoff,wailers,M8,"Omen, Viper",104,0.85,168.8,0.87,76,111.1,0.6,0.29,0.02,0.01,0.3,0.11,218,17,62,71,30,2,1,Liga EMEA
Champions Tour 2024 Emea Kickoff,destrian,VIT,"Cypher, Killjoy, Omen",238,0.84,158.7,0.77,68,111.9,0.54,0.32,0.06,0.09,0.21,0.1,329,19,128,166,76,14,21,Liga EMEA
Champions Tour 2024 Emea Kickoff,qutionerx,BBL,"Raze, Jett",100,0.84,210.6,0.85,66,140.2,0.72,0.16,0.19,0.22,0.26,0.25,14,18,72,85,16,19,22,Liga EMEA
Champions Tour 2024 Emea Kickoff,hoody,GX,"Skye, Breach, Viper",124,0.81,159.7,0.73,64,107.7,0.53,0.36,0.06,0.14,0.23,0.11,218,16,66,90,45,7,17,Liga EMEA
Champions Tour 2024 Emea Kickoff,paura,BBL,"Breach, Kayo",100,0.8,155.8,0.72,72,96.4,0.56,0.41,0.09,0.07,0.33,0.07,114,20,56,78,41,9,7,Liga EMEA
Champions Tour 2024 Emea Kickoff,brave,BBL,"Brimstone, Omen, Viper",100,0.75,155.2,0.69,67,103.7,0.54,0.26,0.05,0.1,0.37,0.27,415,17,54,78,26,5,10,Liga EMEA
Champions Tour 2024 Emea Kickoff,ange1,NAVI,"Gekko, Sova, Omen",146,0.75,167.1,0.77,62,114.6,0.58,0.25,0.11,0.14,0.35,0.0,10,21,85,110,37,16,21,Liga EMEA
Champions Tour 2024 Emea Kickoff,beyaz,M8,"Breach, Sova",104,0.75,129.6,0.62,73,87.4,0.41,0.49,0.05,0.05,0.3,0.1,110,14,43,69,51,5,5,Liga EMEA
Champions Tour 2024 Emea Kickoff,fit1nho,GX,Raze,124,0.74,180.3,0.75,62,120.8,0.6,0.11,0.11,0.15,0.23,0.0,11,21,74,99,14,14,18,Liga EMEA
Champions Tour 2024 Emea Kickoff,derke,FNC,"Raze, Jett",88,0.74,188.5,0.84,63,118.6,0.65,0.08,0.19,0.19,0.27,0.0,3,17,57,68,7,17,17,Liga EMEA
Champions Tour 2024 Emea Kickoff,redgar,GX,Omen,124,0.73,147.7,0.72,64,99.1,0.53,0.26,0.09,0.15,0.3,0.19,316,22,66,92,32,11,19,Liga EMEA
Champions Tour 2024 Emea Kickoff,enzo,TL,"Sova, Gekko, Skye",160,0.73,138.1,0.69,68,99.9,0.46,0.26,0.06,0.06,0.21,0.0,15,17,73,106,42,10,9,Liga EMEA
Champions Tour 2023 Emea League,alfajer,FNC,"Killjoy, Cypher",465,1.26,230.9,1.47,77,152.6,0.86,0.18,0.12,0.08,0.27,0.17,1271,29,398,271,84,57,36,Liga EMEA
Champions Tour 2023 Emea League,sayf,TL,"Jett, Raze, Neon",738,1.23,249.0,1.34,74,157.2,0.87,0.22,0.18,0.13,0.24,0.21,1572,29,643,480,164,133,99,Liga EMEA
Champions Tour 2023 Emea League,leo,FNC,"Sova, Skye, Fade",570,1.2,199.0,1.32,84,126.6,0.71,0.42,0.03,0.03,0.21,0.19,1263,24,406,307,239,18,17,Liga EMEA
Champions Tour 2023 Emea League,chronicle,FNC,"Sage, Breach, Kayo",570,1.19,224.4,1.27,80,142.0,0.78,0.46,0.09,0.07,0.24,0.22,1150,25,446,350,261,53,39,Liga EMEA
Champions Tour 2023 Emea League,derke,FNC,"Jett, Raze",570,1.18,268.6,1.3,74,172.5,0.93,0.19,0.26,0.16,0.25,0.08,224,30,529,406,106,148,94,Liga EMEA
Champions Tour 2023 Emea League,trexx,MKOI,"Kayo, Raze, Skye",453,1.15,226.4,1.1,74,150.1,0.78,0.36,0.11,0.13,0.17,0.14,859,33,353,321,161,49,57,Liga EMEA
Champions Tour 2023 Emea League,nats,TL,"Cypher, Viper, Chamber",786,1.13,222.4,1.23,73,145.7,0.8,0.27,0.09,0.09,0.28,0.14,1283,33,630,511,210,73,71,Liga EMEA
Champions Tour 2023 Emea League,shao,NAVI,"Gekko, Sage, Astra",570,1.12,200.0,1.14,76,131.4,0.7,0.32,0.07,0.06,0.34,0.23,2294,27,400,351,184,41,33,Liga EMEA
Champions Tour 2023 Emea League,sheydos,MKOI,"Killjoy, Breach, Cypher",453,1.11,199.5,1.12,75,130.8,0.76,0.27,0.06,0.05,0.28,0.14,1178,36,343,307,121,25,22,Liga EMEA
Champions Tour 2023 Emea League,nukkye,GIA,"Kayo, Raze, Killjoy",563,1.11,217.9,1.08,73,148.1,0.73,0.32,0.09,0.08,0.22,0.17,1270,30,411,379,181,48,45,Liga EMEA
Champions Tour 2023 Emea League,suygetsu,NAVI,"Viper, Killjoy, Sage",570,1.09,198.8,1.13,73,134.5,0.73,0.23,0.08,0.05,0.31,0.11,876,32,417,368,129,46,30,Liga EMEA
Champions Tour 2023 Emea League,cloud,GIA,"Sova, Skye, Gekko",563,1.08,219.5,1.1,75,143.8,0.77,0.28,0.09,0.1,0.29,0.15,854,30,433,395,158,52,59,Liga EMEA
Champions Tour 2023 Emea League,qutionerx,BBL,"Omen, Raze, Jett",444,1.08,242.7,1.13,71,158.8,0.86,0.18,0.2,0.16,0.26,0.15,639,28,380,335,82,91,70,Liga EMEA
Champions Tour 2023 Emea League,jamppi,TL,"Sova, Skye, Killjoy",786,1.08,207.6,1.12,71,132.9,0.74,0.31,0.08,0.07,0.26,0.27,2283,26,578,518,247,62,58,Liga EMEA
Champions Tour 2023 Emea League,qw1,FUT,"Raze, Neon, Jett",606,1.07,222.5,1.18,68,141.5,0.81,0.13,0.21,0.17,0.24,0.16,1275,28,490,416,81,126,102,Liga EMEA
Champions Tour 2023 Emea League,fit1nho,GIA,"Jett, Kayo",563,1.07,207.8,1.13,73,137.7,0.76,0.2,0.17,0.13,0.3,0.09,444,31,429,380,113,98,74,Liga EMEA
Champions Tour 2023 Emea League,cned,NAVI,"Jett, Omen, Yoru",570,1.07,226.1,1.11,72,149.0,0.79,0.22,0.16,0.15,0.27,0.1,662,28,451,407,128,91,84,Liga EMEA
Champions Tour 2023 Emea League,hoody,GIA,"Viper, Omen",563,1.07,207.3,1.05,72,136.8,0.73,0.31,0.09,0.09,0.27,0.08,784,25,410,389,174,49,50,Liga EMEA
Champions Tour 2023 Emea League,kamyk,FNC,"Killjoy, Cypher",105,1.07,199.8,1.23,73,126.6,0.75,0.17,0.12,0.07,0.29,0.07,115,22,79,64,18,13,7,Liga EMEA
Champions Tour 2023 Emea League,zyppan,NAVI,"Kayo, Skye, Fade",570,1.06,202.8,1.03,75,132.7,0.71,0.41,0.08,0.07,0.32,0.15,747,25,406,396,232,48,42,Liga EMEA
Champions Tour 2023 Emea League,twisten,VIT,"Jett, Raze, Sage",563,1.03,219.4,1.07,67,142.0,0.79,0.16,0.17,0.16,0.23,0.16,956,33,442,414,89,93,89,Liga EMEA
Champions Tour 2023 Emea League,cender,VIT,"Killjoy, Cypher, Viper",563,1.02,203.3,1.01,69,138.7,0.71,0.22,0.09,0.08,0.28,0.13,1186,21,398,396,122,50,47,Liga EMEA
Champions Tour 2023 Emea League,atakaptan,FUT,"Viper, Sage, Breach",568,1.01,193.7,1.01,74,122.9,0.7,0.39,0.07,0.09,0.27,0.23,1357,26,395,391,219,37,49,Liga EMEA
Champions Tour 2023 Emea League,nivera,KC,"Killjoy, Cypher, Omen",393,1.0,196.9,1.03,69,127.7,0.72,0.23,0.16,0.1,0.3,0.14,642,29,283,275,91,61,40,Liga EMEA
Champions Tour 2023 Emea League,scream,KC,"Kayo, Raze, Jett",393,0.99,214.5,0.96,70,146.2,0.75,0.19,0.21,0.16,0.3,0.11,328,33,294,306,73,81,62,Liga EMEA
Champions Tour 2023 Emea League,brave,BBL,"Viper, Astra, Omen",444,0.98,195.6,0.96,73,126.7,0.67,0.35,0.09,0.09,0.34,0.28,1243,24,298,312,156,39,39,Liga EMEA
Champions Tour 2023 Emea League,qraxs,FUT,"Kayo, Gekko, Fade",606,0.98,191.6,0.95,75,123.4,0.69,0.4,0.07,0.08,0.29,0.09,665,24,416,440,244,43,47,Liga EMEA
Champions Tour 2023 Emea League,molsi,VIT,"Breach, Fade, Raze",563,0.97,181.7,0.9,70,123.7,0.64,0.35,0.08,0.08,0.24,0.09,670,23,358,398,196,45,44,Liga EMEA
Champions Tour 2023 Emea League,boaster,FNC,"Viper, Omen, Astra",570,0.97,157.1,0.95,77,99.1,0.56,0.43,0.06,0.09,0.19,0.45,1533,17,320,337,243,34,54,Liga EMEA
Champions Tour 2023 Emea League,aslanm4shadow,BBL,"Sage, Killjoy, Raze",444,0.97,208.9,1.02,70,138.4,0.75,0.2,0.08,0.1,0.27,0.18,844,28,332,327,87,37,46,Liga EMEA
Champions Tour 2023 Emea League,avova,TH,"Astra, Omen, Viper",446,0.96,175.5,0.88,69,113.4,0.63,0.35,0.05,0.1,0.25,0.12,974,25,280,320,156,24,45,Liga EMEA
Champions Tour 2023 Emea League,turko,BBL,"Sova, Breach, Kayo",444,0.96,167.4,0.91,75,110.5,0.61,0.39,0.05,0.06,0.31,0.14,963,23,269,297,173,24,26,Liga EMEA
Champions Tour 2023 Emea League,mrfalin,FUT,"Astra, Omen, Harbor",606,0.95,184.5,0.92,71,118.0,0.66,0.4,0.06,0.11,0.23,0.14,1176,27,397,433,240,39,67,Liga EMEA
Champions Tour 2023 Emea League,soulcas,TL,"Breach, Viper, Kayo",786,0.94,168.4,0.92,74,109.9,0.6,0.39,0.06,0.06,0.34,0.09,893,23,469,512,309,47,50,Liga EMEA
Champions Tour 2023 Emea League,mojj,FUT,"Cypher, Killjoy, Viper",606,0.93,184.8,0.93,69,128.3,0.65,0.19,0.07,0.07,0.29,0.17,1166,24,394,424,116,45,45,Liga EMEA
Champions Tour 2023 Emea League,destrian,VIT,"Omen, Breach, Harbor",563,0.93,176.7,0.87,71,114.9,0.6,0.41,0.06,0.1,0.24,0.1,658,24,340,393,230,32,56,Liga EMEA
Champions Tour 2023 Emea League,boo,TH,"Killjoy, Cypher, Brimstone",446,0.93,176.2,0.85,70,123.9,0.61,0.25,0.07,0.06,0.28,0.11,765,25,274,322,110,30,28,Liga EMEA
Champions Tour 2023 Emea League,starxo,MKOI,"Fade, Omen, Breach",453,0.92,183.1,0.84,71,124.9,0.65,0.39,0.09,0.11,0.21,0.1,548,36,293,349,178,41,51,Liga EMEA
Champions Tour 2023 Emea League,zeek,TH,"Harbor, Sage, Sova",277,0.92,196.1,0.87,64,130.8,0.67,0.25,0.1,0.1,0.24,0.27,1037,24,186,215,68,28,29,Liga EMEA
Champions Tour 2023 Emea League,xms,KC,"Harbor, Astra, Omen",393,0.91,171.2,0.87,68,123.4,0.6,0.22,0.05,0.06,0.28,0.11,763,30,235,271,85,19,24,Liga EMEA
Champions Tour 2023 Emea League,bonecold,VIT,"Sova, Brimstone, Breach",563,0.89,171.3,0.81,67,110.4,0.59,0.37,0.08,0.11,0.29,0.18,1057,21,333,412,207,46,60,Liga EMEA
Champions Tour 2023 Emea League,redgar,TL,"Omen, Harbor, Brimstone",786,0.89,173.9,0.88,70,113.0,0.61,0.4,0.11,0.11,0.36,0.13,863,26,479,547,315,89,88,Liga EMEA
Champions Tour 2023 Emea League,souhcni,BBL,"Killjoy, Cypher, Sova",444,0.88,166.7,0.83,73,113.2,0.57,0.31,0.08,0.09,0.29,0.13,969,26,252,302,139,35,39,Liga EMEA
Champions Tour 2023 Emea League,mixwell,TH,"Skye, Harbor, Sage",446,0.87,191.0,0.82,67,130.6,0.64,0.33,0.09,0.1,0.2,0.16,743,30,286,349,147,41,45,Liga EMEA
Champions Tour 2023 Emea League,weber,TH,"Kayo, Skye, Breach",169,0.86,155.3,0.8,68,109.2,0.56,0.36,0.04,0.05,0.37,0.19,421,24,95,119,60,7,9,Liga EMEA
Champions Tour 2023 Emea League,sh1n,KC,"Gekko, Fade, Viper",393,0.85,164.8,0.82,66,106.8,0.58,0.26,0.05,0.07,0.3,0.17,636,20,229,280,101,21,29,Liga EMEA
Champions Tour 2023 Emea League,wolfen,MKOI,"Jett, Killjoy, Cypher",453,0.85,191.8,0.88,65,126.6,0.68,0.17,0.15,0.18,0.25,0.09,334,25,308,350,77,67,80,Liga EMEA
Champions Tour 2023 Emea League,ange1,NAVI,"Omen, Viper, Cypher",570,0.85,188.2,0.86,71,121.4,0.65,0.29,0.14,0.13,0.31,0.17,530,25,371,430,166,79,76,Liga EMEA
Champions Tour 2023 Emea League,harmii,TL,Raze,48,0.82,175.0,0.91,67,107.7,0.67,0.15,0.1,0.23,0.18,0.0,5,16,32,35,7,5,11,Liga EMEA
Champions Tour 2023 Emea League,rhyme,GIA,"Killjoy, Astra, Sage",563,0.81,162.0,0.78,69,105.5,0.57,0.36,0.06,0.1,0.32,0.12,652,22,323,412,202,32,56,Liga EMEA
Champions Tour 2023 Emea League,keloqz,TH,"Jett, Phoenix, Neon",446,0.81,192.5,0.86,64,124.1,0.69,0.13,0.15,0.21,0.25,0.21,838,23,306,355,56,67,92,Liga EMEA
Champions Tour 2023 Emea League,muj,FUT,Skye,38,0.81,169.5,0.77,63,109.4,0.61,0.24,0.11,0.08,0.2,0.33,13,13,23,30,9,4,3,Liga EMEA
Champions Tour 2023 Emea League,newzera,KC,"Viper, Breach, Skye",160,0.75,124.8,0.68,65,91.1,0.44,0.28,0.04,0.08,0.4,0.04,128,20,71,104,44,6,13,Liga EMEA
Champions Tour 2023 Emea League,koldamenta,MKOI,"Omen, Sova, Brimstone",453,0.66,130.7,0.57,65,83.7,0.42,0.34,0.04,0.1,0.23,0.15,748,14,192,334,155,17,44,Liga EMEA
Champions Tour 2023 Emea League,ze1sh,KC,"Kayo, Viper, Breach",233,0.6,128.7,0.6,63,82.9,0.45,0.31,0.05,0.11,0.28,0.11,328,16,104,173,73,11,25,Liga EMEA
Champions Tour 2023 Emea Last Chance Qualifier,fit1nho,GIA,"Jett, Raze, Breach",152,1.32,246.1,1.45,82,157.1,0.89,0.37,0.14,0.11,0.33,0.13,215,24,136,94,56,22,16,Qualifiers / Tier 2
Champions Tour 2023 Emea Last Chance Qualifier,hoody,GIA,"Skye, Omen, Chamber",152,1.24,222.7,1.25,80,145.3,0.76,0.43,0.11,0.05,0.24,0.06,117,23,116,93,65,16,7,Qualifiers / Tier 2
Champions Tour 2023 Emea Last Chance Qualifier,nukkye,GIA,"Cypher, Killjoy, Omen",152,1.18,200.1,1.34,78,135.0,0.78,0.35,0.07,0.04,0.22,0.25,624,22,119,89,53,10,6,Qualifiers / Tier 2
Champions Tour 2023 Emea Last Chance Qualifier,scream,KC,"Raze, Phoenix",175,1.16,272.6,1.18,73,181.3,0.92,0.25,0.27,0.17,0.27,0.0,11,31,161,137,44,47,29,Qualifiers / Tier 2
Champions Tour 2023 Emea Last Chance Qualifier,avova,TH,"Omen, Astra",63,1.14,209.0,1.07,79,132.2,0.75,0.38,0.11,0.03,0.25,0.14,214,18,47,44,24,7,2,Qualifiers / Tier 2
Champions Tour 2023 Emea Last Chance Qualifier,shao,NAVI,"Fade, Sova, Skye",231,1.14,193.8,1.15,75,130.5,0.71,0.32,0.03,0.03,0.37,0.22,1045,19,164,142,75,8,7,Qualifiers / Tier 2
Champions Tour 2023 Emea Last Chance Qualifier,trexx,MKOI,"Raze, Kayo, Viper",213,1.13,244.2,1.13,73,156.3,0.8,0.31,0.13,0.12,0.18,0.31,516,21,170,151,67,27,25,Qualifiers / Tier 2
Champions Tour 2023 Emea Last Chance Qualifier,starxo,MKOI,Skye,213,1.07,192.6,1.12,72,121.2,0.71,0.39,0.04,0.07,0.23,0.16,425,18,152,136,83,8,15,Qualifiers / Tier 2
Champions Tour 2023 Emea Last Chance Qualifier,wolfen,MKOI,"Cypher, Jett, Killjoy",213,1.07,248.7,1.13,73,156.1,0.87,0.16,0.22,0.18,0.26,0.07,114,25,185,164,35,47,39,Qualifiers / Tier 2
Champions Tour 2023 Emea Last Chance Qualifier,turko,BBL,"Breach, Skye",74,1.07,188.3,1.09,74,126.7,0.66,0.31,0.05,0.07,0.35,0.08,113,21,49,45,23,4,5,Qualifiers / Tier 2
Champions Tour 2023 Emea Last Chance Qualifier,suygetsu,NAVI,"Cypher, Viper, Chamber",231,1.07,195.9,1.1,72,132.1,0.72,0.18,0.07,0.06,0.35,0.06,348,22,167,152,42,16,14,Qualifiers / Tier 2
Champions Tour 2023 Emea Last Chance Qualifier,qutionerx,BBL,"Jett, Raze",74,1.05,228.0,1.15,64,153.3,0.82,0.12,0.11,0.18,0.25,0.25,14,21,61,53,9,8,13,Qualifiers / Tier 2
Champions Tour 2023 Emea Last Chance Qualifier,sheydos,MKOI,"Breach, Killjoy, Viper",213,1.04,164.4,1.01,71,113.7,0.61,0.25,0.05,0.05,0.26,0.23,835,23,129,128,54,11,10,Qualifiers / Tier 2
Champions Tour 2023 Emea Last Chance Qualifier,nivera,KC,"Omen, Sova, Viper",175,1.02,206.6,1.12,69,132.6,0.75,0.22,0.1,0.1,0.29,0.24,417,26,132,118,38,18,17,Qualifiers / Tier 2
Champions Tour 2023 Emea Last Chance Qualifier,zyppan,NAVI,"Raze, Breach, Phoenix",231,1.02,207.7,1.01,74,140.4,0.74,0.33,0.08,0.1,0.28,0.19,316,29,171,169,76,19,23,Qualifiers / Tier 2
Champions Tour 2023 Emea Last Chance Qualifier,cloud,GIA,"Sova, Skye, Yoru",152,1.01,210.0,1.1,72,135.9,0.74,0.26,0.14,0.16,0.25,0.33,26,22,113,103,39,22,24,Qualifiers / Tier 2
Champions Tour 2023 Emea Last Chance Qualifier,sh1n,KC,"Sova, Breach, Skye",175,0.98,167.9,0.89,75,110.2,0.59,0.45,0.07,0.06,0.32,0.14,322,20,103,116,79,12,10,Qualifiers / Tier 2
Champions Tour 2023 Emea Last Chance Qualifier,cned,NAVI,"Sage, Neon, Jett",231,0.98,206.0,0.98,68,136.6,0.72,0.17,0.15,0.17,0.28,0.06,117,28,167,171,40,34,39,Qualifiers / Tier 2
Champions Tour 2023 Emea Last Chance Qualifier,rhyme,GIA,"Astra, Breach, Raze",152,0.95,187.0,0.94,79,130.0,0.66,0.36,0.11,0.09,0.25,0.25,28,20,101,107,54,16,13,Qualifiers / Tier 2
Champions Tour 2023 Emea Last Chance Qualifier,xms,KC,"Harbor, Omen",175,0.92,158.0,0.91,71,108.6,0.61,0.3,0.07,0.07,0.36,0.13,323,21,106,116,53,13,12,Qualifiers / Tier 2
Champions Tour 2023 Emea Last Chance Qualifier,benjyfishy,TH,"Cypher, Killjoy",63,0.87,174.7,0.9,63,117.0,0.68,0.21,0.03,0.13,0.35,0.0,6,20,43,48,13,2,8,Qualifiers / Tier 2
Champions Tour 2023 Emea Last Chance Qualifier,brave,BBL,"Omen, Viper",74,0.86,170.0,0.79,64,106.5,0.55,0.35,0.03,0.12,0.29,0.0,8,14,41,52,26,2,9,Qualifiers / Tier 2
Champions Tour 2023 Emea Last Chance Qualifier,aslanm4shadow,BBL,"Killjoy, Sage",74,0.86,181.3,0.76,59,131.0,0.59,0.19,0.05,0.15,0.23,0.4,25,25,44,58,14,4,11,Qualifiers / Tier 2
Champions Tour 2023 Emea Last Chance Qualifier,keloqz,TH,"Raze, Jett",63,0.86,198.7,0.96,70,127.7,0.71,0.14,0.13,0.11,0.27,0.11,19,18,45,47,9,8,7,Qualifiers / Tier 2
Champions Tour 2023 Emea Last Chance Qualifier,souhcni,BBL,"Sova, Skye, Brimstone",74,0.82,168.0,0.74,66,118.2,0.53,0.23,0.12,0.12,0.23,0.09,111,20,39,53,17,9,9,Qualifiers / Tier 2
Champions Tour 2023 Emea Last Chance Qualifier,ze1sh,KC,"Breach, Killjoy, Skye",175,0.8,141.1,0.75,65,94.3,0.5,0.28,0.04,0.06,0.27,0.12,325,21,88,117,49,7,10,Qualifiers / Tier 2
Champions Tour 2023 Emea Last Chance Qualifier,koldamenta,MKOI,"Brimstone, Astra, Omen",213,0.79,121.3,0.66,69,76.9,0.42,0.46,0.05,0.1,0.19,0.23,522,16,89,135,98,10,21,Qualifiers / Tier 2
Champions Tour 2023 Emea Last Chance Qualifier,mixwell,TH,"Viper, Yoru, Breach",63,0.7,166.3,0.7,67,108.3,0.56,0.24,0.11,0.17,0.22,0.25,14,15,35,50,15,7,11,Qualifiers / Tier 2
Champions Tour 2023 Emea Last Chance Qualifier,ange1,NAVI,"Omen, Brimstone, Sova",231,0.68,159.6,0.65,64,112.5,0.52,0.32,0.16,0.15,0.29,0.14,17,19,121,186,73,37,34,Qualifiers / Tier 2
Champions Tour 2023 Emea Last Chance Qualifier,boo,TH,"Skye, Fade",63,0.57,115.3,0.53,70,76.5,0.38,0.16,0.05,0.13,0.38,0.0,5,13,24,45,10,3,8,Qualifiers / Tier 2
Vct 2026 Pacific Kickoff,primmie,FS,Yoru,237,1.23,258.1,1.34,74,166.7,0.95,0.16,0.17,0.12,0.32,0.28,518,31,225,168,37,40,28,Liga Pacific
Vct 2026 Pacific Kickoff,karon,GEN,"Veto, Killjoy, Viper",266,1.15,215.7,1.14,74,149.4,0.76,0.19,0.08,0.05,0.29,0.23,1147,26,203,178,50,21,13,Liga Pacific
Vct 2026 Pacific Kickoff,izu,T1,"Omen, Yoru, Sova",346,1.14,225.3,1.34,74,143.2,0.82,0.18,0.15,0.1,0.29,0.19,631,31,285,213,62,53,34,Liga Pacific
Vct 2026 Pacific Kickoff,patmen,GE,"Omen, Viper, Waylay",353,1.14,233.4,1.24,77,148.1,0.83,0.27,0.13,0.1,0.31,0.17,530,32,293,237,95,45,35,Liga Pacific
Vct 2026 Pacific Kickoff,jemkin,RRQ,"Neon, Chamber, Yoru",348,1.13,226.4,1.21,73,141.8,0.82,0.14,0.19,0.11,0.29,0.18,740,28,284,235,50,65,38,Liga Pacific
Vct 2026 Pacific Kickoff,rb,NS,"Omen, Brimstone, Viper",250,1.12,186.8,1.16,76,119.7,0.68,0.37,0.07,0.05,0.22,0.15,533,20,170,147,92,17,12,Liga Pacific
Vct 2026 Pacific Kickoff,dambi,NS,"Neon, Waylay",250,1.11,246.5,1.19,70,141.6,0.86,0.22,0.16,0.14,0.19,0.14,17,28,216,181,56,40,36,Liga Pacific
Vct 2026 Pacific Kickoff,autumn,GE,"Yoru, Jett, Waylay",353,1.1,225.8,1.16,72,141.9,0.8,0.19,0.16,0.15,0.29,0.08,337,32,284,244,66,56,53,Liga Pacific
Vct 2026 Pacific Kickoff,f0rsaken,PRX,"Brimstone, Omen, Astra",432,1.09,227.3,1.14,72,146.0,0.8,0.32,0.11,0.09,0.32,0.11,438,35,346,303,138,47,41,Liga Pacific
Vct 2026 Pacific Kickoff,meiy,DFM,"Waylay, Neon, Yoru",323,1.09,240.3,1.16,72,156.2,0.85,0.17,0.13,0.15,0.28,0.16,637,31,275,238,55,43,47,Liga Pacific
Vct 2026 Pacific Kickoff,xffero,RRQ,"Killjoy, Viper, Astra",348,1.07,195.3,1.07,78,132.3,0.7,0.29,0.06,0.04,0.33,0.13,648,25,243,228,100,21,15,Liga Pacific
Vct 2026 Pacific Kickoff,xross,NS,"Sova, Fade",250,1.06,186.2,1.07,75,125.0,0.64,0.26,0.06,0.04,0.27,0.21,734,21,161,150,64,15,11,Liga Pacific
Vct 2026 Pacific Kickoff,xuna,VL,"Sova, Fade, Skye",187,1.05,192.0,1.01,70,141.0,0.71,0.27,0.06,0.03,0.31,0.11,435,34,132,131,51,11,6,Liga Pacific
Vct 2026 Pacific Kickoff,ivy,NS,"Killjoy, Viper, Astra",250,1.05,188.1,1.15,72,125.9,0.68,0.26,0.07,0.08,0.29,0.25,832,22,170,148,66,17,20,Liga Pacific
Vct 2026 Pacific Kickoff,mako,DRX,"Viper, Astra, Omen",339,1.05,202.8,1.07,76,128.5,0.72,0.31,0.09,0.08,0.28,0.18,738,26,244,228,104,29,27,Liga Pacific
Vct 2026 Pacific Kickoff,hyunmin,DRX,"Jett, Neon, Waylay",339,1.05,234.6,1.09,71,150.3,0.81,0.21,0.15,0.13,0.27,0.0,23,25,273,250,70,50,44,Liga Pacific
Vct 2026 Pacific Kickoff,meteor,T1,"Killjoy, Waylay, Viper",346,1.05,221.1,1.14,75,146.7,0.82,0.2,0.12,0.11,0.35,0.09,334,38,283,249,68,43,37,Liga Pacific
Vct 2026 Pacific Kickoff,killua,FS,"Fade, Sova",237,1.05,202.3,1.05,73,128.5,0.73,0.24,0.08,0.07,0.41,0.2,525,20,173,165,56,18,17,Liga Pacific
Vct 2026 Pacific Kickoff,invy,PRX,"Sova, Fade, Kayo",432,1.05,194.5,1.02,73,131.2,0.68,0.28,0.07,0.07,0.35,0.16,743,24,295,288,123,30,32,Liga Pacific
Vct 2026 Pacific Kickoff,jinggg,PRX,"Jett, Raze, Waylay",432,1.04,208.7,1.08,73,137.7,0.74,0.18,0.14,0.09,0.22,0.11,436,24,319,296,79,61,41,Liga Pacific
Vct 2026 Pacific Kickoff,xavi8k,GE,"Astra, Omen, Sage",353,1.03,193.4,1.03,75,122.9,0.7,0.31,0.07,0.06,0.24,0.13,645,23,248,241,111,23,20,Liga Pacific
Vct 2026 Pacific Kickoff,free1ng,DRX,"Astra, Cypher, Viper",339,1.03,191.6,1.07,69,123.8,0.68,0.21,0.09,0.09,0.34,0.25,1455,21,231,215,72,31,31,Liga Pacific
Vct 2026 Pacific Kickoff,sugarz3ro,ZETA,"Omen, Brimstone",198,1.01,202.8,0.95,75,129.3,0.69,0.4,0.07,0.09,0.3,0.04,124,23,137,144,80,14,17,Liga Pacific
Vct 2026 Pacific Kickoff,munchkin,T1,"Viper, Omen, Brimstone",346,1.01,179.6,1.0,79,115.5,0.61,0.45,0.06,0.08,0.21,0.2,1156,21,212,213,156,21,28,Liga Pacific
Vct 2026 Pacific Kickoff,zexy,VL,"Yoru, Raze, Jett",187,1.0,236.8,1.04,66,148.3,0.82,0.14,0.21,0.16,0.26,0.2,315,30,154,148,26,40,30,Liga Pacific
Vct 2026 Pacific Kickoff,buzz,T1,"Neon, Yoru, Raze",346,1.0,219.6,1.11,68,136.0,0.78,0.18,0.14,0.14,0.19,0.19,421,28,270,243,61,49,47,Liga Pacific
Vct 2026 Pacific Kickoff,klaus,VL,"Veto, Yoru, Waylay",187,0.99,190.0,0.96,66,128.1,0.7,0.19,0.09,0.1,0.34,0.17,423,29,131,137,35,16,19,Liga Pacific
Vct 2026 Pacific Kickoff,udotan,GE,"Veto, Chamber, Neon",353,0.99,206.7,1.02,72,136.1,0.74,0.13,0.13,0.08,0.31,0.19,631,32,260,256,47,45,30,Liga Pacific
Vct 2026 Pacific Kickoff,t3xture,GEN,"Yoru, Neon, Jett",266,0.98,223.5,1.03,68,138.7,0.78,0.13,0.16,0.19,0.22,0.17,318,29,208,202,34,43,50,Liga Pacific
Vct 2026 Pacific Kickoff,beyn,DRX,"Sova, Fade, Skye",339,0.98,181.6,0.97,72,118.7,0.64,0.29,0.06,0.05,0.27,0.13,431,19,217,224,97,21,17,Liga Pacific
Vct 2026 Pacific Kickoff,kellys,TS,"Viper, Yoru",133,0.97,218.6,1.0,73,135.8,0.77,0.24,0.09,0.17,0.25,0.15,213,19,102,102,32,12,23,Liga Pacific
Vct 2026 Pacific Kickoff,kr1stal,GE,"Sova, Fade, Viper",353,0.97,168.7,0.94,72,118.8,0.6,0.26,0.05,0.07,0.28,0.12,543,23,211,225,93,19,26,Liga Pacific
Vct 2026 Pacific Kickoff,kushy,RRQ,"Sova, Fade, Skye",348,0.97,185.1,0.91,72,125.4,0.63,0.24,0.07,0.05,0.28,0.11,437,27,220,242,83,24,18,Liga Pacific
Vct 2026 Pacific Kickoff,akame,DFM,"Sova, Fade",323,0.96,177.0,0.91,71,123.5,0.62,0.25,0.05,0.06,0.29,0.06,231,21,199,218,80,16,20,Liga Pacific
Vct 2026 Pacific Kickoff,leviathan,FS,"Omen, Astra, Brimstone",237,0.96,190.7,0.93,75,126.1,0.66,0.4,0.05,0.08,0.38,0.2,840,20,156,167,95,12,20,Liga Pacific
Vct 2026 Pacific Kickoff,ash,GEN,"Astra, Omen",266,0.95,156.2,0.91,75,97.2,0.55,0.4,0.05,0.08,0.28,0.14,537,22,147,162,107,13,22,Liga Pacific
Vct 2026 Pacific Kickoff,eko,ZETA,"Neon, Waylay",198,0.95,206.4,0.99,72,130.1,0.74,0.22,0.16,0.14,0.19,0.06,117,24,147,148,44,31,27,Liga Pacific
Vct 2026 Pacific Kickoff,something,PRX,"Yoru, Chamber, Veto",432,0.94,185.2,1.0,68,124.4,0.69,0.17,0.1,0.13,0.27,0.18,1055,25,297,298,72,44,57,Liga Pacific
Vct 2026 Pacific Kickoff,francis,NS,Yoru,250,0.94,211.0,0.98,70,129.1,0.71,0.24,0.17,0.16,0.26,0.31,413,19,177,180,60,43,39,Liga Pacific
Vct 2026 Pacific Kickoff,jessievash,TS,"Sova, Fade",133,0.94,201.6,0.93,74,131.6,0.71,0.26,0.05,0.05,0.29,0.05,121,19,95,102,34,7,7,Liga Pacific
Vct 2026 Pacific Kickoff,berserx,TS,"Killjoy, Viper, Vyse",133,0.94,192.3,0.91,71,129.1,0.65,0.26,0.05,0.05,0.2,0.11,218,19,87,96,35,7,7,Liga Pacific
Vct 2026 Pacific Kickoff,zynx,GEN,"Waylay, Yoru",266,0.94,209.8,1.0,65,140.6,0.76,0.2,0.13,0.14,0.35,0.1,220,34,203,203,52,34,37,Liga Pacific
Vct 2026 Pacific Kickoff,d4v41,PRX,"Viper, Killjoy, Tejo",432,0.93,187.3,0.94,72,124.8,0.66,0.23,0.11,0.08,0.24,0.0,64,28,283,300,100,46,33,Liga Pacific
Vct 2026 Pacific Kickoff,yatsuka,DFM,"Yoru, Chamber",323,0.93,183.6,0.94,67,116.9,0.67,0.17,0.15,0.14,0.28,0.23,1043,23,216,229,55,47,46,Liga Pacific
Vct 2026 Pacific Kickoff,ssees,DFM,"Astra, Omen, Brimstone",323,0.91,161.3,0.85,71,103.5,0.57,0.4,0.03,0.06,0.24,0.05,355,17,183,215,130,10,18,Liga Pacific
Vct 2026 Pacific Kickoff,stax,T1,"Sova, Fade, Tejo",346,0.9,156.9,0.85,73,106.4,0.54,0.28,0.05,0.04,0.23,0.16,531,22,186,220,97,19,15,Liga Pacific
Vct 2026 Pacific Kickoff,xdll,ZETA,"Fade, Sova, Skye",198,0.88,167.1,0.85,65,112.3,0.61,0.23,0.08,0.06,0.29,0.2,525,19,120,141,45,15,11,Liga Pacific
Vct 2026 Pacific Kickoff,monyet,RRQ,"Viper, Neon, Raze",348,0.87,196.0,0.82,68,132.5,0.65,0.3,0.11,0.21,0.27,0.17,318,27,226,275,103,38,72,Liga Pacific
Vct 2026 Pacific Kickoff,caedye,DFM,"Veto, Killjoy, Phoenix",323,0.87,199.0,0.87,65,132.0,0.69,0.2,0.11,0.13,0.32,0.26,519,24,223,257,65,35,41,Liga Pacific
Vct 2026 Pacific Kickoff,jitboys,FS,"Cypher, Viper, Vyse",237,0.87,166.8,0.84,73,110.1,0.58,0.27,0.11,0.13,0.3,0.11,328,22,137,164,64,25,30,Liga Pacific
Vct 2026 Pacific Kickoff,lakia,GEN,"Sova, Tejo, Skye",266,0.86,170.5,0.76,71,118.4,0.54,0.35,0.06,0.07,0.23,0.1,331,19,143,187,94,15,18,Liga Pacific
Vct 2026 Pacific Kickoff,hermes,DRX,"Yoru, Viper, Cypher",339,0.85,172.9,0.88,69,110.5,0.61,0.25,0.12,0.14,0.27,0.13,431,19,206,235,84,40,48,Liga Pacific
Vct 2026 Pacific Kickoff,crazyguy,RRQ,"Omen, Brimstone, Tejo",348,0.85,155.6,0.83,66,103.7,0.57,0.3,0.05,0.12,0.29,0.23,1253,25,198,239,104,16,41,Liga Pacific
Vct 2026 Pacific Kickoff,absol,ZETA,"Yoru, Raze",198,0.85,196.4,0.91,70,122.4,0.68,0.2,0.13,0.15,0.18,0.04,125,23,135,148,40,26,29,Liga Pacific
Vct 2026 Pacific Kickoff,oonzmlp,VL,"Harbor, Viper, Omen",187,0.81,164.6,0.78,66,109.2,0.56,0.23,0.07,0.12,0.29,0.15,320,23,104,133,43,13,22,Liga Pacific
Vct 2026 Pacific Kickoff,syouta,ZETA,"Viper, Cypher, Astra",198,0.8,155.6,0.8,66,104.8,0.57,0.18,0.06,0.08,0.37,0.12,326,17,112,140,36,11,16,Liga Pacific
Vct 2026 Pacific Kickoff,tenten,TS,"Neon, Waylay, Raze",133,0.79,171.0,0.76,64,109.0,0.6,0.18,0.14,0.2,0.17,0.21,314,17,80,105,24,18,26,Liga Pacific
Vct 2026 Pacific Kickoff,thyy,FS,"Waylay, Raze, Jett",237,0.78,169.1,0.77,70,114.8,0.57,0.21,0.08,0.11,0.25,0.04,125,21,136,177,49,19,27,Liga Pacific
Vct 2026 Pacific Kickoff,sylvan,TS,"Omen, Brimstone, Astra",133,0.75,141.6,0.64,68,88.1,0.47,0.37,0.07,0.12,0.27,0.07,115,13,63,99,49,9,16,Liga Pacific
Vct 2026 Pacific Kickoff,c1nder,VL,"Astra, Omen, Brimstone",187,0.66,131.3,0.56,66,85.7,0.43,0.4,0.07,0.08,0.27,0.08,224,21,80,142,75,14,15,Liga Pacific
Vct 2025 Pacific Stage 2,meiy,DFM,"Yoru, Jett, Waylay",274,1.25,266.2,1.35,74,167.2,0.96,0.19,0.17,0.1,0.29,0.17,529,39,264,195,53,46,27,Liga Pacific
Vct 2025 Pacific Stage 2,something,PRX,"Yoru, Sova, Jett",402,1.23,230.4,1.38,77,149.3,0.85,0.21,0.18,0.09,0.26,0.17,1059,32,340,247,86,71,38,Liga Pacific
Vct 2025 Pacific Stage 2,jinggg,PRX,"Omen, Raze, Sage",402,1.14,237.1,1.19,78,154.3,0.81,0.29,0.13,0.09,0.24,0.22,523,24,325,274,116,53,38,Liga Pacific
Vct 2025 Pacific Stage 2,hyunmin,DRX,"Neon, Jett, Waylay",333,1.13,242.8,1.15,74,157.6,0.83,0.18,0.17,0.11,0.28,0.13,323,26,278,242,60,58,38,Liga Pacific
Vct 2025 Pacific Stage 2,jemkin,RRQ,"Yoru, Waylay, Neon",696,1.12,227.6,1.24,72,141.9,0.83,0.17,0.18,0.15,0.35,0.07,454,31,579,468,115,124,105,Liga Pacific
Vct 2025 Pacific Stage 2,dh,T1,"Omen, Brimstone",442,1.1,196.8,1.07,75,127.7,0.72,0.46,0.08,0.09,0.38,0.26,1246,23,317,296,202,36,40,Liga Pacific
Vct 2025 Pacific Stage 2,primmie,TLN,"Deadlock, Sage, Yoru",498,1.1,216.7,1.19,73,136.5,0.79,0.22,0.11,0.1,0.39,0.21,1048,30,394,332,110,55,52,Liga Pacific
Vct 2025 Pacific Stage 2,d4v41,PRX,"Vyse, Viper, Sage",402,1.1,199.2,1.16,74,137.4,0.72,0.25,0.09,0.06,0.25,0.12,760,29,290,250,100,37,24,Liga Pacific
Vct 2025 Pacific Stage 2,dep,ZETA,"Viper, Killjoy, Vyse",238,1.08,218.8,1.07,71,141.8,0.77,0.19,0.13,0.1,0.33,0.13,430,22,183,171,45,30,24,Liga Pacific
Vct 2025 Pacific Stage 2,karon,GEN,Omen,305,1.07,197.5,1.05,74,124.5,0.71,0.47,0.1,0.06,0.35,0.21,733,23,216,206,144,29,19,Liga Pacific
Vct 2025 Pacific Stage 2,f0rsaken,PRX,"Waylay, Omen, Brimstone",402,1.07,213.7,1.12,75,139.7,0.76,0.36,0.11,0.12,0.31,0.37,719,27,307,275,144,46,49,Liga Pacific
Vct 2025 Pacific Stage 2,xffero,RRQ,"Viper, Cypher, Killjoy",696,1.06,190.9,1.11,70,125.6,0.69,0.24,0.07,0.05,0.29,0.2,22109,25,482,435,167,47,36,Liga Pacific
Vct 2025 Pacific Stage 2,dos9,BME,"Brimstone, Viper, Omen",235,1.06,204.6,1.06,75,126.0,0.72,0.39,0.08,0.09,0.29,0.14,537,25,169,160,92,18,20,Liga Pacific
Vct 2025 Pacific Stage 2,dambi,NS,"Neon, Jett, Raze",400,1.06,228.9,1.09,72,141.2,0.79,0.22,0.19,0.16,0.24,0.25,416,23,314,289,89,74,65,Liga Pacific
Vct 2025 Pacific Stage 2,flashback,DRX,"Cypher, Killjoy, Viper",333,1.06,203.6,1.16,71,134.8,0.74,0.18,0.09,0.08,0.33,0.13,647,24,247,213,61,31,27,Liga Pacific
Vct 2025 Pacific Stage 2,monyet,RRQ,"Omen, Neon, Viper",696,1.06,220.5,1.08,73,141.3,0.75,0.35,0.13,0.14,0.28,0.22,1151,24,522,485,244,89,98,Liga Pacific
Vct 2025 Pacific Stage 2,mako,DRX,"Omen, Viper, Brimstone",333,1.05,197.9,1.03,72,128.4,0.67,0.36,0.09,0.12,0.27,0.11,437,22,222,216,119,31,39,Liga Pacific
Vct 2025 Pacific Stage 2,sugarz3ro,ZETA,"Omen, Viper, Brimstone",238,1.05,204.4,0.99,70,132.2,0.73,0.35,0.07,0.06,0.31,0.17,530,23,173,174,83,16,15,Liga Pacific
Vct 2025 Pacific Stage 2,ash,GEN,"Sova, Fade",305,1.05,185.3,1.1,75,121.1,0.67,0.23,0.05,0.04,0.29,0.17,742,18,204,186,71,14,13,Liga Pacific
Vct 2025 Pacific Stage 2,persia,NS,"Omen, Viper, Astra",400,1.04,184.2,1.04,74,116.4,0.67,0.39,0.08,0.08,0.29,0.15,960,27,266,257,157,30,31,Liga Pacific
Vct 2025 Pacific Stage 2,meteor,T1,"Cypher, Vyse, Astra",442,1.04,222.0,1.06,71,141.6,0.76,0.29,0.1,0.09,0.29,0.06,351,24,338,318,126,44,40,Liga Pacific
Vct 2025 Pacific Stage 2,udotan,GE,"Raze, Neon, Chamber",241,1.04,234.5,1.1,66,152.5,0.82,0.14,0.16,0.16,0.22,0.22,523,29,198,180,34,38,38,Liga Pacific
Vct 2025 Pacific Stage 2,gyen,DFM,"Omen, Viper",274,1.02,190.1,1.03,69,123.6,0.68,0.25,0.09,0.11,0.34,0.14,535,19,185,179,69,25,29,Liga Pacific
Vct 2025 Pacific Stage 2,invy,TS,"Sova, Fade, Gekko",256,1.02,203.9,0.94,68,136.5,0.72,0.22,0.08,0.06,0.3,0.08,338,28,184,195,56,21,15,Liga Pacific
Vct 2025 Pacific Stage 2,kr1stal,GE,"Fade, Deadlock, Tejo",241,1.01,198.3,0.94,69,130.4,0.68,0.23,0.09,0.09,0.28,0.3,620,21,164,174,56,22,21,Liga Pacific
Vct 2025 Pacific Stage 2,killua,TLN,"Gekko, Sova, Fade",498,1.01,199.9,1.05,74,133.7,0.73,0.21,0.08,0.08,0.41,0.18,949,27,366,349,103,41,40,Liga Pacific
Vct 2025 Pacific Stage 2,francis,NS,"Viper, Harbor, Fade",400,1.01,199.3,0.99,72,129.4,0.69,0.36,0.08,0.1,0.26,0.13,538,27,275,278,144,30,38,Liga Pacific
Vct 2025 Pacific Stage 2,thyy,TLN,"Raze, Jett, Yoru",498,1.01,222.4,1.07,71,140.4,0.79,0.2,0.15,0.12,0.3,0.18,739,25,391,364,101,77,58,Liga Pacific
Vct 2025 Pacific Stage 2,t3xture,GEN,"Neon, Jett, Raze",305,1.0,215.4,1.05,67,138.0,0.75,0.17,0.17,0.14,0.26,0.16,425,24,228,217,51,53,44,Liga Pacific
Vct 2025 Pacific Stage 2,foxy9,GEN,"Killjoy, Sage, Deadlock",305,0.99,187.1,1.05,71,124.9,0.67,0.18,0.09,0.07,0.33,0.1,221,19,204,194,54,28,22,Liga Pacific
Vct 2025 Pacific Stage 2,xdll,ZETA,"Sova, Fade, Sage",238,0.99,186.2,0.95,66,122.1,0.69,0.23,0.08,0.09,0.34,0.14,428,26,164,173,54,18,21,Liga Pacific
Vct 2025 Pacific Stage 2,n1zzy,TS,"Cypher, Yoru, Viper",256,0.98,189.6,0.91,67,130.2,0.68,0.18,0.11,0.11,0.39,0.2,945,22,173,190,45,29,29,Liga Pacific
Vct 2025 Pacific Stage 2,rb,NS,"Sova, Kayo, Fade",400,0.98,187.0,0.97,68,125.5,0.67,0.25,0.1,0.1,0.28,0.14,856,27,266,274,101,39,38,Liga Pacific
Vct 2025 Pacific Stage 2,jitboys,TLN,"Astra, Killjoy, Cypher",498,0.97,184.7,1.0,72,118.7,0.65,0.25,0.07,0.1,0.35,0.1,663,23,325,326,125,37,52,Liga Pacific
Vct 2025 Pacific Stage 2,buzz,T1,"Yoru, Chamber, Raze",442,0.97,201.6,1.02,67,129.4,0.72,0.16,0.14,0.14,0.22,0.07,454,33,320,313,72,60,61,Liga Pacific
Vct 2025 Pacific Stage 2,free1ng,DRX,"Sova, Skye, Fade",333,0.96,185.4,0.96,71,120.6,0.64,0.28,0.08,0.1,0.35,0.21,839,20,213,223,94,28,33,Liga Pacific
Vct 2025 Pacific Stage 2,jinboong,DFM,"Cypher, Vyse, Killjoy",274,0.96,186.9,0.95,69,122.3,0.64,0.19,0.08,0.07,0.33,0.18,528,23,176,186,52,23,18,Liga Pacific
Vct 2025 Pacific Stage 2,ban,GE,"Iso, Cypher, Viper",241,0.95,205.8,0.98,66,135.0,0.72,0.2,0.13,0.13,0.3,0.09,332,21,174,178,47,31,31,Liga Pacific
Vct 2025 Pacific Stage 2,ivy,NS,"Deadlock, Killjoy, Fade",400,0.95,178.9,0.96,70,114.7,0.64,0.21,0.07,0.07,0.28,0.04,246,23,256,267,85,26,28,Liga Pacific
Vct 2025 Pacific Stage 2,munchkin,GEN,"Viper, Kayo",305,0.94,200.9,0.97,70,129.4,0.67,0.32,0.14,0.13,0.23,0.06,232,24,203,209,99,42,41,Liga Pacific
Vct 2025 Pacific Stage 2,crazyguy,RRQ,"Fade, Omen, Sova",696,0.94,176.9,0.89,73,115.9,0.61,0.39,0.06,0.07,0.28,0.11,1093,24,423,473,270,45,50,Liga Pacific
Vct 2025 Pacific Stage 2,patmen,PRX,"Fade, Viper, Sova",402,0.93,172.0,0.95,72,116.4,0.63,0.29,0.05,0.06,0.31,0.1,440,25,253,267,118,21,25,Liga Pacific
Vct 2025 Pacific Stage 2,izu,T1,"Neon, Yoru, Gekko",442,0.92,212.4,0.98,65,136.6,0.72,0.24,0.13,0.14,0.25,0.13,432,29,319,326,104,56,63,Liga Pacific
Vct 2025 Pacific Stage 2,akame,DFM,"Iso, Raze, Harbor",274,0.92,203.5,0.93,72,133.2,0.69,0.25,0.11,0.12,0.29,0.2,420,23,188,203,68,31,34,Liga Pacific
Vct 2025 Pacific Stage 2,berserx,BME,"Viper, Killjoy, Cypher",235,0.92,186.5,0.94,68,118.3,0.66,0.14,0.12,0.1,0.23,0.07,344,24,155,165,34,28,23,Liga Pacific
Vct 2025 Pacific Stage 2,shiro,BME,"Kayo, Sova, Viper",235,0.91,187.5,0.86,71,127.3,0.64,0.31,0.11,0.11,0.25,0.14,322,21,151,176,72,27,26,Liga Pacific
Vct 2025 Pacific Stage 2,crws,TLN,"Fade, Viper, Omen",498,0.9,164.6,0.86,73,109.9,0.55,0.33,0.08,0.09,0.24,0.17,1058,28,276,320,162,42,43,Liga Pacific
Vct 2025 Pacific Stage 2,kellys,TS,"Breach, Deadlock, Raze",256,0.9,187.2,0.83,68,125.6,0.64,0.22,0.08,0.13,0.19,0.04,128,25,163,197,56,21,33,Liga Pacific
Vct 2025 Pacific Stage 2,kushy,RRQ,"Vyse, Sova, Deadlock",696,0.89,168.8,0.85,71,111.9,0.57,0.25,0.06,0.08,0.32,0.16,1167,23,396,467,177,44,58,Liga Pacific
Vct 2025 Pacific Stage 2,papi,GE,"Astra, Omen, Brimstone",241,0.88,170.8,0.86,71,113.6,0.58,0.29,0.06,0.06,0.27,0.06,233,17,140,163,71,14,14,Liga Pacific
Vct 2025 Pacific Stage 2,stax,T1,"Sova, Fade, Kayo",442,0.88,158.6,0.84,68,107.9,0.56,0.24,0.03,0.06,0.29,0.16,1064,21,246,292,108,15,27,Liga Pacific
Vct 2025 Pacific Stage 2,clz,ZETA,"Killjoy, Vyse, Sova",238,0.85,161.3,0.81,68,108.3,0.58,0.23,0.06,0.06,0.35,0.24,937,22,138,171,54,15,14,Liga Pacific
Vct 2025 Pacific Stage 2,tenten,ZETA,"Neon, Raze, Omen",238,0.84,194.9,0.85,64,130.8,0.66,0.21,0.13,0.23,0.17,0.1,220,22,157,185,51,30,55,Liga Pacific
Vct 2025 Pacific Stage 2,yoman,GE,"Sage, Sova, Skye",241,0.83,157.9,0.8,71,104.0,0.57,0.3,0.07,0.06,0.27,0.18,738,22,137,171,72,18,14,Liga Pacific
Vct 2025 Pacific Stage 2,famouz,BME,"Raze, Neon, Yoru",235,0.82,197.4,0.84,64,126.7,0.66,0.15,0.12,0.12,0.18,0.05,122,18,156,185,35,29,29,Liga Pacific
Vct 2025 Pacific Stage 2,estrella,DRX,"Viper, Sage, Gekko",333,0.81,152.2,0.74,71,99.4,0.49,0.39,0.05,0.1,0.27,0.19,526,18,164,223,131,15,33,Liga Pacific
Vct 2025 Pacific Stage 2,ncslasher,BME,"Fade, Omen, Deadlock",235,0.78,159.9,0.75,65,106.1,0.56,0.3,0.06,0.09,0.24,0.04,124,19,132,175,71,15,20,Liga Pacific
Vct 2025 Pacific Stage 2,zesbeew,TS,"Neon, Omen, Viper",195,0.76,151.4,0.72,64,101.2,0.55,0.31,0.08,0.17,0.24,0.2,525,28,107,148,61,16,34,Liga Pacific
Vct 2025 Pacific Stage 2,wild0reoo,TS,"Omen, Cypher, Skye",256,0.76,162.9,0.7,63,107.5,0.55,0.27,0.06,0.15,0.34,0.26,623,23,140,199,70,15,39,Liga Pacific
Vct 2025 Pacific Stage 2,jessievash,TS,Sova,61,0.75,141.7,0.7,59,103.7,0.49,0.16,0.03,0.03,0.32,0.0,11,16,30,43,10,2,2,Liga Pacific
Vct 2025 Pacific Stage 2,ssees,DFM,"Sova, Fade, Omen",274,0.66,122.5,0.64,63,81.5,0.43,0.2,0.05,0.1,0.25,0.15,641,12,117,182,54,13,28,Liga Pacific
Vct 2025 Pacific Stage 1,invy,TS,"Vyse, Cypher, Breach",271,1.26,237.2,1.27,73,158.4,0.87,0.35,0.08,0.07,0.29,0.1,331,27,236,186,95,23,18,Liga Pacific
Vct 2025 Pacific Stage 1,jemkin,RRQ,"Yoru, Iso, Jett",573,1.22,253.9,1.3,73,161.3,0.91,0.15,0.24,0.15,0.38,0.18,950,32,524,404,87,137,84,Liga Pacific
Vct 2025 Pacific Stage 1,dos9,BME,"Omen, Brimstone, Astra",344,1.19,212.2,1.18,75,136.3,0.76,0.47,0.09,0.07,0.26,0.29,1448,35,261,222,160,30,24,Liga Pacific
Vct 2025 Pacific Stage 1,jinggg,PRX,"Omen, Tejo, Brimstone",536,1.14,220.9,1.18,76,145.4,0.79,0.32,0.1,0.08,0.26,0.11,762,31,422,359,171,53,43,Liga Pacific
Vct 2025 Pacific Stage 1,foxy9,GEN,"Vyse, Cypher, Killjoy",360,1.12,207.8,1.25,78,137.3,0.77,0.18,0.1,0.08,0.34,0.29,931,23,277,222,65,35,30,Liga Pacific
Vct 2025 Pacific Stage 1,mako,DRX,"Omen, Viper, Brimstone",484,1.12,209.2,1.14,75,135.8,0.73,0.37,0.1,0.09,0.26,0.12,759,29,352,308,178,47,42,Liga Pacific
Vct 2025 Pacific Stage 1,hyunmin,DRX,"Jett, Raze, Yoru",484,1.12,238.3,1.2,73,152.0,0.86,0.14,0.18,0.12,0.3,0.11,436,32,418,348,67,85,58,Liga Pacific
Vct 2025 Pacific Stage 1,akame,DFM,"Fade, Chamber, Kayo",225,1.11,212.9,1.01,71,142.8,0.76,0.3,0.14,0.11,0.32,0.06,234,32,172,171,68,31,25,Liga Pacific
Vct 2025 Pacific Stage 1,primmie,TLN,"Yoru, Waylay, Iso",392,1.11,229.8,1.2,72,148.8,0.83,0.14,0.15,0.13,0.34,0.13,646,26,327,273,53,60,51,Liga Pacific
Vct 2025 Pacific Stage 1,f0rsaken,PRX,"Yoru, Waylay, Neon",536,1.11,226.1,1.18,73,142.9,0.8,0.31,0.15,0.15,0.29,0.28,1036,26,430,364,168,78,82,Liga Pacific
Vct 2025 Pacific Stage 1,t3xture,GEN,"Jett, Neon, Raze",472,1.11,244.0,1.21,70,154.8,0.86,0.18,0.17,0.18,0.28,0.21,628,29,407,336,86,79,84,Liga Pacific
Vct 2025 Pacific Stage 1,flashback,DRX,"Neon, Killjoy, Yoru",141,1.11,215.6,1.29,76,139.4,0.79,0.17,0.18,0.07,0.24,0.42,512,25,111,86,24,25,10,Liga Pacific
Vct 2025 Pacific Stage 1,karon,GEN,"Omen, Brimstone, Astra",472,1.08,207.7,1.1,75,134.3,0.73,0.39,0.07,0.06,0.31,0.19,1053,24,345,313,184,33,27,Liga Pacific
Vct 2025 Pacific Stage 1,munchkin,GEN,"Kayo, Viper, Breach",472,1.07,198.8,1.05,74,130.3,0.69,0.39,0.12,0.1,0.24,0.09,665,29,324,308,183,56,49,Liga Pacific
Vct 2025 Pacific Stage 1,margaret,NS,"Cypher, Viper, Killjoy",333,1.07,205.8,1.13,68,135.5,0.74,0.17,0.11,0.09,0.29,0.21,838,27,248,220,57,35,30,Liga Pacific
Vct 2025 Pacific Stage 1,kr1stal,GE,"Tejo, Sova, Fade",199,1.07,188.5,1.01,71,127.1,0.69,0.23,0.05,0.1,0.24,0.13,540,19,138,137,45,10,19,Liga Pacific
Vct 2025 Pacific Stage 1,ncslasher,BME,"Tejo, Breach, Kayo",344,1.05,197.4,1.03,77,126.8,0.7,0.37,0.06,0.07,0.28,0.08,337,22,240,232,127,19,25,Liga Pacific
Vct 2025 Pacific Stage 1,francis,NS,"Kayo, Tejo, Fade",333,1.05,198.8,1.03,72,130.8,0.69,0.28,0.1,0.09,0.21,0.08,337,25,231,225,92,33,29,Liga Pacific
Vct 2025 Pacific Stage 1,udotan,GE,"Cypher, Killjoy, Iso",199,1.04,215.3,1.01,70,148.4,0.75,0.22,0.1,0.13,0.3,0.13,432,28,150,149,43,20,25,Liga Pacific
Vct 2025 Pacific Stage 1,sugarz3ro,ZETA,"Brimstone, Omen, Viper",255,1.04,181.8,1.05,73,116.4,0.7,0.31,0.06,0.05,0.29,0.13,430,27,178,170,78,15,13,Liga Pacific
Vct 2025 Pacific Stage 1,izu,T1,"Tejo, Yoru, Cypher",378,1.03,195.8,1.05,73,126.2,0.71,0.24,0.07,0.09,0.3,0.18,1057,23,268,256,90,26,35,Liga Pacific
Vct 2025 Pacific Stage 1,something,PRX,"Breach, Sova, Jett",536,1.03,197.8,1.03,71,127.4,0.7,0.26,0.15,0.13,0.26,0.16,958,23,373,361,137,78,69,Liga Pacific
Vct 2025 Pacific Stage 1,berserx,BME,"Killjoy, Cypher, Viper",344,1.01,196.0,1.05,73,127.7,0.69,0.21,0.1,0.08,0.25,0.25,1351,22,236,224,72,33,26,Liga Pacific
Vct 2025 Pacific Stage 1,ivy,NS,"Tejo, Deadlock, Vyse",333,1.01,172.2,1.01,70,112.7,0.65,0.22,0.07,0.07,0.3,0.14,642,18,215,212,74,22,22,Liga Pacific
Vct 2025 Pacific Stage 1,kushy,RRQ,"Sova, Tejo, Kayo",573,1.01,193.0,0.99,73,131.2,0.69,0.29,0.06,0.06,0.32,0.15,853,31,393,396,166,35,36,Liga Pacific
Vct 2025 Pacific Stage 1,patmen,PRX,"Kayo, Breach, Fade",412,1.0,193.0,0.96,75,124.8,0.65,0.44,0.05,0.05,0.3,0.24,937,19,266,276,183,19,21,Liga Pacific
Vct 2025 Pacific Stage 1,ash,GEN,"Tejo, Fade, Yoru",472,1.0,173.7,1.04,72,116.8,0.61,0.25,0.06,0.06,0.31,0.15,748,19,290,280,117,26,27,Liga Pacific
Vct 2025 Pacific Stage 1,beyn,DRX,"Sova, Omen, Fade",445,0.99,178.2,0.96,71,117.6,0.62,0.28,0.08,0.06,0.25,0.19,947,19,277,290,126,35,28,Liga Pacific
Vct 2025 Pacific Stage 1,killua,TLN,"Fade, Breach, Yoru",392,0.99,187.5,0.98,70,126.7,0.67,0.26,0.09,0.07,0.34,0.14,644,18,263,268,101,36,29,Liga Pacific
Vct 2025 Pacific Stage 1,jessievash,TS,"Sova, Tejo, Cypher",271,0.99,182.5,0.94,69,128.3,0.65,0.23,0.05,0.07,0.3,0.16,850,20,176,187,62,14,19,Liga Pacific
Vct 2025 Pacific Stage 1,persia,NS,"Omen, Astra, Viper",333,0.99,173.8,0.92,71,113.1,0.6,0.37,0.09,0.06,0.26,0.18,739,22,200,218,123,29,19,Liga Pacific
Vct 2025 Pacific Stage 1,famouz,BME,"Phoenix, Neon, Jett",344,0.99,228.3,1.08,71,146.7,0.82,0.21,0.19,0.19,0.21,0.12,325,29,281,261,71,66,67,Liga Pacific
Vct 2025 Pacific Stage 1,d4v41,PRX,"Tejo, Kayo, Cypher",536,0.98,190.7,1.06,77,127.1,0.69,0.28,0.08,0.06,0.24,0.14,1071,24,371,350,151,43,34,Liga Pacific
Vct 2025 Pacific Stage 1,meteor,T1,"Vyse, Viper, Iso",378,0.98,215.3,1.01,68,144.2,0.75,0.2,0.13,0.15,0.3,0.09,443,24,283,279,76,51,58,Liga Pacific
Vct 2025 Pacific Stage 1,buzz,T1,"Neon, Raze, Yoru",378,0.98,225.0,1.06,65,145.0,0.78,0.15,0.14,0.17,0.27,0.09,335,30,294,278,57,52,64,Liga Pacific
Vct 2025 Pacific Stage 1,xffero,RRQ,"Cypher, Viper, Vyse",573,0.97,183.8,1.03,73,126.3,0.67,0.25,0.07,0.09,0.26,0.19,1475,23,385,374,142,38,49,Liga Pacific
Vct 2025 Pacific Stage 1,free1ng,DRX,"Cypher, Tejo, Vyse",484,0.97,189.6,1.01,69,123.7,0.67,0.19,0.12,0.1,0.27,0.14,857,26,323,321,93,56,46,Liga Pacific
Vct 2025 Pacific Stage 1,clz,ZETA,"Tejo, Sova",255,0.96,178.1,0.88,68,126.2,0.61,0.22,0.07,0.04,0.26,0.16,744,23,155,176,57,19,11,Liga Pacific
Vct 2025 Pacific Stage 1,dambi,NS,"Waylay, Neon, Jett",333,0.95,210.8,0.99,67,133.6,0.72,0.24,0.15,0.18,0.24,0.16,319,23,240,242,81,49,61,Liga Pacific
Vct 2025 Pacific Stage 1,gyen,DFM,"Viper, Astra, Brimstone",225,0.95,189.8,0.79,66,125.8,0.62,0.34,0.08,0.1,0.37,0.05,238,21,139,177,76,17,22,Liga Pacific
Vct 2025 Pacific Stage 1,stax,T1,"Breach, Fade, Sova",378,0.95,175.2,0.94,70,119.2,0.64,0.33,0.03,0.06,0.31,0.12,543,25,241,256,126,11,22,Liga Pacific
Vct 2025 Pacific Stage 1,crazyguy,RRQ,"Tejo, Breach, Omen",573,0.94,181.8,0.92,72,121.2,0.61,0.33,0.06,0.06,0.24,0.14,1072,23,352,384,187,37,33,Liga Pacific
Vct 2025 Pacific Stage 1,monyet,RRQ,"Omen, Astra, Yoru",573,0.94,181.1,0.93,71,119.7,0.65,0.34,0.1,0.12,0.28,0.22,1359,25,375,402,196,55,66,Liga Pacific
Vct 2025 Pacific Stage 1,tenten,ZETA,"Neon, Yoru",103,0.94,216.4,0.96,69,135.5,0.73,0.19,0.22,0.22,0.16,0.25,14,20,75,78,20,23,23,Liga Pacific
Vct 2025 Pacific Stage 1,dep,ZETA,"Raze, Yoru, Reyna",152,0.94,211.1,0.98,61,142.3,0.75,0.16,0.16,0.18,0.28,0.14,214,28,114,116,25,24,28,Liga Pacific
Vct 2025 Pacific Stage 1,shiro,BME,"Sova, Tejo, Kayo",344,0.93,187.6,0.9,69,128.1,0.64,0.27,0.09,0.07,0.27,0.19,632,23,220,244,94,32,24,Liga Pacific
Vct 2025 Pacific Stage 1,thyy,TLN,"Astra, Brimstone, Omen",392,0.93,177.2,0.88,73,113.7,0.62,0.39,0.06,0.05,0.33,0.09,553,24,242,274,153,23,20,Liga Pacific
Vct 2025 Pacific Stage 1,sylvan,T1,"Brimstone, Omen, Viper",378,0.92,179.2,0.86,71,120.5,0.6,0.44,0.06,0.1,0.25,0.12,542,18,228,266,167,21,38,Liga Pacific
Vct 2025 Pacific Stage 1,jitboys,TLN,"Vyse, Cypher, Deadlock",392,0.91,186.9,0.91,69,125.6,0.66,0.19,0.12,0.15,0.36,0.11,437,20,258,282,74,47,57,Liga Pacific
Vct 2025 Pacific Stage 1,meiy,DFM,"Raze, Yoru, Jett",225,0.9,190.3,0.89,64,123.9,0.7,0.12,0.09,0.13,0.28,0.18,528,19,158,178,27,20,30,Liga Pacific
Vct 2025 Pacific Stage 1,jremy,TS,"Yoru, Neon, Waylay",271,0.9,201.0,0.91,70,131.7,0.71,0.21,0.14,0.18,0.26,0.19,421,27,192,211,58,37,49,Liga Pacific
Vct 2025 Pacific Stage 1,crws,TLN,"Tejo, Sova, Deadlock",392,0.9,174.2,0.87,65,119.8,0.6,0.23,0.07,0.1,0.25,0.15,641,20,236,272,91,28,40,Liga Pacific
Vct 2025 Pacific Stage 1,xdll,ZETA,"Breach, Iso, Vyse",255,0.88,200.5,0.88,68,129.1,0.7,0.23,0.12,0.09,0.35,0.15,427,21,178,203,59,31,24,Liga Pacific
Vct 2025 Pacific Stage 1,kellys,GE,"Breach, Vyse, Cypher",199,0.87,182.4,0.81,65,119.7,0.62,0.33,0.06,0.09,0.21,0.12,217,19,124,153,66,11,18,Liga Pacific
Vct 2025 Pacific Stage 1,mindfreak,PRX,"Cypher, Viper, Vyse",124,0.86,165.2,0.83,63,114.1,0.57,0.21,0.06,0.07,0.3,0.18,317,17,71,86,26,7,9,Liga Pacific
Vct 2025 Pacific Stage 1,wild0reoo,TS,"Chamber, Breach, Tejo",271,0.85,185.5,0.84,66,123.4,0.66,0.17,0.12,0.14,0.26,0.18,422,25,179,212,45,32,37,Liga Pacific
Vct 2025 Pacific Stage 1,estrella,DRX,"Vyse, Omen, Killjoy",382,0.83,161.7,0.84,72,103.9,0.56,0.32,0.06,0.08,0.25,0.11,438,22,214,255,121,22,29,Liga Pacific
Vct 2025 Pacific Stage 1,2ge,TS,"Astra, Brimstone, Omen",271,0.81,165.3,0.74,66,108.7,0.55,0.36,0.05,0.1,0.23,0.05,239,19,150,202,97,14,28,Liga Pacific
Vct 2025 Pacific Stage 1,deryeon,GE,"Jett, Raze, Yoru",78,0.81,207.5,0.74,69,132.3,0.64,0.24,0.19,0.14,0.25,0.0,9,16,50,68,19,15,11,Liga Pacific
Vct 2025 Pacific Stage 1,papi,GE,"Omen, Astra",199,0.8,152.4,0.75,74,98.8,0.55,0.32,0.05,0.09,0.26,0.19,421,15,110,147,63,10,18,Liga Pacific
Vct 2025 Pacific Stage 1,jinboong,DFM,"Vyse, Fade, Viper",225,0.8,157.4,0.72,62,111.1,0.54,0.21,0.06,0.13,0.33,0.12,433,16,121,169,48,14,29,Liga Pacific
Vct 2025 Pacific Stage 1,syouta,ZETA,"Vyse, Viper, Cypher",255,0.79,162.8,0.77,61,108.1,0.58,0.19,0.1,0.07,0.35,0.09,332,18,147,190,48,26,18,Liga Pacific
Vct 2025 Pacific Stage 1,suggest,GEN,"Cypher, Killjoy, Vyse",112,0.66,152.2,0.77,65,110.8,0.57,0.12,0.09,0.12,0.3,0.0,8,21,64,83,13,10,13,Liga Pacific
Vct 2025 Pacific Stage 1,art,DFM,"Omen, Sova, Tejo",225,0.61,135.7,0.52,61,92.8,0.42,0.31,0.04,0.12,0.21,0.0,18,16,94,182,69,9,28,Liga Pacific
Vct 2025 Pacific Stage 1,yokam,GE,"Yoru, Jett, Raze",121,0.55,152.7,0.56,60,104.2,0.48,0.17,0.16,0.19,0.23,0.13,18,15,58,104,21,19,23,Liga Pacific
Vct 2025 Pacific Kickoff,karon,GEN,"Brimstone, Omen, Astra",304,1.2,205.2,1.25,78,135.9,0.74,0.45,0.05,0.08,0.32,0.12,433,24,224,179,138,14,24,Liga Pacific
Vct 2025 Pacific Kickoff,jemkin,RRQ,"Jett, Brimstone, Raze",269,1.2,257.4,1.29,75,164.2,0.91,0.22,0.22,0.16,0.27,0.09,222,38,245,190,60,59,42,Liga Pacific
Vct 2025 Pacific Kickoff,meiy,DFM,"Jett, Yoru, Neon",180,1.19,240.4,1.21,72,161.3,0.88,0.16,0.18,0.11,0.31,0.28,518,32,159,131,29,32,20,Liga Pacific
Vct 2025 Pacific Kickoff,primmie,TLN,"Tejo, Deadlock, Clove",217,1.19,234.8,1.3,75,152.2,0.87,0.19,0.05,0.06,0.36,0.13,323,25,189,145,42,11,13,Liga Pacific
Vct 2025 Pacific Kickoff,free1ng,DRX,Tejo,297,1.16,222.2,1.24,75,146.5,0.81,0.24,0.1,0.07,0.29,0.18,633,28,241,195,70,30,20,Liga Pacific
Vct 2025 Pacific Kickoff,berserx,BME,"Killjoy, Vyse, Cypher",123,1.14,208.8,1.19,73,145.1,0.75,0.18,0.07,0.09,0.25,0.11,219,22,92,77,22,9,11,Liga Pacific
Vct 2025 Pacific Kickoff,kushy,RRQ,"Sova, Fade",269,1.14,222.2,1.14,74,142.6,0.74,0.32,0.08,0.06,0.34,0.17,423,22,200,175,86,22,16,Liga Pacific
Vct 2025 Pacific Kickoff,mako,DRX,"Omen, Astra, Brimstone",297,1.12,204.8,1.09,78,134.8,0.71,0.48,0.09,0.09,0.26,0.27,830,25,210,193,143,26,27,Liga Pacific
Vct 2025 Pacific Kickoff,f0rsaken,PRX,"Deadlock, Tejo, Skye",140,1.12,221.6,1.1,78,148.5,0.79,0.38,0.09,0.09,0.35,0.0,12,24,111,101,53,13,12,Liga Pacific
Vct 2025 Pacific Kickoff,ivy,NS,"Fade, Sova, Viper",319,1.11,195.8,1.16,78,124.4,0.73,0.35,0.07,0.05,0.3,0.26,1247,35,232,200,112,22,16,Liga Pacific
Vct 2025 Pacific Kickoff,hyunmin,DRX,"Raze, Jett",297,1.11,245.4,1.15,73,165.5,0.86,0.16,0.22,0.13,0.28,0.11,218,29,255,221,49,65,40,Liga Pacific
Vct 2025 Pacific Kickoff,francis,NS,"Kayo, Breach, Fade",319,1.1,218.8,1.07,76,144.7,0.74,0.39,0.08,0.08,0.23,0.11,438,23,235,219,126,24,24,Liga Pacific
Vct 2025 Pacific Kickoff,kr1stal,GE,"Sova, Fade, Tejo",164,1.1,207.3,1.07,72,139.0,0.7,0.28,0.1,0.09,0.24,0.18,422,19,115,107,46,17,14,Liga Pacific
Vct 2025 Pacific Kickoff,jessievash,TS,"Sova, Cypher, Fade",111,1.1,217.8,1.09,68,155.5,0.78,0.23,0.07,0.06,0.36,0.14,322,22,87,80,25,8,7,Liga Pacific
Vct 2025 Pacific Kickoff,persia,NS,"Astra, Omen, Brimstone",319,1.09,191.2,1.06,78,125.5,0.68,0.47,0.05,0.06,0.27,0.22,837,35,216,203,151,17,19,Liga Pacific
Vct 2025 Pacific Kickoff,jitboys,TLN,"Astra, Omen, Brimstone",217,1.09,190.2,1.08,73,125.0,0.71,0.32,0.09,0.06,0.34,0.2,525,19,154,143,69,20,14,Liga Pacific
Vct 2025 Pacific Kickoff,estrella,RRQ,"Kayo, Astra, Breach",269,1.08,181.4,1.04,77,122.0,0.64,0.46,0.06,0.07,0.31,0.2,841,28,173,166,125,17,18,Liga Pacific
Vct 2025 Pacific Kickoff,buzz,T1,"Neon, Raze, Yoru",483,1.07,236.6,1.08,71,154.8,0.81,0.21,0.21,0.16,0.19,0.2,735,28,391,362,101,100,76,Liga Pacific
Vct 2025 Pacific Kickoff,jinggg,PRX,"Raze, Cypher, Phoenix",140,1.04,218.1,1.1,71,143.6,0.77,0.16,0.14,0.16,0.2,0.08,112,21,108,98,23,20,22,Liga Pacific
Vct 2025 Pacific Kickoff,dep,ZETA,"Raze, Neon",83,1.04,227.0,1.03,64,135.2,0.78,0.19,0.14,0.19,0.28,0.33,26,21,65,63,16,12,16,Liga Pacific
Vct 2025 Pacific Kickoff,famouz,BME,"Neon, Raze",123,1.04,230.5,1.07,72,142.9,0.79,0.2,0.2,0.2,0.13,0.15,213,24,97,91,24,24,24,Liga Pacific
Vct 2025 Pacific Kickoff,munchkin,GEN,"Breach, Viper, Kayo",304,1.03,202.4,1.03,75,130.3,0.67,0.37,0.1,0.09,0.24,0.06,231,22,205,199,113,30,26,Liga Pacific
Vct 2025 Pacific Kickoff,carpe,T1,"Omen, Brimstone, Astra",297,1.02,180.8,0.91,75,117.9,0.63,0.54,0.06,0.05,0.34,0.14,643,19,187,206,159,19,16,Liga Pacific
Vct 2025 Pacific Kickoff,yoman,GEN,"Sova, Fade, Breach",304,1.0,172.1,1.0,74,108.5,0.61,0.31,0.06,0.06,0.3,0.06,235,22,185,185,93,18,17,Liga Pacific
Vct 2025 Pacific Kickoff,akame,DFM,"Kayo, Iso, Breach",180,1.0,201.9,0.94,76,129.5,0.68,0.32,0.11,0.08,0.31,0.12,217,24,123,131,58,19,14,Liga Pacific
Vct 2025 Pacific Kickoff,d4v41,PRX,"Clove, Killjoy, Sage",140,1.0,194.0,0.99,79,139.0,0.69,0.31,0.06,0.07,0.32,0.13,215,27,97,98,44,9,10,Liga Pacific
Vct 2025 Pacific Kickoff,dos9,BME,"Astra, Brimstone, Omen",123,1.0,180.2,0.9,78,114.6,0.63,0.41,0.07,0.04,0.28,0.13,323,20,77,86,50,9,5,Liga Pacific
Vct 2025 Pacific Kickoff,izu,T1,"Yoru, Gekko, Raze",483,1.0,183.5,1.02,72,126.7,0.66,0.22,0.07,0.09,0.28,0.1,659,29,321,316,108,34,42,Liga Pacific
Vct 2025 Pacific Kickoff,papi,GE,"Omen, Astra",164,1.0,174.0,0.99,73,112.8,0.63,0.32,0.08,0.04,0.39,0.19,527,16,103,104,52,13,7,Liga Pacific
Vct 2025 Pacific Kickoff,stax,T1,"Sova, Kayo, Breach",483,0.99,169.7,0.93,72,116.8,0.6,0.39,0.06,0.06,0.26,0.1,662,28,292,314,190,27,29,Liga Pacific
Vct 2025 Pacific Kickoff,monyet,RRQ,"Omen, Phoenix, Neon",269,0.99,187.9,1.02,72,120.3,0.67,0.32,0.07,0.12,0.31,0.23,313,27,179,175,87,18,31,Liga Pacific
Vct 2025 Pacific Kickoff,t3xture,GEN,"Raze, Neon, Jett",304,0.99,222.4,1.12,65,141.8,0.82,0.13,0.18,0.23,0.24,0.18,317,35,248,222,41,56,69,Liga Pacific
Vct 2025 Pacific Kickoff,something,PRX,"Fade, Breach, Jett",140,0.98,210.4,1.01,72,131.3,0.74,0.22,0.16,0.14,0.22,0.14,322,21,103,102,31,22,20,Liga Pacific
Vct 2025 Pacific Kickoff,udotan,GE,"Jett, Raze, Deadlock",164,0.98,217.9,1.0,66,138.5,0.76,0.13,0.13,0.2,0.26,0.0,8,23,125,125,22,22,32,Liga Pacific
Vct 2025 Pacific Kickoff,foxy9,GEN,"Killjoy, Cypher, Gekko",304,0.97,194.5,1.03,66,125.3,0.69,0.16,0.08,0.08,0.34,0.21,733,23,211,204,48,25,25,Liga Pacific
Vct 2025 Pacific Kickoff,xffero,RRQ,"Astra, Vyse, Killjoy",269,0.97,180.6,1.02,75,121.3,0.66,0.25,0.09,0.09,0.27,0.11,435,31,177,173,68,23,23,Liga Pacific
Vct 2025 Pacific Kickoff,margaret,NS,"Cypher, Killjoy, Vyse",319,0.96,180.7,0.96,72,122.0,0.65,0.23,0.13,0.08,0.28,0.08,336,31,206,215,73,43,27,Liga Pacific
Vct 2025 Pacific Kickoff,beyn,DRX,"Fade, Sova, Breach",297,0.95,159.9,0.88,75,106.1,0.56,0.4,0.05,0.05,0.27,0.09,333,23,165,187,118,15,15,Liga Pacific
Vct 2025 Pacific Kickoff,flashback,DRX,"Viper, Killjoy, Cypher",297,0.94,183.9,0.95,74,121.8,0.63,0.25,0.08,0.11,0.24,0.1,439,22,188,197,74,25,34,Liga Pacific
Vct 2025 Pacific Kickoff,sylvan,T1,"Astra, Brimstone, Omen",186,0.93,176.3,0.87,76,118.7,0.6,0.53,0.05,0.11,0.26,0.25,520,19,111,128,98,10,20,Liga Pacific
Vct 2025 Pacific Kickoff,meteor,T1,"Killjoy, Vyse, Chamber",483,0.93,203.2,0.97,66,136.6,0.72,0.18,0.1,0.13,0.28,0.09,446,25,346,357,86,50,61,Liga Pacific
Vct 2025 Pacific Kickoff,shiro,BME,"Kayo, Tejo, Viper",123,0.92,174.5,0.82,75,114.0,0.59,0.46,0.12,0.1,0.2,0.14,17,18,72,88,57,15,12,Liga Pacific
Vct 2025 Pacific Kickoff,jinboong,DFM,"Astra, Killjoy, Cypher",180,0.92,169.6,0.92,70,111.8,0.62,0.23,0.06,0.12,0.34,0.13,324,21,111,121,41,11,21,Liga Pacific
Vct 2025 Pacific Kickoff,gyen,DFM,"Omen, Astra",180,0.91,168.0,0.9,66,110.1,0.61,0.28,0.08,0.07,0.27,0.11,327,27,110,122,51,14,13,Liga Pacific
Vct 2025 Pacific Kickoff,mindfreak,PRX,"Brimstone, Omen, Astra",140,0.9,168.6,0.83,70,110.9,0.59,0.44,0.04,0.04,0.3,0.13,215,19,82,99,62,6,6,Liga Pacific
Vct 2025 Pacific Kickoff,invy,TS,"Kayo, Deadlock, Vyse",111,0.89,173.8,0.8,79,117.1,0.59,0.45,0.05,0.06,0.32,0.08,112,22,66,83,50,6,7,Liga Pacific
Vct 2025 Pacific Kickoff,ban,TLN,"Yoru, Viper, Deadlock",217,0.89,183.7,0.94,67,117.4,0.64,0.2,0.1,0.12,0.34,0.13,431,19,139,148,44,22,27,Liga Pacific
Vct 2025 Pacific Kickoff,jremy,TS,"Jett, Raze",111,0.89,215.3,1.0,61,130.4,0.75,0.08,0.17,0.16,0.26,0.14,17,21,83,83,9,19,18,Liga Pacific
Vct 2025 Pacific Kickoff,deryeon,GE,"Astra, Cypher, Killjoy",164,0.89,155.3,0.89,67,107.4,0.58,0.18,0.07,0.12,0.26,0.1,220,18,95,107,29,11,19,Liga Pacific
Vct 2025 Pacific Kickoff,dambi,NS,"Neon, Raze",319,0.87,218.5,0.88,73,135.7,0.71,0.35,0.21,0.19,0.2,0.2,315,26,226,258,111,66,60,Liga Pacific
Vct 2025 Pacific Kickoff,art,DFM,"Sova, Skye, Tejo",180,0.85,177.0,0.8,68,115.6,0.58,0.3,0.08,0.12,0.19,0.12,217,16,104,130,54,14,21,Liga Pacific
Vct 2025 Pacific Kickoff,kellys,GE,"Kayo, Deadlock, Vyse",164,0.85,175.1,0.79,67,118.4,0.59,0.32,0.08,0.09,0.25,0.0,9,24,97,123,52,13,14,Liga Pacific
Vct 2025 Pacific Kickoff,2ge,TS,"Omen, Astra",111,0.84,166.0,0.81,72,101.6,0.57,0.33,0.12,0.14,0.16,0.14,214,18,63,78,37,13,15,Liga Pacific
Vct 2025 Pacific Kickoff,wild0reoo,TS,"Cypher, Skye, Killjoy",111,0.8,164.0,0.76,66,112.8,0.53,0.14,0.09,0.07,0.33,0.0,11,17,59,78,16,10,8,Liga Pacific
Vct 2025 Pacific Kickoff,sugarz3ro,ZETA,"Omen, Brimstone",83,0.8,175.8,0.72,72,114.3,0.57,0.41,0.06,0.06,0.33,0.17,16,16,47,65,34,5,5,Liga Pacific
Vct 2025 Pacific Kickoff,clz,ZETA,Breach,83,0.78,142.0,0.65,70,95.7,0.49,0.33,0.01,0.11,0.37,0.14,321,15,41,63,27,1,9,Liga Pacific
Vct 2025 Pacific Kickoff,crws,TLN,"Breach, Sova, Fade",217,0.75,146.1,0.71,69,96.1,0.49,0.31,0.05,0.08,0.25,0.14,322,24,107,151,68,11,18,Liga Pacific
Vct 2025 Pacific Kickoff,governor,TLN,"Raze, Neon, Sova",217,0.75,173.6,0.77,65,111.6,0.58,0.16,0.17,0.2,0.19,0.06,117,18,126,163,35,36,44,Liga Pacific
Vct 2025 Pacific Kickoff,syouta,ZETA,"Cypher, Chamber",83,0.75,177.8,0.76,61,114.1,0.64,0.11,0.11,0.13,0.44,0.12,217,15,53,70,9,9,11,Liga Pacific
Vct 2025 Pacific Kickoff,ncslasher,BME,"Fade, Breach",123,0.73,147.5,0.71,71,97.3,0.52,0.33,0.02,0.07,0.31,0.0,9,14,64,90,40,3,9,Liga Pacific
Vct 2025 Pacific Kickoff,xdll,ZETA,"Fade, Sova, Tejo",83,0.7,174.0,0.7,59,115.4,0.59,0.1,0.1,0.08,0.33,0.0,9,14,49,70,8,8,7,Liga Pacific
Champions Tour 2024 Pacific Stage 2,karon,GEN,"Omen, Viper, Brimstone",480,1.21,207.5,1.24,79,134.0,0.78,0.43,0.09,0.05,0.36,0.15,1065,28,372,299,204,44,24,Liga Pacific
Champions Tour 2024 Pacific Stage 2,sayaplayer,T1,"Chamber, Sage, Jett",268,1.18,227.2,1.37,75,145.5,0.85,0.12,0.18,0.11,0.27,0.11,436,24,228,167,32,48,29,Liga Pacific
Champions Tour 2024 Pacific Stage 2,d4v41,PRX,"Killjoy, Sage, Viper",436,1.18,212.6,1.22,78,141.4,0.75,0.36,0.08,0.06,0.27,0.18,950,25,326,267,157,37,28,Liga Pacific
Champions Tour 2024 Pacific Stage 2,invy,TS,"Kayo, Breach, Viper",290,1.15,200.9,1.1,75,133.1,0.71,0.5,0.07,0.06,0.27,0.11,437,24,207,189,145,21,17,Liga Pacific
Champions Tour 2024 Pacific Stage 2,f0rsaken,PRX,"Kayo, Breach, Skye",436,1.15,228.3,1.18,78,147.0,0.8,0.47,0.1,0.09,0.29,0.07,230,22,349,296,203,42,39,Liga Pacific
Champions Tour 2024 Pacific Stage 2,primmie,TLN,"Clove, Jett, Iso",118,1.12,254.5,1.06,69,174.1,0.91,0.2,0.16,0.13,0.45,0.27,415,28,107,101,24,19,15,Liga Pacific
Champions Tour 2024 Pacific Stage 2,meiy,DFM,"Jett, Raze, Neon",250,1.12,252.9,1.12,72,165.3,0.91,0.14,0.22,0.18,0.25,0.1,221,32,227,203,34,56,45,Liga Pacific
Champions Tour 2024 Pacific Stage 2,jemkin,RRQ,"Gekko, Jett, Raze",328,1.11,218.3,1.22,78,144.0,0.8,0.18,0.13,0.13,0.3,0.27,726,27,261,214,60,41,41,Liga Pacific
Champions Tour 2024 Pacific Stage 2,buzz,DRX,"Jett, Raze, Neon",590,1.1,241.5,1.15,69,153.2,0.84,0.15,0.17,0.16,0.21,0.29,1449,33,498,434,87,98,95,Liga Pacific
Champions Tour 2024 Pacific Stage 2,sscary,BLD,"Omen, Viper, Brimstone",236,1.1,206.4,1.08,78,132.8,0.72,0.44,0.06,0.04,0.27,0.08,336,21,170,158,104,15,9,Liga Pacific
Champions Tour 2024 Pacific Stage 2,rossy,T1,"Viper, Gekko, Sova",136,1.09,205.7,1.15,73,138.7,0.72,0.25,0.07,0.07,0.33,0.13,215,29,98,85,34,10,10,Liga Pacific
Champions Tour 2024 Pacific Stage 2,munchkin,GEN,"Viper, Kayo",480,1.09,193.0,1.01,78,126.5,0.63,0.55,0.09,0.09,0.2,0.1,549,34,302,298,264,42,41,Liga Pacific
Champions Tour 2024 Pacific Stage 2,xffero,RRQ,"Killjoy, Omen, Viper",328,1.09,220.1,1.13,74,145.8,0.77,0.26,0.08,0.09,0.31,0.2,1049,30,253,224,86,27,29,Liga Pacific
Champions Tour 2024 Pacific Stage 2,t3xture,GEN,"Raze, Jett",480,1.09,229.6,1.2,70,148.3,0.82,0.16,0.21,0.14,0.27,0.14,322,27,394,329,79,99,69,Liga Pacific
Champions Tour 2024 Pacific Stage 2,2ge,TS,"Omen, Viper",290,1.08,196.2,1.08,73,126.0,0.7,0.34,0.08,0.08,0.3,0.25,936,20,202,187,100,24,22,Liga Pacific
Champions Tour 2024 Pacific Stage 2,flashback,DRX,"Clove, Kayo, Astra",590,1.08,220.5,1.09,70,141.9,0.77,0.25,0.11,0.08,0.29,0.2,1994,25,455,418,148,63,46,Liga Pacific
Champions Tour 2024 Pacific Stage 2,stax,T1,"Skye, Fade, Breach",268,1.08,197.6,1.07,78,125.4,0.68,0.54,0.03,0.05,0.3,0.13,539,20,181,169,146,9,14,Liga Pacific
Champions Tour 2024 Pacific Stage 2,izu,T1,"Raze, Cypher, Iso",268,1.08,253.8,1.2,75,167.5,0.88,0.19,0.16,0.14,0.23,0.06,116,26,236,196,51,44,38,Liga Pacific
Champions Tour 2024 Pacific Stage 2,wild0reoo,TS,"Killjoy, Cypher, Skye",290,1.06,199.7,1.08,74,132.4,0.73,0.31,0.08,0.07,0.34,0.18,528,25,213,197,90,22,21,Liga Pacific
Champions Tour 2024 Pacific Stage 2,meteor,GEN,"Cypher, Killjoy",480,1.06,207.1,1.15,72,135.5,0.75,0.19,0.1,0.08,0.29,0.07,456,27,358,311,92,47,40,Liga Pacific
Champions Tour 2024 Pacific Stage 2,laz,ZETA,"Killjoy, Cypher, Skye",284,1.06,199.8,1.05,66,133.5,0.72,0.29,0.08,0.1,0.37,0.16,743,23,205,196,83,23,28,Liga Pacific
Champions Tour 2024 Pacific Stage 2,jitboys,TLN,"Viper, Omen, Astra",398,1.05,200.6,1.01,72,131.7,0.71,0.33,0.07,0.08,0.38,0.07,458,24,283,281,130,28,32,Liga Pacific
Champions Tour 2024 Pacific Stage 2,something,PRX,"Jett, Gekko, Fade",436,1.04,207.2,1.11,72,134.1,0.75,0.19,0.16,0.11,0.29,0.15,855,20,329,296,84,69,50,Liga Pacific
Champions Tour 2024 Pacific Stage 2,sugarz3ro,ZETA,"Viper, Omen",284,1.04,203.4,1.01,73,133.5,0.73,0.32,0.04,0.07,0.37,0.05,243,21,207,205,92,11,19,Liga Pacific
Champions Tour 2024 Pacific Stage 2,jinggg,PRX,"Sage, Raze, Iso",436,1.04,224.4,1.1,73,144.8,0.78,0.29,0.15,0.12,0.21,0.13,323,28,339,308,125,65,52,Liga Pacific
Champions Tour 2024 Pacific Stage 2,lakia,GEN,"Skye, Fade, Sova",480,1.02,183.0,1.03,74,123.9,0.64,0.35,0.08,0.08,0.26,0.21,943,24,305,295,167,36,39,Liga Pacific
Champions Tour 2024 Pacific Stage 2,estrella,RRQ,"Kayo, Breach, Omen",328,1.01,166.8,0.97,77,108.3,0.59,0.48,0.05,0.06,0.31,0.07,341,23,192,198,159,18,21,Liga Pacific
Champions Tour 2024 Pacific Stage 2,monyet,RRQ,"Viper, Omen, Neon",328,1.01,211.5,0.98,73,141.5,0.73,0.38,0.12,0.13,0.31,0.2,630,28,240,245,125,38,44,Liga Pacific
Champions Tour 2024 Pacific Stage 2,jremy,TS,"Jett, Raze, Neon",290,1.0,218.8,1.03,72,144.2,0.73,0.2,0.2,0.2,0.25,0.0,14,23,213,206,57,57,58,Liga Pacific
Champions Tour 2024 Pacific Stage 2,lmemore,RRQ,"Sova, Chamber, Skye",328,1.0,199.9,1.0,68,134.5,0.7,0.24,0.09,0.12,0.33,0.19,631,33,229,228,78,30,39,Liga Pacific
Champions Tour 2024 Pacific Stage 2,benkai,GE,"Sova, Breach, Killjoy",180,0.98,161.0,0.81,72,115.7,0.54,0.36,0.02,0.05,0.28,0.17,635,17,97,120,64,3,9,Liga Pacific
Champions Tour 2024 Pacific Stage 2,blazek1ng,GE,"Cypher, Killjoy, Viper",180,0.98,184.1,0.92,66,122.9,0.67,0.16,0.06,0.07,0.33,0.15,639,18,120,131,28,11,13,Liga Pacific
Champions Tour 2024 Pacific Stage 2,jessievash,TS,"Sova, Cypher, Killjoy",290,0.98,187.5,0.99,70,125.3,0.64,0.23,0.09,0.09,0.25,0.18,740,19,187,188,67,25,25,Liga Pacific
Champions Tour 2024 Pacific Stage 2,mako,DRX,"Viper, Omen, Breach",590,0.97,190.6,0.93,71,125.4,0.65,0.38,0.08,0.1,0.29,0.17,1270,21,382,410,225,47,61,Liga Pacific
Champions Tour 2024 Pacific Stage 2,mindfreak,PRX,"Viper, Omen",436,0.97,167.7,1.03,75,108.4,0.62,0.33,0.06,0.06,0.37,0.13,752,20,270,261,144,26,28,Liga Pacific
Champions Tour 2024 Pacific Stage 2,polvi,GE,"Jett, Neon",180,0.96,230.0,0.96,67,153.2,0.79,0.23,0.21,0.22,0.26,0.2,210,22,143,149,42,38,40,Liga Pacific
Champions Tour 2024 Pacific Stage 2,carpe,T1,"Gekko, Viper, Sova",132,0.94,195.3,0.97,80,125.8,0.68,0.43,0.12,0.08,0.25,0.08,112,20,90,93,57,16,11,Liga Pacific
Champions Tour 2024 Pacific Stage 2,ssees,DFM,"Viper, Omen",250,0.94,177.3,0.86,68,114.3,0.61,0.39,0.07,0.09,0.38,0.13,645,21,153,178,98,17,22,Liga Pacific
Champions Tour 2024 Pacific Stage 2,retla,BLD,"Killjoy, Cypher",236,0.94,188.0,0.96,66,126.0,0.69,0.18,0.05,0.05,0.27,0.21,419,22,164,171,42,12,12,Liga Pacific
Champions Tour 2024 Pacific Stage 2,dep,ZETA,"Omen, Raze, Jett",284,0.93,219.4,0.94,69,145.8,0.74,0.19,0.22,0.17,0.27,0.09,223,24,211,224,55,62,47,Liga Pacific
Champions Tour 2024 Pacific Stage 2,hiroronn,ZETA,"Gekko, Sova, Cypher",284,0.92,176.2,0.85,69,121.2,0.61,0.24,0.09,0.1,0.28,0.21,733,20,172,202,67,25,28,Liga Pacific
Champions Tour 2024 Pacific Stage 2,deryeon,BLD,"Jett, Raze, Neon",236,0.91,210.1,0.94,66,136.3,0.74,0.15,0.2,0.22,0.28,0.15,320,24,174,185,35,47,53,Liga Pacific
Champions Tour 2024 Pacific Stage 2,surf,TLN,"Jett, Gekko, Breach",280,0.91,171.9,0.91,69,111.1,0.61,0.2,0.05,0.07,0.36,0.0,28,19,170,186,56,15,19,Liga Pacific
Champions Tour 2024 Pacific Stage 2,ban,TLN,"Killjoy, Cypher, Jett",398,0.9,183.1,0.88,65,126.5,0.65,0.19,0.11,0.11,0.35,0.09,446,23,260,297,76,44,44,Liga Pacific
Champions Tour 2024 Pacific Stage 2,governor,TLN,"Kayo, Raze, Neon",398,0.9,193.5,0.89,70,126.9,0.69,0.23,0.17,0.16,0.25,0.21,524,26,275,308,93,68,65,Liga Pacific
Champions Tour 2024 Pacific Stage 2,medusa,DFM,"Killjoy, Cypher",250,0.9,180.4,0.92,68,124.6,0.65,0.14,0.08,0.11,0.26,0.19,737,22,162,177,36,21,27,Liga Pacific
Champions Tour 2024 Pacific Stage 2,neth,DFM,"Harbor, Kayo, Breach",250,0.89,171.6,0.8,74,110.0,0.58,0.44,0.04,0.06,0.27,0.16,425,18,144,180,109,9,16,Liga Pacific
Champions Tour 2024 Pacific Stage 2,zest,BLD,"Kayo, Deadlock, Viper",236,0.89,167.5,0.85,69,106.3,0.59,0.34,0.08,0.1,0.34,0.13,431,20,139,163,80,20,24,Liga Pacific
Champions Tour 2024 Pacific Stage 2,crws,TLN,"Gekko, Breach, Sova",398,0.88,168.9,0.83,68,117.9,0.56,0.28,0.04,0.08,0.21,0.11,656,21,224,270,110,16,31,Liga Pacific
Champions Tour 2024 Pacific Stage 2,russ,GE,"Kayo, Fade",180,0.87,177.0,0.75,72,116.7,0.59,0.52,0.12,0.1,0.34,0.19,316,20,107,143,94,22,18,Liga Pacific
Champions Tour 2024 Pacific Stage 2,beyn,DRX,"Kayo, Gekko, Sova",590,0.86,161.6,0.79,71,109.5,0.55,0.27,0.06,0.08,0.26,0.24,1668,27,322,407,159,34,47,Liga Pacific
Champions Tour 2024 Pacific Stage 2,foxy9,DRX,"Killjoy, Cypher, Kayo",590,0.85,165.0,0.82,70,110.7,0.58,0.35,0.07,0.09,0.32,0.12,757,21,340,416,209,42,56,Liga Pacific
Champions Tour 2024 Pacific Stage 2,crazyguy,BLD,"Sova, Fade, Deadlock",236,0.82,166.1,0.71,68,116.2,0.53,0.33,0.07,0.12,0.21,0.1,330,19,125,177,77,16,28,Liga Pacific
Champions Tour 2024 Pacific Stage 2,xccurate,T1,"Omen, Viper, Brimstone",268,0.8,160.5,0.79,73,106.9,0.55,0.4,0.04,0.1,0.22,0.24,521,20,148,188,108,12,27,Liga Pacific
Champions Tour 2024 Pacific Stage 2,yuran,ZETA,"Kayo, Breach, Viper",284,0.8,153.5,0.67,71,101.7,0.5,0.52,0.05,0.1,0.25,0.04,125,20,142,211,148,14,27,Liga Pacific
Champions Tour 2024 Pacific Stage 2,lightningfast,GE,"Omen, Sage",180,0.79,151.9,0.74,69,92.4,0.57,0.33,0.07,0.07,0.3,0.17,318,18,102,138,59,13,13,Liga Pacific
Champions Tour 2024 Pacific Stage 2,anthem,DFM,"Sova, Gekko, Deadlock",250,0.79,160.3,0.74,73,105.4,0.56,0.21,0.05,0.1,0.23,0.08,225,20,140,189,53,12,25,Liga Pacific
Champions Tour 2024 Pacific Stage 1,jemkin,RRQ,"Jett, Raze",244,1.17,236.4,1.26,75,151.5,0.85,0.13,0.14,0.16,0.33,0.13,323,26,208,165,31,33,39,Liga Pacific
Champions Tour 2024 Pacific Stage 1,mako,DRX,"Viper, Omen",372,1.16,216.8,1.19,76,147.2,0.76,0.35,0.09,0.09,0.31,0.15,533,21,281,237,130,34,35,Liga Pacific
Champions Tour 2024 Pacific Stage 1,beyn,DRX,"Omen, Sova, Yoru",372,1.15,199.7,1.16,79,132.2,0.73,0.39,0.05,0.06,0.29,0.19,843,25,270,233,144,20,22,Liga Pacific
Champions Tour 2024 Pacific Stage 1,laz,ZETA,"Chamber, Killjoy, Viper",299,1.14,212.8,1.16,71,142.0,0.76,0.15,0.15,0.08,0.26,0.04,250,22,227,196,46,44,24,Liga Pacific
Champions Tour 2024 Pacific Stage 1,t3xture,GEN,"Raze, Jett, Omen",627,1.14,235.3,1.2,72,153.7,0.84,0.17,0.21,0.13,0.27,0.17,1059,28,526,437,107,130,84,Liga Pacific
Champions Tour 2024 Pacific Stage 1,something,PRX,"Jett, Reyna, Gekko",494,1.14,229.9,1.22,76,145.5,0.82,0.22,0.2,0.12,0.27,0.13,430,25,406,334,109,99,61,Liga Pacific
Champions Tour 2024 Pacific Stage 1,d4v41,PRX,"Skye, Killjoy, Omen",494,1.13,210.8,1.17,81,136.3,0.74,0.42,0.09,0.06,0.31,0.1,550,22,364,311,206,43,29,Liga Pacific
Champions Tour 2024 Pacific Stage 1,invy,TS,"Breach, Viper, Kayo",382,1.12,206.8,1.05,77,137.2,0.74,0.49,0.06,0.05,0.34,0.13,539,25,282,268,188,24,18,Liga Pacific
Champions Tour 2024 Pacific Stage 1,sscary,BLD,"Omen, Brimstone, Harbor",294,1.12,220.4,1.11,75,143.3,0.78,0.33,0.09,0.07,0.25,0.11,545,26,228,206,96,27,21,Liga Pacific
Champions Tour 2024 Pacific Stage 1,jitboys,TLN,"Omen, Harbor, Viper",339,1.1,199.4,1.09,73,134.3,0.73,0.34,0.08,0.08,0.37,0.22,1149,29,246,226,114,28,27,Liga Pacific
Champions Tour 2024 Pacific Stage 1,jinggg,PRX,"Raze, Sage",494,1.1,234.3,1.17,77,154.4,0.81,0.24,0.13,0.09,0.21,0.18,738,24,402,345,119,65,45,Liga Pacific
Champions Tour 2024 Pacific Stage 1,dep,ZETA,"Phoenix, Jett, Neon",299,1.08,234.6,1.1,72,152.4,0.82,0.22,0.15,0.15,0.28,0.25,520,29,245,222,66,44,46,Liga Pacific
Champions Tour 2024 Pacific Stage 1,jremy,TS,"Raze, Jett",382,1.08,247.3,1.12,75,158.0,0.82,0.2,0.23,0.24,0.22,0.2,735,30,315,282,78,89,92,Liga Pacific
Champions Tour 2024 Pacific Stage 1,foxy9,DRX,"Cypher, Killjoy",372,1.08,191.4,1.17,74,126.4,0.72,0.21,0.07,0.08,0.32,0.22,1360,24,269,229,77,27,29,Liga Pacific
Champions Tour 2024 Pacific Stage 1,lmemore,RRQ,"Sova, Skye, Fade",244,1.07,221.6,1.05,67,149.3,0.79,0.23,0.11,0.11,0.35,0.14,322,30,192,183,56,26,27,Liga Pacific
Champions Tour 2024 Pacific Stage 1,mindfreak,PRX,"Omen, Brimstone, Viper",494,1.06,193.3,1.12,77,126.3,0.7,0.37,0.05,0.06,0.32,0.1,773,26,347,309,181,27,31,Liga Pacific
Champions Tour 2024 Pacific Stage 1,f0rsaken,PRX,"Cypher, Harbor, Kayo",494,1.06,195.5,1.11,78,131.1,0.72,0.35,0.08,0.11,0.32,0.17,742,25,354,319,174,39,56,Liga Pacific
Champions Tour 2024 Pacific Stage 1,munchkin,GEN,"Viper, Kayo, Skye",627,1.06,195.5,1.02,74,129.5,0.66,0.44,0.07,0.1,0.25,0.23,1878,22,411,402,278,41,61,Liga Pacific
Champions Tour 2024 Pacific Stage 1,rossy,T1,"Viper, Kayo, Skye",531,1.06,201.2,1.0,74,132.2,0.69,0.4,0.07,0.08,0.26,0.17,1375,22,369,370,215,39,40,Liga Pacific
Champions Tour 2024 Pacific Stage 1,lightningfast,GE,"Omen, Sage, Viper",302,1.05,209.1,1.01,72,137.1,0.72,0.37,0.09,0.08,0.33,0.15,427,24,217,214,113,26,24,Liga Pacific
Champions Tour 2024 Pacific Stage 1,karon,GEN,"Omen, Viper, Brimstone",627,1.04,188.6,1.02,73,119.5,0.67,0.42,0.07,0.08,0.3,0.14,965,25,420,412,263,42,49,Liga Pacific
Champions Tour 2024 Pacific Stage 1,sugarz3ro,ZETA,"Omen, Viper, Astra",299,1.03,194.3,1.01,77,121.9,0.69,0.43,0.05,0.07,0.33,0.15,427,24,205,202,130,16,22,Liga Pacific
Champions Tour 2024 Pacific Stage 1,yuran,ZETA,"Viper, Gekko, Sova",299,1.03,202.7,1.0,68,138.6,0.68,0.32,0.07,0.09,0.27,0.17,636,19,204,204,95,20,27,Liga Pacific
Champions Tour 2024 Pacific Stage 1,buzz,DRX,"Raze, Jett",372,1.02,230.8,1.07,73,147.4,0.78,0.15,0.18,0.19,0.23,0.14,322,25,290,271,54,67,70,Liga Pacific
Champions Tour 2024 Pacific Stage 1,meiy,DFM,"Raze, Yoru",284,1.02,238.3,1.04,67,155.2,0.83,0.16,0.19,0.18,0.26,0.08,112,29,236,227,45,54,52,Liga Pacific
Champions Tour 2024 Pacific Stage 1,borkum,TS,"Omen, Viper",382,1.01,186.8,0.97,72,120.6,0.66,0.32,0.08,0.05,0.23,0.21,943,19,251,258,124,29,21,Liga Pacific
Champions Tour 2024 Pacific Stage 1,xffero,RRQ,"Cypher, Killjoy",244,0.99,200.6,1.05,70,127.8,0.71,0.14,0.09,0.08,0.31,0.15,426,23,174,166,33,23,19,Liga Pacific
Champions Tour 2024 Pacific Stage 1,jessievash,TS,"Sova, Skye, Breach",382,0.99,191.2,0.99,70,128.7,0.68,0.31,0.07,0.06,0.27,0.14,643,26,259,262,119,26,24,Liga Pacific
Champions Tour 2024 Pacific Stage 1,blazek1ng,GE,"Sova, Viper, Omen",302,0.98,194.2,0.96,71,131.1,0.66,0.28,0.12,0.07,0.3,0.11,545,22,200,208,84,36,21,Liga Pacific
Champions Tour 2024 Pacific Stage 1,ban,TLN,"Viper, Skye, Kayo",339,0.98,207.8,1.05,66,137.0,0.75,0.24,0.13,0.12,0.33,0.07,230,26,254,243,81,43,40,Liga Pacific
Champions Tour 2024 Pacific Stage 1,polvi,GE,"Raze, Jett, Gekko",302,0.98,211.8,0.98,70,141.1,0.73,0.2,0.18,0.17,0.22,0.13,323,22,220,224,59,55,51,Liga Pacific
Champions Tour 2024 Pacific Stage 1,russ,GE,"Gekko, Kayo, Fade",302,0.98,192.3,0.99,72,124.1,0.7,0.31,0.08,0.09,0.41,0.24,729,21,210,212,95,25,27,Liga Pacific
Champions Tour 2024 Pacific Stage 1,meteor,GEN,"Killjoy, Cypher, Jett",627,0.97,210.7,1.02,68,141.0,0.74,0.17,0.13,0.09,0.32,0.09,669,24,467,456,105,82,55,Liga Pacific
Champions Tour 2024 Pacific Stage 1,stax,DRX,"Fade, Kayo, Sova",372,0.96,173.9,0.88,73,109.1,0.58,0.48,0.08,0.1,0.26,0.11,328,17,216,246,180,30,38,Liga Pacific
Champions Tour 2024 Pacific Stage 1,xccurate,T1,"Chamber, Harbor, Killjoy",531,0.96,186.3,1.0,70,123.3,0.7,0.17,0.08,0.09,0.27,0.1,769,21,372,371,91,41,47,Liga Pacific
Champions Tour 2024 Pacific Stage 1,governor,TLN,"Raze, Jett, Neon",339,0.95,199.2,1.0,68,133.3,0.71,0.15,0.16,0.17,0.24,0.2,630,22,239,240,52,55,56,Liga Pacific
Champions Tour 2024 Pacific Stage 1,lenne,TLN,"Sova, Gekko, Fade",91,0.95,177.3,0.83,75,112.4,0.57,0.45,0.09,0.07,0.18,0.06,116,15,52,63,41,8,6,Liga Pacific
Champions Tour 2024 Pacific Stage 1,sayaplayer,T1,"Raze, Jett, Neon",531,0.94,209.7,0.96,70,139.0,0.73,0.17,0.17,0.16,0.26,0.14,856,25,390,407,90,92,86,Liga Pacific
Champions Tour 2024 Pacific Stage 1,zest,BLD,"Fade, Gekko, Sova",294,0.94,175.6,0.9,69,116.6,0.62,0.26,0.05,0.07,0.26,0.11,436,24,181,202,76,16,21,Liga Pacific
Champions Tour 2024 Pacific Stage 1,lakia,GEN,"Fade, Sova, Gekko",627,0.92,169.1,0.86,73,116.7,0.58,0.36,0.05,0.08,0.26,0.13,967,19,361,419,227,33,49,Liga Pacific
Champions Tour 2024 Pacific Stage 1,surf,TLN,"Killjoy, Viper, Cypher",248,0.92,169.6,0.9,68,119.2,0.59,0.19,0.08,0.07,0.38,0.1,220,23,146,163,46,20,17,Liga Pacific
Champions Tour 2024 Pacific Stage 1,izu,T1,"Omen, Skye, Yoru",531,0.91,184.7,0.88,70,121.3,0.65,0.34,0.09,0.12,0.27,0.24,1355,26,347,395,180,49,64,Liga Pacific
Champions Tour 2024 Pacific Stage 1,crws,TLN,"Fade, Gekko, Kayo",339,0.9,159.4,0.86,69,108.0,0.56,0.27,0.04,0.07,0.26,0.16,637,23,190,221,92,15,23,Liga Pacific
Champions Tour 2024 Pacific Stage 1,ndg,TS,"Cypher, Killjoy",382,0.9,186.4,0.92,70,122.7,0.66,0.23,0.1,0.05,0.24,0.07,455,22,254,277,87,37,21,Liga Pacific
Champions Tour 2024 Pacific Stage 1,anthem,DFM,"Kayo, Fade, Gekko",284,0.9,159.0,0.81,69,109.3,0.56,0.36,0.04,0.08,0.25,0.13,538,20,160,197,101,12,22,Liga Pacific
Champions Tour 2024 Pacific Stage 1,medusa,DFM,"Viper, Omen",284,0.9,187.2,0.87,71,122.2,0.63,0.27,0.1,0.13,0.31,0.08,339,19,178,204,78,29,38,Liga Pacific
Champions Tour 2024 Pacific Stage 1,carpe,T1,"Fade, Gekko, Sova",531,0.89,169.4,0.85,72,112.5,0.61,0.33,0.06,0.08,0.26,0.08,453,24,322,380,173,33,40,Liga Pacific
Champions Tour 2024 Pacific Stage 1,benkai,GE,"Viper, Killjoy, Cypher",302,0.89,166.4,0.89,69,118.4,0.59,0.16,0.06,0.07,0.24,0.02,147,20,177,200,49,17,20,Liga Pacific
Champions Tour 2024 Pacific Stage 1,retla,BLD,"Viper, Cypher, Killjoy",294,0.87,163.9,0.89,73,108.1,0.57,0.2,0.05,0.07,0.25,0.14,537,16,169,189,60,16,22,Liga Pacific
Champions Tour 2024 Pacific Stage 1,ssees,DFM,"Omen, Viper",284,0.86,151.1,0.78,70,97.5,0.55,0.34,0.05,0.06,0.31,0.1,439,18,155,198,97,13,17,Liga Pacific
Champions Tour 2024 Pacific Stage 1,estrella,RRQ,"Viper, Omen",204,0.84,157.4,0.79,75,105.8,0.54,0.39,0.05,0.07,0.27,0.09,332,15,110,140,79,11,14,Liga Pacific
Champions Tour 2024 Pacific Stage 1,deryeon,BLD,"Killjoy, Breach, Kayo",294,0.84,170.2,0.8,72,112.2,0.59,0.27,0.08,0.09,0.3,0.03,137,18,173,217,80,24,27,Liga Pacific
Champions Tour 2024 Pacific Stage 1,yay,BLD,"Raze, Jett, Yoru",294,0.83,190.4,0.83,67,126.2,0.64,0.17,0.19,0.22,0.23,0.25,416,20,187,225,49,55,66,Liga Pacific
Champions Tour 2024 Pacific Stage 1,neth,DFM,"Cypher, Killjoy",284,0.82,160.9,0.79,66,108.5,0.57,0.2,0.06,0.11,0.24,0.12,541,23,162,204,56,16,32,Liga Pacific
Champions Tour 2024 Pacific Stage 1,hiroronn,ZETA,"Sova, Kayo, Gekko",299,0.81,164.6,0.76,73,104.1,0.56,0.39,0.06,0.12,0.32,0.16,531,20,167,220,116,19,37,Liga Pacific
Champions Tour 2024 Pacific Stage 1,fl1pzjder,RRQ,"Yoru, Viper, Gekko",244,0.8,156.2,0.74,66,108.0,0.54,0.29,0.08,0.12,0.27,0.22,627,23,132,178,70,20,29,Liga Pacific
Champions Tour 2024 Pacific Stage 1,2ge,RRQ,"Omen, Viper",40,0.69,122.0,0.7,68,81.6,0.48,0.1,0.0,0.08,0.29,0.0,6,10,19,27,4,0,3,Liga Pacific
Champions Tour 2024 Pacific Kickoff,jitboys,TLN,"Viper, Killjoy, Cypher",122,1.2,228.5,1.25,75,152.0,0.83,0.16,0.06,0.07,0.36,0.29,621,26,101,81,20,7,8,Liga Pacific
Champions Tour 2024 Pacific Kickoff,invy,TS,"Kayo, Viper, Sage",225,1.2,211.7,1.26,76,144.7,0.8,0.37,0.07,0.06,0.29,0.05,121,28,181,144,84,16,13,Liga Pacific
Champions Tour 2024 Pacific Kickoff,t3xture,GEN,"Jett, Raze",429,1.18,250.8,1.29,73,164.3,0.9,0.16,0.16,0.14,0.29,0.22,941,33,388,301,69,70,62,Liga Pacific
Champions Tour 2024 Pacific Kickoff,jremy,TS,"Jett, Raze",225,1.17,256.6,1.24,75,163.3,0.9,0.19,0.25,0.17,0.28,0.15,213,27,202,163,42,56,38,Liga Pacific
Champions Tour 2024 Pacific Kickoff,mako,DRX,"Omen, Viper, Brimstone",133,1.17,207.8,1.16,84,141.6,0.74,0.41,0.1,0.02,0.31,0.06,116,21,99,85,55,13,3,Liga Pacific
Champions Tour 2024 Pacific Kickoff,karon,GEN,"Viper, Astra, Omen",429,1.14,199.2,1.12,77,132.3,0.71,0.39,0.08,0.05,0.36,0.19,1263,23,304,272,168,33,23,Liga Pacific
Champions Tour 2024 Pacific Kickoff,sayaplayer,T1,"Jett, Raze",163,1.14,215.1,1.29,74,143.2,0.82,0.08,0.21,0.13,0.29,0.15,213,36,134,104,13,34,22,Liga Pacific
Champions Tour 2024 Pacific Kickoff,something,PRX,"Yoru, Jett, Gekko",191,1.14,224.7,1.12,77,143.6,0.8,0.25,0.17,0.11,0.22,0.06,116,23,153,137,47,33,21,Liga Pacific
Champions Tour 2024 Pacific Kickoff,meiy,DFM,"Raze, Yoru",86,1.12,253.5,1.1,70,163.4,0.87,0.17,0.21,0.16,0.26,0.2,210,21,75,68,15,18,14,Liga Pacific
Champions Tour 2024 Pacific Kickoff,xccurate,T1,"Harbor, Chamber, Cypher",163,1.12,233.6,1.23,74,149.8,0.83,0.21,0.08,0.04,0.29,0.0,20,29,135,110,35,13,6,Liga Pacific
Champions Tour 2024 Pacific Kickoff,jemkin,RRQ,"Jett, Raze",136,1.1,236.3,1.17,68,146.6,0.87,0.13,0.13,0.12,0.3,0.15,213,25,118,101,17,18,16,Liga Pacific
Champions Tour 2024 Pacific Kickoff,rossy,T1,Viper,163,1.09,213.4,1.14,79,129.5,0.72,0.29,0.07,0.06,0.19,0.24,625,23,117,103,48,12,9,Liga Pacific
Champions Tour 2024 Pacific Kickoff,governor,TLN,"Neon, Jett, Raze",122,1.08,247.0,1.16,70,153.3,0.84,0.23,0.19,0.21,0.17,0.2,210,25,103,89,28,23,26,Liga Pacific
Champions Tour 2024 Pacific Kickoff,d4v41,PRX,"Viper, Skye, Sage",191,1.07,195.9,0.99,73,138.0,0.68,0.45,0.05,0.07,0.31,0.23,730,21,130,131,85,9,13,Liga Pacific
Champions Tour 2024 Pacific Kickoff,flashback,DRX,"Killjoy, Cypher",133,1.06,200.3,1.2,68,139.5,0.77,0.16,0.07,0.13,0.36,0.09,111,21,102,85,21,9,17,Liga Pacific
Champions Tour 2024 Pacific Kickoff,mindfreak,PRX,"Sova, Omen, Viper",191,1.06,189.4,1.04,69,129.4,0.69,0.25,0.04,0.04,0.28,0.29,1035,29,132,127,48,7,8,Liga Pacific
Champions Tour 2024 Pacific Kickoff,meteor,GEN,"Killjoy, Jett, Cypher",429,1.06,222.0,1.15,72,146.6,0.8,0.14,0.11,0.09,0.28,0.09,553,24,345,299,60,49,37,Liga Pacific
Champions Tour 2024 Pacific Kickoff,egoist,BLD,"Skye, Killjoy, Cypher",122,1.06,208.4,1.07,75,132.2,0.75,0.23,0.08,0.06,0.26,0.24,417,27,91,85,28,10,7,Liga Pacific
Champions Tour 2024 Pacific Kickoff,sscary,BLD,"Viper, Omen",122,1.06,177.8,1.05,77,123.9,0.63,0.39,0.08,0.08,0.24,0.21,734,28,77,73,47,10,10,Liga Pacific
Champions Tour 2024 Pacific Kickoff,dep,ZETA,"Raze, Jett",212,1.05,245.0,1.16,67,154.0,0.87,0.12,0.22,0.18,0.27,0.05,119,27,184,159,26,46,39,Liga Pacific
Champions Tour 2024 Pacific Kickoff,izu,T1,"Yoru, Omen, Raze",163,1.05,203.1,1.07,74,134.7,0.72,0.38,0.1,0.11,0.3,0.13,216,27,117,109,62,17,18,Liga Pacific
Champions Tour 2024 Pacific Kickoff,jessievash,TS,"Sova, Skye",225,1.04,186.7,1.05,74,125.8,0.64,0.36,0.06,0.08,0.26,0.18,634,18,144,137,81,14,17,Liga Pacific
Champions Tour 2024 Pacific Kickoff,buzz,DRX,"Raze, Yoru, Jett",133,1.03,234.7,1.01,79,148.6,0.79,0.29,0.17,0.09,0.23,0.14,17,22,105,104,38,23,12,Liga Pacific
Champions Tour 2024 Pacific Kickoff,stax,DRX,"Fade, Sova, Breach",133,1.03,174.3,1.09,70,115.6,0.66,0.29,0.08,0.05,0.32,0.12,217,22,88,81,39,10,7,Liga Pacific
Champions Tour 2024 Pacific Kickoff,xffero,RRQ,"Viper, Astra, Harbor",136,1.02,200.3,0.96,72,128.8,0.71,0.37,0.08,0.08,0.3,0.26,519,22,96,100,50,11,11,Liga Pacific
Champions Tour 2024 Pacific Kickoff,borkum,TS,"Viper, Omen",225,1.02,191.3,0.99,72,123.1,0.66,0.47,0.11,0.07,0.21,0.1,221,24,148,149,106,24,16,Liga Pacific
Champions Tour 2024 Pacific Kickoff,f0rsaken,PRX,"Harbor, Cypher, Kayo",191,1.01,220.3,1.05,73,139.9,0.79,0.27,0.13,0.12,0.29,0.1,110,33,151,144,51,24,23,Liga Pacific
Champions Tour 2024 Pacific Kickoff,ndg,TS,"Cypher, Killjoy",225,1.01,178.6,1.04,78,125.9,0.64,0.22,0.05,0.09,0.21,0.22,523,23,143,138,49,11,20,Liga Pacific
Champions Tour 2024 Pacific Kickoff,foxy9,DRX,"Viper, Jett, Kayo",133,1.0,200.7,1.08,74,122.4,0.72,0.23,0.16,0.14,0.31,0.08,112,21,96,89,30,21,18,Liga Pacific
Champions Tour 2024 Pacific Kickoff,deryeon,BLD,"Harbor, Raze",122,0.98,222.4,0.98,72,145.1,0.76,0.22,0.17,0.13,0.21,0.18,211,29,93,95,27,21,16,Liga Pacific
Champions Tour 2024 Pacific Kickoff,munchkin,GEN,"Kayo, Viper",429,0.98,187.5,0.98,72,124.7,0.66,0.38,0.09,0.1,0.21,0.13,540,27,283,288,164,38,43,Liga Pacific
Champions Tour 2024 Pacific Kickoff,blazek1ng,GE,"Gekko, Sova, Fade",149,0.97,187.9,0.97,68,129.2,0.65,0.22,0.05,0.09,0.29,0.07,228,24,97,100,33,8,13,Liga Pacific
Champions Tour 2024 Pacific Kickoff,yuran,ZETA,"Viper, Sova, Breach",212,0.96,192.5,0.91,72,128.8,0.66,0.32,0.09,0.08,0.27,0.05,122,20,139,153,68,19,17,Liga Pacific
Champions Tour 2024 Pacific Kickoff,estrella,RRQ,"Sova, Skye, Fade",136,0.96,176.3,0.89,67,114.2,0.61,0.3,0.05,0.08,0.3,0.0,23,19,83,93,41,7,11,Liga Pacific
Champions Tour 2024 Pacific Kickoff,hiroronn,ZETA,"Skye, Sova, Kayo",212,0.95,179.2,0.91,67,122.2,0.64,0.32,0.08,0.11,0.3,0.16,425,18,135,148,68,16,24,Liga Pacific
Champions Tour 2024 Pacific Kickoff,ban,TLN,"Yoru, Kayo, Skye",122,0.93,195.5,0.91,73,119.9,0.66,0.34,0.12,0.09,0.26,0.14,214,22,80,88,42,15,11,Liga Pacific
Champions Tour 2024 Pacific Kickoff,laz,ZETA,"Cypher, Killjoy",212,0.92,180.5,0.93,67,123.1,0.65,0.16,0.08,0.07,0.25,0.09,334,16,137,147,34,17,15,Liga Pacific
Champions Tour 2024 Pacific Kickoff,ssees,DFM,"Omen, Viper",86,0.92,169.5,0.84,71,106.7,0.62,0.34,0.03,0.08,0.36,0.33,412,17,53,63,29,3,7,Liga Pacific
Champions Tour 2024 Pacific Kickoff,sugarz3ro,ZETA,"Brimstone, Harbor, Omen",212,0.92,156.2,0.84,67,105.4,0.56,0.4,0.01,0.08,0.28,0.09,222,19,118,140,84,3,16,Liga Pacific
Champions Tour 2024 Pacific Kickoff,benkai,GE,"Cypher, Killjoy, Viper",149,0.9,171.6,0.88,63,113.9,0.6,0.13,0.03,0.1,0.25,0.17,423,26,89,101,20,4,15,Liga Pacific
Champions Tour 2024 Pacific Kickoff,medusa,DFM,"Killjoy, Cypher",86,0.88,177.0,0.84,60,122.7,0.63,0.1,0.12,0.08,0.39,0.07,114,19,54,64,9,10,7,Liga Pacific
Champions Tour 2024 Pacific Kickoff,carpe,T1,"Sova, Fade, Skye",163,0.85,180.3,0.81,76,119.0,0.6,0.32,0.09,0.1,0.22,0.31,413,23,97,120,52,15,17,Liga Pacific
Champions Tour 2024 Pacific Kickoff,lakia,GEN,"Gekko, Skye, Fade",429,0.85,173.9,0.83,74,115.0,0.59,0.34,0.07,0.1,0.27,0.35,1337,20,254,306,148,30,44,Liga Pacific
Champions Tour 2024 Pacific Kickoff,fl1pzjder,RRQ,"Gekko, Viper, Omen",136,0.84,164.5,0.78,69,103.4,0.57,0.28,0.06,0.1,0.28,0.18,317,18,77,99,38,8,13,Liga Pacific
Champions Tour 2024 Pacific Kickoff,lenne,TLN,Sova,122,0.84,162.2,0.72,72,108.8,0.5,0.34,0.06,0.07,0.17,0.07,115,17,61,85,41,7,9,Liga Pacific
Champions Tour 2024 Pacific Kickoff,russ,GE,"Kayo, Gekko, Breach",149,0.83,163.4,0.79,66,102.0,0.56,0.33,0.07,0.09,0.32,0.11,218,17,84,107,49,11,14,Liga Pacific
Champions Tour 2024 Pacific Kickoff,lmemore,RRQ,"Killjoy, Cypher, Chamber",136,0.81,184.5,0.83,64,123.7,0.65,0.13,0.1,0.2,0.33,0.13,18,20,89,107,18,14,27,Liga Pacific
Champions Tour 2024 Pacific Kickoff,neth,DFM,"Viper, Harbor",86,0.81,171.8,0.75,62,114.9,0.58,0.22,0.05,0.12,0.27,0.07,115,14,50,67,19,4,10,Liga Pacific
Champions Tour 2024 Pacific Kickoff,polvi,GE,"Raze, Jett",149,0.8,197.3,0.78,63,136.0,0.63,0.14,0.23,0.2,0.21,0.0,6,16,94,121,21,35,30,Liga Pacific
Champions Tour 2024 Pacific Kickoff,monyet,PRX,"Omen, Raze",191,0.78,175.8,0.75,70,120.4,0.6,0.26,0.1,0.18,0.21,0.16,319,20,114,152,50,19,34,Liga Pacific
Champions Tour 2024 Pacific Kickoff,lightningfast,GE,"Viper, Omen",149,0.78,153.4,0.73,64,104.5,0.54,0.22,0.06,0.06,0.38,0.13,215,14,80,110,33,9,9,Liga Pacific
Champions Tour 2024 Pacific Kickoff,yay,BLD,"Neon, Skye, Viper",122,0.77,167.8,0.8,67,115.0,0.6,0.25,0.08,0.13,0.28,0.14,17,27,73,91,30,10,16,Liga Pacific
Champions Tour 2024 Pacific Kickoff,crazyguy,BLD,"Sova, Breach, Skye",122,0.74,175.0,0.73,61,113.5,0.54,0.28,0.09,0.1,0.31,0.0,5,17,66,91,34,11,12,Liga Pacific
Champions Tour 2024 Pacific Kickoff,anthem,DFM,"Skye, Sova",86,0.71,138.5,0.57,67,102.2,0.44,0.47,0.06,0.09,0.28,0.2,210,13,38,67,40,5,8,Liga Pacific
Champions Tour 2024 Pacific Kickoff,crws,TLN,"Harbor, Omen, Astra",122,0.69,129.2,0.68,67,86.9,0.47,0.29,0.03,0.1,0.23,0.09,111,13,57,84,35,4,12,Liga Pacific
Champions Tour 2023 Pacific League,bunny,BNY,Raze,19,1.23,272.0,1.13,74,187.2,0.89,0.26,0.11,0.21,0.18,0.0,2,17,17,15,5,2,4,Liga Pacific
Champions Tour 2023 Pacific League,something,PRX,"Jett, Breach, Reyna",491,1.21,230.6,1.37,78,145.3,0.85,0.22,0.17,0.11,0.24,0.25,1144,30,415,304,106,85,55,Liga Pacific
Champions Tour 2023 Pacific League,d4v41,PRX,"Skye, Sova, Killjoy",603,1.18,206.7,1.27,78,135.6,0.75,0.41,0.06,0.06,0.24,0.16,1379,25,455,358,247,39,38,Liga Pacific
Champions Tour 2023 Pacific League,mako,DRX,"Omen, Viper, Brimstone",731,1.18,212.2,1.16,77,137.8,0.72,0.48,0.08,0.08,0.24,0.24,1772,31,523,449,348,60,57,Liga Pacific
Champions Tour 2023 Pacific League,xffero,BNY,"Fade, Skye, Sova",448,1.16,216.5,1.15,74,136.2,0.77,0.32,0.09,0.06,0.24,0.17,1166,29,346,301,142,39,27,Liga Pacific
Champions Tour 2023 Pacific League,monyet,GE,"Astra, Omen, Viper",458,1.15,217.4,1.13,74,139.8,0.78,0.41,0.11,0.09,0.28,0.24,1146,39,358,318,186,51,43,Liga Pacific
Champions Tour 2023 Pacific League,sayaplayer,T1,"Jett, Raze",763,1.14,236.0,1.25,72,155.2,0.84,0.15,0.19,0.16,0.25,0.17,1269,27,642,513,117,147,123,Liga Pacific
Champions Tour 2023 Pacific League,buzz,DRX,"Killjoy, Kayo, Raze",695,1.12,224.6,1.16,72,144.5,0.79,0.27,0.11,0.12,0.23,0.19,1579,36,547,472,185,78,86,Liga Pacific
Champions Tour 2023 Pacific League,sugarz3ro,ZETA,"Omen, Viper, Astra",559,1.11,209.9,1.09,74,133.1,0.75,0.47,0.06,0.08,0.25,0.11,655,27,417,382,261,32,43,Liga Pacific
Champions Tour 2023 Pacific League,xeta,T1,"Harbor, Sova, Breach",763,1.11,200.8,1.09,78,128.8,0.69,0.37,0.07,0.05,0.22,0.13,1292,21,525,483,280,50,41,Liga Pacific
Champions Tour 2023 Pacific League,razziebinx,SPB,Chamber,19,1.09,246.0,1.07,68,170.3,0.84,0.16,0.16,0.05,0.3,0.5,12,16,16,15,3,3,1,Liga Pacific
Champions Tour 2023 Pacific League,cgrs,BNY,Gekko,39,1.09,205.5,1.25,72,134.0,0.77,0.23,0.08,0.1,0.23,0.0,4,17,30,24,9,3,4,Liga Pacific
Champions Tour 2023 Pacific League,benkai,PRX,"Killjoy, Cypher, Breach",150,1.09,210.7,1.08,71,138.1,0.73,0.29,0.09,0.07,0.21,0.13,324,21,109,101,43,13,11,Liga Pacific
Champions Tour 2023 Pacific League,jinggg,PRX,"Phoenix, Raze, Sage",605,1.09,227.1,1.15,74,149.9,0.78,0.28,0.12,0.1,0.17,0.22,836,29,471,411,171,74,60,Liga Pacific
Champions Tour 2023 Pacific League,munchkin,T1,"Killjoy, Skye",763,1.08,210.7,1.15,71,141.1,0.75,0.2,0.09,0.11,0.22,0.2,1997,26,571,496,154,69,81,Liga Pacific
Champions Tour 2023 Pacific League,k1ng,GEN,"Viper, Killjoy",593,1.07,208.8,1.08,72,141.2,0.73,0.23,0.09,0.1,0.27,0.18,1582,26,435,402,134,53,60,Liga Pacific
Champions Tour 2023 Pacific League,invy,TS,"Kayo, Breach, Skye",562,1.06,203.4,0.99,73,130.7,0.72,0.49,0.09,0.08,0.3,0.17,1060,26,403,409,276,51,43,Liga Pacific
Champions Tour 2023 Pacific League,sylvan,GEN,"Fade, Skye, Sova",307,1.06,196.5,1.02,75,126.7,0.69,0.37,0.09,0.06,0.24,0.15,748,21,212,208,114,29,17,Liga Pacific
Champions Tour 2023 Pacific League,t3xture,SPB,"Jett, Raze, Sage",457,1.06,221.1,1.09,72,141.0,0.78,0.17,0.14,0.12,0.28,0.18,950,28,358,328,76,66,54,Liga Pacific
Champions Tour 2023 Pacific League,f0rsaken,PRX,"Jett, Yoru, Neon",623,1.06,223.4,1.11,74,144.1,0.78,0.28,0.15,0.1,0.27,0.22,837,26,484,435,177,94,63,Liga Pacific
Champions Tour 2023 Pacific League,dep,ZETA,"Jett, Neon, Raze",559,1.05,240.2,1.1,69,152.1,0.84,0.16,0.21,0.17,0.23,0.13,646,29,468,424,92,115,94,Liga Pacific
Champions Tour 2023 Pacific League,suggest,DFM,"Jett, Raze, Killjoy",290,1.03,218.9,1.01,73,147.5,0.76,0.2,0.12,0.11,0.29,0.07,230,29,220,218,58,36,33,Liga Pacific
Champions Tour 2023 Pacific League,bazzi,GE,"Fade, Skye, Breach",458,1.03,191.0,0.95,77,123.6,0.64,0.49,0.05,0.04,0.18,0.15,1173,25,291,306,224,23,17,Liga Pacific
Champions Tour 2023 Pacific League,laz,ZETA,"Sova, Skye, Fade",559,1.02,182.2,1.01,74,122.1,0.64,0.32,0.08,0.06,0.26,0.15,1491,31,357,353,178,43,34,Liga Pacific
Champions Tour 2023 Pacific League,borkum,TS,"Omen, Viper, Brimstone",579,1.01,187.1,0.95,74,121.1,0.64,0.45,0.06,0.08,0.19,0.15,1278,24,373,393,263,36,49,Liga Pacific
Champions Tour 2023 Pacific League,patiphan,TLN,"Sage, Harbor, Gekko",411,1.0,208.3,0.99,66,140.2,0.73,0.31,0.09,0.11,0.26,0.16,638,24,300,302,127,35,44,Liga Pacific
Champions Tour 2023 Pacific League,skrossi,GE,Jett,237,1.0,225.5,1.03,68,141.8,0.78,0.18,0.14,0.17,0.23,0.11,219,25,185,180,43,34,41,Liga Pacific
Champions Tour 2023 Pacific League,zest,DRX,"Sova, Fade, Brimstone",299,1.0,177.5,0.96,73,111.8,0.65,0.32,0.06,0.06,0.35,0.16,744,19,194,202,95,18,19,Liga Pacific
Champions Tour 2023 Pacific League,foxy9,DRX,"Jett, Raze",468,1.0,229.1,1.1,69,143.4,0.79,0.16,0.23,0.19,0.26,0.12,326,30,372,337,76,106,91,Liga Pacific
Champions Tour 2023 Pacific League,fl1pzjder,RRQ,"Breach, Kayo, Skye",429,1.0,191.5,0.93,71,120.1,0.66,0.47,0.09,0.07,0.27,0.13,755,24,283,303,202,37,32,Liga Pacific
Champions Tour 2023 Pacific League,lmemore,RRQ,"Cypher, Killjoy, Viper",429,0.99,207.1,1.0,70,140.1,0.72,0.18,0.13,0.13,0.33,0.05,244,24,310,311,77,56,54,Liga Pacific
Champions Tour 2023 Pacific League,dubstep,TS,"Jett, Killjoy, Cypher",579,0.99,196.7,1.02,68,131.8,0.71,0.15,0.12,0.13,0.26,0.19,1684,28,411,402,88,68,76,Liga Pacific
Champions Tour 2023 Pacific League,emman,RRQ,"Skye, Kayo",121,0.98,175.7,0.94,75,118.4,0.65,0.32,0.08,0.05,0.34,0.27,415,18,79,84,39,10,6,Liga Pacific
Champions Tour 2023 Pacific League,rb,DRX,"Killjoy, Harbor, Sova",731,0.98,178.7,0.97,74,116.6,0.62,0.31,0.08,0.09,0.26,0.21,2198,28,455,469,230,56,63,Liga Pacific
Champions Tour 2023 Pacific League,jitboys,TLN,"Kayo, Breach, Raze",323,0.98,184.8,0.92,71,125.6,0.66,0.29,0.07,0.1,0.28,0.15,748,27,214,232,93,22,31,Liga Pacific
Champions Tour 2023 Pacific League,mindfreak,PRX,"Astra, Omen, Viper",623,0.98,169.6,0.99,74,106.6,0.6,0.41,0.06,0.08,0.28,0.15,1280,20,376,379,253,37,48,Liga Pacific
Champions Tour 2023 Pacific League,intro,T1,"Viper, Omen, Harbor",95,0.98,184.8,0.97,77,126.7,0.61,0.37,0.0,0.07,0.26,0.0,9,14,58,60,35,0,7,Liga Pacific
Champions Tour 2023 Pacific League,2ge,RRQ,"Brimstone, Omen, Astra",308,0.97,168.0,0.91,74,113.1,0.61,0.4,0.03,0.07,0.27,0.13,539,17,187,205,123,10,22,Liga Pacific
Champions Tour 2023 Pacific League,meteor,GEN,"Raze, Jett",593,0.97,218.8,1.0,70,144.6,0.76,0.2,0.18,0.17,0.22,0.13,648,24,450,450,118,104,102,Liga Pacific
Champions Tour 2023 Pacific League,goddead,GEN,"Kayo, Breach, Sage",593,0.97,189.9,0.86,74,121.9,0.63,0.53,0.06,0.08,0.2,0.14,749,22,373,432,312,35,50,Liga Pacific
Champions Tour 2023 Pacific League,foxz,TLN,"Fade, Sova, Kayo",427,0.96,190.3,0.92,71,128.3,0.66,0.33,0.08,0.09,0.26,0.12,760,22,280,304,142,35,40,Liga Pacific
Champions Tour 2023 Pacific League,jremy,TS,"Killjoy, Sage, Raze",579,0.95,218.1,0.95,72,142.0,0.73,0.23,0.15,0.16,0.17,0.17,846,22,420,441,134,85,93,Liga Pacific
Champions Tour 2023 Pacific League,ejay,RRQ,"Raze, Jett",429,0.94,210.7,1.0,72,138.1,0.75,0.18,0.16,0.16,0.2,0.12,325,23,320,321,78,68,68,Liga Pacific
Champions Tour 2023 Pacific League,tennn,ZETA,"Killjoy, Viper, Raze",559,0.93,203.3,0.96,74,133.3,0.69,0.19,0.12,0.13,0.24,0.21,1256,27,388,406,106,66,71,Liga Pacific
Champions Tour 2023 Pacific League,carpe,T1,"Skye, Breach, Kayo",763,0.93,175.6,0.88,76,111.2,0.61,0.45,0.06,0.07,0.23,0.17,1060,27,462,526,342,48,53,Liga Pacific
Champions Tour 2023 Pacific League,jessievash,TS,"Sova, Fade, Cypher",579,0.93,171.6,0.89,70,115.3,0.59,0.34,0.07,0.07,0.23,0.18,1372,22,344,387,195,38,41,Liga Pacific
Champions Tour 2023 Pacific League,ts,GEN,"Astra, Omen",593,0.92,183.3,0.87,72,114.1,0.63,0.45,0.08,0.11,0.23,0.09,670,20,372,426,264,49,63,Liga Pacific
Champions Tour 2023 Pacific League,crws,SPB,"Astra, Viper, Brimstone",446,0.92,191.0,0.85,69,127.1,0.64,0.36,0.07,0.09,0.23,0.14,857,22,284,333,162,32,39,Liga Pacific
Champions Tour 2023 Pacific League,ban,T1,"Omen, Viper, Jett",668,0.92,183.7,0.94,71,117.0,0.66,0.29,0.12,0.09,0.25,0.14,1069,24,441,469,197,82,62,Liga Pacific
Champions Tour 2023 Pacific League,anthem,DFM,"Skye, Breach, Kayo",408,0.92,187.1,0.86,74,127.3,0.63,0.34,0.06,0.09,0.26,0.15,959,22,255,295,140,26,37,Liga Pacific
Champions Tour 2023 Pacific League,seoldam,DFM,"Jett, Raze",270,0.91,218.4,0.92,66,132.4,0.73,0.17,0.23,0.21,0.17,0.0,21,23,197,213,45,61,58,Liga Pacific
Champions Tour 2023 Pacific League,stax,DRX,"Kayo, Breach, Skye",731,0.91,175.0,0.85,73,111.8,0.6,0.46,0.05,0.08,0.28,0.08,563,21,436,511,336,40,56,Liga Pacific
Champions Tour 2023 Pacific League,eko,GEN,"Breach, Sova",286,0.91,163.9,0.85,71,108.8,0.59,0.37,0.05,0.06,0.26,0.13,752,22,169,199,106,15,16,Liga Pacific
Champions Tour 2023 Pacific League,garnets,TLN,"Jett, Neon, Raze",347,0.91,211.0,0.91,70,138.1,0.71,0.16,0.17,0.17,0.23,0.06,231,24,246,269,57,60,59,Liga Pacific
Champions Tour 2023 Pacific League,takej,DFM,"Viper, Killjoy, Omen",408,0.9,177.6,0.85,72,116.1,0.63,0.35,0.09,0.09,0.32,0.13,1076,24,255,299,143,35,36,Liga Pacific
Champions Tour 2023 Pacific League,wronski,GE,"Kayo, Jett, Sage",203,0.88,188.1,0.81,71,119.0,0.63,0.49,0.13,0.13,0.26,0.0,10,23,127,156,99,27,26,Liga Pacific
Champions Tour 2023 Pacific League,reita,DFM,"Killjoy, Cypher, Sova",296,0.88,172.8,0.84,69,120.3,0.61,0.31,0.06,0.09,0.29,0.09,332,20,182,217,92,18,26,Liga Pacific
Champions Tour 2023 Pacific League,sushiboys,TLN,"Killjoy, Jett, Viper",200,0.88,187.8,0.86,64,123.3,0.66,0.19,0.07,0.09,0.22,0.13,432,22,132,154,37,13,17,Liga Pacific
Champions Tour 2023 Pacific League,xnfri,BNY,"Harbor, Omen, Brimstone",387,0.86,170.2,0.78,71,112.3,0.58,0.43,0.05,0.08,0.26,0.1,440,21,224,288,167,19,30,Liga Pacific
Champions Tour 2023 Pacific League,crow,ZETA,"Kayo, Harbor, Breach",559,0.86,164.5,0.8,75,109.0,0.56,0.45,0.05,0.06,0.25,0.11,765,22,311,391,251,27,34,Liga Pacific
Champions Tour 2023 Pacific League,ayrin,GE,"Killjoy, Viper, Harbor",458,0.86,169.5,0.84,69,110.3,0.58,0.29,0.06,0.09,0.19,0.16,958,18,265,314,131,28,40,Liga Pacific
Champions Tour 2023 Pacific League,superbuss,SPB,Astra,19,0.84,211.0,0.76,63,125.2,0.68,0.37,0.21,0.11,0.23,0.33,13,13,13,17,7,4,2,Liga Pacific
Champions Tour 2023 Pacific League,lightningfast,GE,Raze,38,0.8,177.5,0.89,55,108.7,0.63,0.21,0.18,0.21,0.2,0.0,1,13,24,27,8,7,8,Liga Pacific
Champions Tour 2023 Pacific League,lenne,TS,Gekko,17,0.79,139.0,0.62,65,82.8,0.47,0.29,0.0,0.0,0.12,0.0,1,8,8,13,5,0,0,Liga Pacific
Champions Tour 2023 Pacific League,clutch_fi,BNY,Omen,19,0.64,95.0,0.75,58,69.2,0.47,0.26,0.0,0.16,0.44,0.0,1,9,9,12,5,0,3,Liga Pacific
Champions Tour 2023 Pacific League,yurihana,SPB,Skye,19,0.48,97.0,0.41,42,66.1,0.37,0.21,0.0,0.0,0.26,0.25,14,7,7,17,4,0,0,Liga Pacific
Champions Tour 2023 Pacific Last Chance Qualifier,monyet,GE,"Astra, Omen",46,1.34,245.0,1.27,85,170.7,0.83,0.5,0.17,0.11,0.27,0.0,4,20,38,30,23,8,5,Qualifiers / Tier 2
Champions Tour 2023 Pacific Last Chance Qualifier,2ge,RRQ,"Omen, Astra",132,1.26,196.3,1.23,80,126.5,0.73,0.6,0.04,0.04,0.27,0.21,524,30,97,79,79,5,5,Qualifiers / Tier 2
Champions Tour 2023 Pacific Last Chance Qualifier,anthem,DFM,"Fade, Sova",41,1.24,246.0,1.28,71,160.8,0.9,0.24,0.05,0.12,0.36,0.3,310,22,37,29,10,2,5,Qualifiers / Tier 2
Champions Tour 2023 Pacific Last Chance Qualifier,invy,TS,"Breach, Kayo, Skye",250,1.24,227.0,1.28,75,148.5,0.83,0.44,0.07,0.04,0.38,0.14,428,30,207,162,111,17,9,Qualifiers / Tier 2
Champions Tour 2023 Pacific Last Chance Qualifier,t3xture,GE,"Raze, Phoenix",46,1.19,229.0,1.25,70,144.4,0.87,0.13,0.15,0.07,0.33,0.0,5,23,40,32,6,7,3,Qualifiers / Tier 2
Champions Tour 2023 Pacific Last Chance Qualifier,garnets,TLN,"Neon, Jett, Raze",116,1.16,264.6,1.28,72,163.6,0.91,0.13,0.25,0.12,0.27,0.2,15,30,105,82,15,29,14,Qualifiers / Tier 2
Champions Tour 2023 Pacific Last Chance Qualifier,meteor,GEN,Jett,250,1.14,246.5,1.16,70,158.4,0.85,0.16,0.22,0.15,0.29,0.18,528,27,212,183,41,55,37,Qualifiers / Tier 2
Champions Tour 2023 Pacific Last Chance Qualifier,laz,ZETA,"Sova, Viper, Cypher",205,1.12,220.7,1.23,74,140.8,0.78,0.2,0.12,0.09,0.26,0.17,530,26,159,129,40,25,18,Qualifiers / Tier 2
Champions Tour 2023 Pacific Last Chance Qualifier,dep,ZETA,"Breach, Jett, Sova",205,1.08,214.7,1.12,76,146.7,0.8,0.2,0.12,0.1,0.29,0.2,420,42,163,146,40,25,21,Qualifiers / Tier 2
Champions Tour 2023 Pacific Last Chance Qualifier,xffero,RRQ,"Omen, Sova, Fade",176,1.07,218.1,1.05,74,136.8,0.73,0.35,0.09,0.05,0.21,0.08,224,26,128,122,61,16,9,Qualifiers / Tier 2
Champions Tour 2023 Pacific Last Chance Qualifier,foxz,TLN,"Kayo, Sova, Skye",116,1.06,191.8,0.99,73,129.4,0.66,0.46,0.04,0.03,0.3,0.23,522,19,77,78,53,5,3,Qualifiers / Tier 2
Champions Tour 2023 Pacific Last Chance Qualifier,crow,ZETA,"Killjoy, Skye, Kayo",205,1.05,187.6,1.02,80,121.2,0.64,0.51,0.08,0.04,0.29,0.16,319,23,131,129,105,17,9,Qualifiers / Tier 2
Champions Tour 2023 Pacific Last Chance Qualifier,borkum,TS,"Omen, Brimstone, Astra",250,1.05,169.8,0.96,78,113.4,0.61,0.49,0.07,0.05,0.21,0.24,729,20,152,159,123,17,12,Qualifiers / Tier 2
Champions Tour 2023 Pacific Last Chance Qualifier,patiphan,TLN,"Brimstone, Omen, Harbor",116,1.04,218.8,1.1,68,138.1,0.78,0.38,0.12,0.14,0.27,0.0,11,23,90,82,44,14,16,Qualifiers / Tier 2
Champions Tour 2023 Pacific Last Chance Qualifier,ejay,RRQ,"Jett, Raze",176,1.04,208.1,1.09,67,138.0,0.78,0.15,0.14,0.18,0.21,0.13,216,35,137,126,27,25,32,Qualifiers / Tier 2
Champions Tour 2023 Pacific Last Chance Qualifier,sugarz3ro,ZETA,"Omen, Astra, Brimstone",205,1.03,175.3,1.07,80,117.1,0.68,0.52,0.04,0.06,0.24,0.05,121,34,139,130,106,9,13,Qualifiers / Tier 2
Champions Tour 2023 Pacific Last Chance Qualifier,bazzi,GE,"Viper, Killjoy",46,1.02,238.0,1.0,76,148.7,0.78,0.35,0.17,0.07,0.13,0.0,5,20,36,36,16,8,3,Qualifiers / Tier 2
Champions Tour 2023 Pacific Last Chance Qualifier,reita,DFM,Killjoy,41,1.01,224.0,1.07,66,135.7,0.78,0.07,0.1,0.07,0.19,0.0,11,20,32,30,3,4,3,Qualifiers / Tier 2
Champions Tour 2023 Pacific Last Chance Qualifier,jremy,TS,"Raze, Killjoy, Phoenix",250,1.0,203.4,0.97,67,136.3,0.68,0.24,0.13,0.12,0.2,0.04,128,23,171,177,61,32,30,Qualifiers / Tier 2
Champions Tour 2023 Pacific Last Chance Qualifier,dubstep,TS,"Killjoy, Jett, Raze",250,1.0,213.3,1.04,69,144.0,0.74,0.15,0.18,0.18,0.27,0.15,426,21,186,179,38,45,46,Qualifiers / Tier 2
Champions Tour 2023 Pacific Last Chance Qualifier,ts,GEN,"Gekko, Skye, Sova",250,0.99,181.3,0.92,70,125.8,0.65,0.35,0.05,0.08,0.21,0.1,441,24,162,176,87,13,21,Qualifiers / Tier 2
Champions Tour 2023 Pacific Last Chance Qualifier,jitboys,TLN,"Killjoy, Cypher",116,0.98,188.8,1.07,70,126.9,0.68,0.19,0.05,0.1,0.32,0.08,113,19,79,74,22,6,12,Qualifiers / Tier 2
Champions Tour 2023 Pacific Last Chance Qualifier,tennn,ZETA,Raze,205,0.98,226.3,1.09,72,150.9,0.78,0.18,0.17,0.17,0.23,0.13,215,31,160,147,37,34,34,Qualifiers / Tier 2
Champions Tour 2023 Pacific Last Chance Qualifier,lmemore,RRQ,"Viper, Killjoy",176,0.96,206.4,1.01,66,137.2,0.75,0.16,0.08,0.13,0.31,0.27,311,35,132,131,29,14,23,Qualifiers / Tier 2
Champions Tour 2023 Pacific Last Chance Qualifier,k1ng,GEN,"Killjoy, Cypher",250,0.95,197.8,0.98,68,131.4,0.72,0.18,0.08,0.09,0.23,0.1,330,25,179,182,45,21,23,Qualifiers / Tier 2
Champions Tour 2023 Pacific Last Chance Qualifier,sylvan,GEN,"Astra, Omen",250,0.94,183.7,0.85,71,119.0,0.63,0.48,0.08,0.08,0.28,0.17,424,24,158,185,119,19,21,Qualifiers / Tier 2
Champions Tour 2023 Pacific Last Chance Qualifier,crws,TLN,"Breach, Kayo, Viper",116,0.92,157.0,0.9,72,104.2,0.56,0.4,0.07,0.08,0.29,0.33,39,18,65,72,46,8,9,Qualifiers / Tier 2
Champions Tour 2023 Pacific Last Chance Qualifier,fl1pzjder,RRQ,"Skye, Kayo, Breach",176,0.91,179.3,0.77,77,118.5,0.56,0.52,0.06,0.14,0.26,0.32,619,20,99,129,91,10,24,Qualifiers / Tier 2
Champions Tour 2023 Pacific Last Chance Qualifier,jessievash,TS,"Sova, Killjoy, Skye",250,0.86,170.6,0.81,66,117.4,0.57,0.3,0.07,0.1,0.24,0.11,327,20,143,177,74,18,24,Qualifiers / Tier 2
Champions Tour 2023 Pacific Last Chance Qualifier,emman,RRQ,Raze,44,0.83,202.5,0.74,73,133.5,0.66,0.18,0.11,0.18,0.29,0.0,4,20,29,39,8,5,8,Qualifiers / Tier 2
Champions Tour 2023 Pacific Last Chance Qualifier,takej,DFM,"Brimstone, Omen",41,0.82,168.0,0.75,63,109.7,0.59,0.32,0.1,0.07,0.53,0.25,14,13,24,32,13,4,3,Qualifiers / Tier 2
Champions Tour 2023 Pacific Last Chance Qualifier,ayrin,GE,"Skye, Fade",46,0.81,156.0,0.76,65,101.2,0.54,0.3,0.04,0.04,0.18,0.09,111,14,25,33,14,2,2,Qualifiers / Tier 2
Champions Tour 2023 Pacific Last Chance Qualifier,goddead,GEN,"Kayo, Sage, Breach",250,0.8,139.5,0.66,71,92.3,0.45,0.52,0.05,0.11,0.17,0.15,426,14,112,170,129,13,27,Qualifiers / Tier 2
Champions Tour 2023 Pacific Last Chance Qualifier,suggest,DFM,"Breach, Kayo",41,0.76,145.0,0.63,66,93.7,0.46,0.46,0.07,0.12,0.3,0.0,3,10,19,30,19,3,5,Qualifiers / Tier 2
Champions Tour 2023 Pacific Last Chance Qualifier,seoldam,DFM,Jett,21,0.6,142.0,0.53,71,101.9,0.43,0.24,0.14,0.19,0.22,0.0,1,9,9,17,5,3,4,Qualifiers / Tier 2
Champions Tour 2023 Pacific Last Chance Qualifier,skrossi,GE,Jett,46,0.57,140.0,0.67,63,93.2,0.52,0.11,0.07,0.11,0.29,0.5,24,12,24,36,5,3,5,Qualifiers / Tier 2
Champions Tour 2023 Pacific Last Chance Qualifier,xnfri,DFM,Raze,20,0.4,111.0,0.38,55,85.4,0.3,0.15,0.05,0.2,0.17,0.0,0,6,6,16,3,1,4,Qualifiers / Tier 2
Vct 2026 China Kickoff,happywei,XLG,"Viper, Astra",293,1.33,239.0,1.49,77,156.1,0.86,0.37,0.08,0.05,0.34,0.0,0,25,252,169,109,24,15,Liga China
Vct 2026 China Kickoff,yuicaw,JDG,"Viper, Cypher, Killjoy",357,1.21,210.0,1.05,73,146.2,0.71,0.29,0.11,0.07,0.29,0.0,0,21,255,243,105,26,17,Liga China
Vct 2026 China Kickoff,aaaay,FPX,"Killjoy, Viper",141,1.2,200.4,1.07,62,147.3,0.76,0.06,0.06,0.05,0.35,0.0,0,26,107,100,8,7,5,Liga China
Vct 2026 China Kickoff,vo0kashu,DRG,"Cypher, Vyse, Veto",291,1.19,219.9,1.25,71,143.9,0.78,0.18,0.05,0.03,0.27,0.0,0,29,228,182,51,16,8,Liga China
Vct 2026 China Kickoff,shr1mp,AG,"Skye, Fade, Sova",264,1.15,203.9,1.14,72,130.9,0.72,0.25,0.08,0.03,0.3,0.0,0,24,191,167,66,17,6,Liga China
Vct 2026 China Kickoff,chichoo,EDG,"Astra, Viper, Killjoy",400,1.14,202.2,1.15,74,138.1,0.73,0.26,0.08,0.05,0.3,0.0,0,23,292,254,104,29,18,Liga China
Vct 2026 China Kickoff,berlin,FPX,"Sova, Kayo, Fade",141,1.12,167.9,0.79,72,119.7,0.58,0.35,0.07,0.13,0.36,0.0,0,20,82,104,49,8,14,Liga China
Vct 2026 China Kickoff,f4ngeer,AG,"Waylay, Yoru",264,1.11,230.7,1.28,72,142.2,0.84,0.17,0.21,0.15,0.33,0.0,0,35,222,173,45,46,33,Liga China
Vct 2026 China Kickoff,whzy,BLG,"Waylay, Yoru, Raze",435,1.11,233.5,1.11,75,149.0,0.82,0.22,0.17,0.16,0.25,0.0,0,40,357,322,96,74,68,Liga China
Vct 2026 China Kickoff,splash,TYL,"Neon, Waylay, Raze",348,1.09,251.4,1.16,69,157.5,0.88,0.23,0.18,0.17,0.29,0.0,0,28,307,264,80,56,52,Liga China
Vct 2026 China Kickoff,erv,TYL,"Astra, Omen, Brimstone",348,1.08,202.4,1.1,73,124.3,0.72,0.44,0.06,0.07,0.32,0.0,0,24,250,227,152,20,21,Liga China
Vct 2026 China Kickoff,delb,TE,"Waylay, Viper, Chamber",277,1.07,215.9,1.05,69,151.9,0.76,0.2,0.15,0.11,0.39,0.0,0,26,210,200,55,33,24,Liga China
Vct 2026 China Kickoff,k1ra,AG,"Raze, Astra, Kayo",264,1.07,212.1,1.13,71,137.1,0.75,0.31,0.1,0.14,0.27,0.0,0,31,197,175,83,22,29,Liga China
Vct 2026 China Kickoff,rarga,XLG,"Yoru, Neon",293,1.05,237.4,1.22,74,148.8,0.85,0.14,0.16,0.13,0.35,0.0,0,25,248,203,41,48,38,Liga China
Vct 2026 China Kickoff,iamgrq,AG,"Omen, Waylay, Brimstone",264,1.05,195.3,1.04,75,130.0,0.69,0.36,0.07,0.07,0.24,0.0,0,29,181,174,95,14,16,Liga China
Vct 2026 China Kickoff,lysoar,XLG,"Omen, Killjoy, Brimstone",293,1.04,188.8,1.09,78,121.2,0.67,0.3,0.05,0.04,0.21,0.0,0,21,196,180,89,16,11,Liga China
Vct 2026 China Kickoff,rushia,BLG,"Viper, Astra, Cypher",435,1.04,201.5,1.05,71,131.4,0.7,0.25,0.12,0.11,0.25,0.0,0,26,306,292,109,51,47,Liga China
Vct 2026 China Kickoff,haodong,TEC,"Kayo, Omen, Astra",255,1.04,177.5,0.99,72,118.4,0.64,0.35,0.07,0.07,0.28,0.0,0,25,163,164,90,13,14,Liga China
Vct 2026 China Kickoff,yosemite,WOL,"Astra, Viper, Veto",289,1.03,215.9,0.99,67,151.6,0.74,0.22,0.1,0.11,0.28,0.0,0,30,213,215,64,22,25,Liga China
Vct 2026 China Kickoff,scales,TYL,"Killjoy, Viper, Veto",348,1.03,196.5,1.07,70,129.9,0.69,0.21,0.09,0.06,0.35,0.0,0,22,240,224,73,28,20,Liga China
Vct 2026 China Kickoff,smoggy,EDG,"Omen, Harbor, Astra",400,1.02,190.8,1.03,72,119.5,0.68,0.37,0.06,0.06,0.35,0.0,0,27,271,263,149,20,22,Liga China
Vct 2026 China Kickoff,knight,BLG,"Fade, Tejo, Sova",234,1.02,177.8,1.06,72,123.1,0.63,0.25,0.06,0.09,0.25,0.0,0,20,148,140,59,13,21,Liga China
Vct 2026 China Kickoff,obone,NOVA,"Omen, Astra",148,1.02,171.6,0.76,66,127.9,0.56,0.41,0.06,0.1,0.34,0.0,0,23,83,109,60,6,10,Liga China
Vct 2026 China Kickoff,jkuro,JDG,"Omen, Astra, Brimstone",357,1.01,195.1,0.99,74,120.0,0.69,0.45,0.07,0.07,0.31,0.0,0,19,245,247,160,17,16,Liga China
Vct 2026 China Kickoff,setrod,FPX,"Neon, Viper, Tejo",141,1.01,184.9,0.85,75,138.0,0.66,0.28,0.09,0.1,0.37,0.0,0,27,93,110,39,10,11,Liga China
Vct 2026 China Kickoff,stew,JDG,"Waylay, Neon, Jett",357,1.01,215.6,1.07,72,135.6,0.77,0.19,0.15,0.13,0.28,0.0,0,25,274,255,68,35,31,Liga China
Vct 2026 China Kickoff,kai,TE,"Yoru, Neon, Waylay",277,1.01,209.7,1.05,72,134.5,0.75,0.15,0.16,0.13,0.3,0.0,0,23,209,200,41,34,27,Liga China
Vct 2026 China Kickoff,coco,TEC,"Viper, Sova, Fade",255,1.01,199.3,1.06,71,139.7,0.7,0.29,0.06,0.1,0.37,0.0,0,25,179,169,74,12,20,Liga China
Vct 2026 China Kickoff,dynamite,TEC,"Waylay, Neon, Yoru",255,1.01,196.1,1.0,67,129.1,0.71,0.18,0.11,0.14,0.27,0.0,0,25,180,180,46,21,28,Liga China
Vct 2026 China Kickoff,lucas,TEC,"Sova, Tejo, Fade",255,1.01,202.6,1.06,74,134.7,0.73,0.22,0.07,0.09,0.23,0.0,0,23,185,174,57,13,17,Liga China
Vct 2026 China Kickoff,nephh,BLG,"Omen, Tejo, Kayo",435,1.01,196.1,0.96,75,129.4,0.67,0.34,0.08,0.08,0.24,0.0,0,22,291,302,150,36,36,Liga China
Vct 2026 China Kickoff,slowly,TYL,"Yoru, Killjoy, Skye",348,1.0,219.4,1.07,70,139.4,0.77,0.24,0.14,0.13,0.3,0.0,0,24,267,250,84,43,40,Liga China
Vct 2026 China Kickoff,zmjjkk,EDG,"Jett, Raze, Neon",400,0.98,230.6,1.07,68,148.1,0.83,0.14,0.22,0.16,0.23,0.0,0,30,331,310,57,77,56,Liga China
Vct 2026 China Kickoff,nicc,DRG,"Tejo, Sova, Gekko",291,0.98,181.9,0.97,72,120.1,0.65,0.26,0.06,0.05,0.32,0.0,0,27,189,195,76,17,15,Liga China
Vct 2026 China Kickoff,jowa,WOL,"Kayo, Omen, Brimstone",289,0.98,209.0,0.99,72,127.0,0.7,0.41,0.1,0.1,0.3,0.0,0,24,203,206,119,23,23,Liga China
Vct 2026 China Kickoff,qiutian,WOL,"Omen, Killjoy, Chamber",289,0.97,191.0,0.92,70,134.0,0.65,0.23,0.15,0.13,0.26,0.0,0,19,187,203,66,35,29,Liga China
Vct 2026 China Kickoff,cb,EDG,"Yoru, Phoenix, Neon",400,0.97,198.1,0.96,65,130.2,0.7,0.22,0.1,0.14,0.25,0.0,0,21,280,291,86,33,49,Liga China
Vct 2026 China Kickoff,sword9,TYL,"Sova, Tejo, Fade",348,0.96,168.2,0.98,70,110.8,0.6,0.26,0.05,0.07,0.26,0.0,0,20,210,215,89,15,22,Liga China
Vct 2026 China Kickoff,viva,TE,"Sova, Fade, Skye",277,0.96,170.2,0.86,73,117.2,0.56,0.37,0.06,0.05,0.29,0.0,0,22,156,182,102,13,10,Liga China
Vct 2026 China Kickoff,luok1ng,TE,"Astra, Omen, Brimstone",277,0.96,164.6,0.89,72,115.4,0.6,0.33,0.07,0.08,0.3,0.0,0,19,167,188,91,16,18,Liga China
Vct 2026 China Kickoff,siufatbb,WOL,"Sova, Skye, Fade",289,0.95,152.1,0.87,71,107.0,0.54,0.29,0.05,0.03,0.3,0.0,0,21,157,181,84,11,6,Liga China
Vct 2026 China Kickoff,wsleo,XLG,"Sova, Fade",293,0.95,184.6,0.97,75,124.9,0.63,0.31,0.08,0.06,0.24,0.0,0,20,184,189,92,22,19,Liga China
Vct 2026 China Kickoff,green,NOVA,"Raze, Killjoy, Kayo",148,0.93,214.7,0.97,64,137.0,0.76,0.19,0.12,0.11,0.31,0.0,0,26,112,116,28,12,11,Liga China
Vct 2026 China Kickoff,guang,NOVA,"Waylay, Neon",148,0.93,204.6,0.97,60,126.6,0.76,0.17,0.1,0.2,0.35,0.0,0,27,112,115,25,10,20,Liga China
Vct 2026 China Kickoff,fengf,TE,"Breach, Killjoy, Raze",277,0.93,196.2,0.99,71,131.6,0.69,0.25,0.08,0.11,0.33,0.0,0,21,192,194,68,17,23,Liga China
Vct 2026 China Kickoff,spiritz1,DRG,"Reyna, Yoru, Phoenix",291,0.92,208.8,0.97,64,135.1,0.76,0.22,0.14,0.16,0.32,0.0,0,23,220,227,63,42,48,Liga China
Vct 2026 China Kickoff,coconut,JDG,"Fade, Sova",357,0.92,155.8,0.83,68,107.8,0.55,0.25,0.05,0.07,0.31,0.0,0,18,198,240,90,12,16,Liga China
Vct 2026 China Kickoff,noman,XLG,"Jett, Waylay, Killjoy",293,0.91,189.6,1.04,66,123.6,0.69,0.16,0.16,0.17,0.29,0.0,0,30,201,193,46,46,51,Liga China
Vct 2026 China Kickoff,zhe,JDG,Yoru,357,0.91,187.3,1.01,70,110.9,0.67,0.24,0.13,0.17,0.21,0.0,0,21,238,236,85,30,40,Liga China
Vct 2026 China Kickoff,abo,TEC,"Omen, Killjoy, Neon",255,0.91,195.3,0.92,69,120.0,0.67,0.21,0.17,0.12,0.28,0.0,0,23,171,185,53,33,24,Liga China
Vct 2026 China Kickoff,au1,AG,"Viper, Killjoy, Veto",264,0.9,174.9,0.88,69,119.9,0.6,0.33,0.07,0.07,0.23,0.0,0,22,158,179,87,14,16,Liga China
Vct 2026 China Kickoff,sscary,FPX,"Astra, Omen, Brimstone",141,0.9,172.9,0.72,70,112.9,0.55,0.41,0.08,0.05,0.24,0.0,0,16,77,107,58,9,5,Liga China
Vct 2026 China Kickoff,bud,BLG,"Breach, Killjoy, Brimstone",435,0.89,162.8,0.83,67,111.5,0.58,0.28,0.03,0.09,0.29,0.0,0,23,253,305,121,14,39,Liga China
Vct 2026 China Kickoff,ezeir,NOVA,"Viper, Tejo, Fade",148,0.89,164.3,0.73,59,116.7,0.54,0.26,0.07,0.06,0.29,0.0,0,14,80,110,38,7,6,Liga China
Vct 2026 China Kickoff,nobody,EDG,"Sova, Fade",400,0.89,180.8,0.89,66,121.1,0.63,0.22,0.06,0.06,0.31,0.0,0,21,250,282,86,19,21,Liga China
Vct 2026 China Kickoff,biank,BLG,"Tejo, Fade, Sova",201,0.88,158.7,0.79,71,108.6,0.56,0.16,0.08,0.08,0.22,0.0,0,22,113,143,33,17,17,Liga China
Vct 2026 China Kickoff,flex1n,DRG,"Astra, Omen, Brimstone",291,0.85,173.1,0.8,70,112.7,0.59,0.38,0.08,0.07,0.28,0.0,0,22,173,217,112,23,19,Liga China
Vct 2026 China Kickoff,spring,WOL,"Waylay, Neon, Viper",289,0.83,182.9,0.84,66,111.3,0.63,0.27,0.09,0.13,0.24,0.0,0,23,182,217,77,21,29,Liga China
Vct 2026 China Kickoff,akeman,DRG,"Jett, Neon, Waylay",291,0.82,185.7,0.82,66,123.7,0.64,0.21,0.17,0.18,0.29,0.0,0,20,185,226,61,50,53,Liga China
Vct 2026 China Kickoff,heybay,NOVA,"Skye, Fade, Veto",148,0.74,157.7,0.69,65,99.2,0.5,0.28,0.02,0.14,0.25,0.0,0,22,74,107,42,2,14,Liga China
Vct 2026 China Kickoff,life,FPX,"Yoru, Neon, Raze",141,0.65,162.9,0.63,64,118.9,0.55,0.2,0.13,0.23,0.34,0.0,0,23,78,124,28,14,25,Liga China
Vct 2025 China Stage 2,stew,JDG,"Omen, Raze, Neon",308,1.2,262.4,1.22,74,169.1,0.93,0.18,0.22,0.15,0.36,0.0,0,35,286,234,54,68,47,Liga China
Vct 2025 China Stage 2,slowly,TYL,"Yoru, Raze, Omen",345,1.2,231.2,1.24,70,151.7,0.83,0.24,0.17,0.15,0.32,0.0,0,31,286,230,83,60,51,Liga China
Vct 2025 China Stage 2,ezeir,NOVA,"Omen, Viper, Brimstone",299,1.19,226.1,1.1,74,143.0,0.76,0.42,0.1,0.07,0.2,0.0,0,26,228,207,127,29,21,Liga China
Vct 2025 China Stage 2,whzy,BLG,"Raze, Neon, Jett",543,1.18,251.8,1.24,71,160.4,0.9,0.2,0.19,0.17,0.29,0.0,0,30,491,395,110,102,92,Liga China
Vct 2025 China Stage 2,rushia,BLG,"Brimstone, Viper, Omen",543,1.17,213.2,1.15,77,138.7,0.74,0.41,0.08,0.1,0.23,0.0,0,25,400,348,224,46,55,Liga China
Vct 2025 China Stage 2,happywei,XLG,"Cypher, Viper, Vyse",397,1.15,248.8,1.23,75,161.9,0.84,0.28,0.12,0.1,0.29,0.0,0,24,333,270,113,36,29,Liga China
Vct 2025 China Stage 2,shr1mp,AG,"Omen, Kayo, Fade",411,1.15,205.9,1.14,75,135.5,0.74,0.31,0.07,0.06,0.26,0.0,0,23,304,266,129,24,21,Liga China
Vct 2025 China Stage 2,nephh,BLG,"Kayo, Omen, Viper",543,1.15,199.2,1.08,78,125.1,0.69,0.55,0.08,0.07,0.21,0.0,0,29,374,346,296,43,39,Liga China
Vct 2025 China Stage 2,kai,TE,"Jett, Yoru, Chamber",333,1.14,251.2,1.23,67,156.3,0.9,0.17,0.2,0.13,0.27,0.0,0,29,299,244,55,65,43,Liga China
Vct 2025 China Stage 2,life,FPX,"Jett, Raze, Waylay",312,1.12,229.6,1.17,70,146.8,0.81,0.15,0.2,0.2,0.3,0.0,0,24,252,215,46,53,52,Liga China
Vct 2025 China Stage 2,knight,BLG,"Fade, Sova",543,1.12,204.3,1.18,73,129.6,0.73,0.23,0.08,0.06,0.27,0.0,0,27,397,336,125,43,35,Liga China
Vct 2025 China Stage 2,vo0kashu,DRG,"Cypher, Killjoy, Vyse",578,1.11,214.2,1.18,77,142.3,0.77,0.22,0.08,0.05,0.31,0.0,0,25,444,376,126,45,31,Liga China
Vct 2025 China Stage 2,rarga,XLG,"Neon, Yoru, Sage",397,1.11,228.5,1.09,72,153.0,0.8,0.23,0.16,0.12,0.34,0.0,0,27,316,289,93,49,35,Liga China
Vct 2025 China Stage 2,scales,TYL,"Viper, Iso, Omen",345,1.08,220.4,1.12,70,138.9,0.75,0.19,0.11,0.09,0.36,0.0,0,22,260,233,67,39,31,Liga China
Vct 2025 China Stage 2,zmjjkk,EDG,"Neon, Raze, Jett",546,1.07,238.3,1.12,68,151.2,0.84,0.21,0.17,0.18,0.23,0.0,0,31,457,408,115,95,101,Liga China
Vct 2025 China Stage 2,k1ra,AG,"Viper, Omen, Raze",411,1.07,210.4,1.1,76,136.0,0.72,0.3,0.13,0.11,0.26,0.0,0,26,295,267,125,48,39,Liga China
Vct 2025 China Stage 2,aaaay,FPX,"Sova, Fade, Skye",312,1.07,183.3,1.06,75,125.9,0.66,0.22,0.06,0.06,0.41,0.0,0,24,205,193,69,17,16,Liga China
Vct 2025 China Stage 2,flex1n,DRG,"Omen, Harbor, Astra",578,1.06,190.5,1.03,77,118.7,0.68,0.47,0.06,0.09,0.28,0.0,0,21,391,378,269,37,50,Liga China
Vct 2025 China Stage 2,mart1n,TE,"Killjoy, Deadlock, Vyse",333,1.04,193.4,1.08,71,123.7,0.7,0.22,0.07,0.07,0.32,0.0,0,26,233,216,74,23,23,Liga China
Vct 2025 China Stage 2,autumn,FPX,"Yoru, Chamber, Cypher",312,1.04,195.7,1.02,71,132.2,0.7,0.22,0.08,0.09,0.31,0.0,0,24,218,213,70,20,24,Liga China
Vct 2025 China Stage 2,yosemite,FPX,"Cypher, Vyse, Omen",312,1.03,195.4,1.0,72,130.3,0.67,0.24,0.09,0.05,0.24,0.0,0,23,209,208,74,23,14,Liga China
Vct 2025 China Stage 2,nobody,EDG,"Fade, Gekko, Brimstone",546,1.03,204.1,1.07,70,137.3,0.73,0.23,0.1,0.1,0.34,0.0,0,26,400,375,127,52,57,Liga China
Vct 2025 China Stage 2,jieni7,EDG,"Omen, Kayo, Breach",444,1.02,210.5,1.03,71,132.8,0.73,0.33,0.11,0.08,0.29,0.0,0,24,324,315,148,49,36,Liga China
Vct 2025 China Stage 2,viva,XLG,"Sova, Fade, Brimstone",397,1.02,175.2,1.01,79,121.6,0.62,0.31,0.04,0.06,0.29,0.0,0,24,247,244,122,13,17,Liga China
Vct 2025 China Stage 2,nicc,DRG,"Breach, Gekko, Fade",578,1.02,191.3,0.98,75,130.8,0.67,0.38,0.04,0.05,0.35,0.0,0,23,389,397,220,26,29,Liga China
Vct 2025 China Stage 2,noman,XLG,"Breach, Raze, Chamber",397,1.01,190.2,1.03,70,129.5,0.68,0.17,0.13,0.13,0.33,0.0,0,23,269,261,68,38,38,Liga China
Vct 2025 China Stage 2,smoggy,EDG,"Omen, Deadlock, Viper",546,1.01,192.2,0.99,74,125.1,0.68,0.32,0.06,0.05,0.31,0.0,0,24,371,373,174,34,26,Liga China
Vct 2025 China Stage 2,spitfires,AG,"Neon, Raze, Jett",411,1.0,226.3,1.11,69,141.7,0.8,0.18,0.16,0.15,0.28,0.0,0,28,330,298,75,58,54,Liga China
Vct 2025 China Stage 2,haodong,TEC,"Omen, Astra",232,1.0,187.1,0.98,71,121.6,0.67,0.32,0.08,0.09,0.33,0.0,0,22,155,158,75,18,20,Liga China
Vct 2025 China Stage 2,spring,WOL,"Omen, Viper, Brimstone",258,1.0,206.0,0.9,66,136.9,0.69,0.29,0.11,0.14,0.28,0.0,0,25,178,198,75,29,35,Liga China
Vct 2025 China Stage 2,spiritz1,DRG,"Yoru, Reyna",578,0.98,225.4,1.02,66,147.8,0.78,0.23,0.18,0.17,0.34,0.0,0,29,450,442,134,104,96,Liga China
Vct 2025 China Stage 2,abo,TEC,"Deadlock, Astra, Cypher",232,0.98,190.8,0.99,68,127.0,0.71,0.19,0.08,0.09,0.37,0.0,0,23,164,165,45,19,22,Liga China
Vct 2025 China Stage 2,coco,TEC,"Breach, Gekko, Viper",232,0.97,199.1,0.92,69,134.3,0.68,0.3,0.08,0.06,0.34,0.0,0,20,158,172,69,19,13,Liga China
Vct 2025 China Stage 2,guang,NOVA,"Waylay, Killjoy, Vyse",299,0.97,204.2,1.03,72,131.7,0.72,0.13,0.09,0.06,0.25,0.0,0,23,216,209,38,28,19,Liga China
Vct 2025 China Stage 2,cb,NOVA,"Fade, Gekko, Sova",299,0.97,189.4,0.94,71,127.3,0.67,0.26,0.11,0.13,0.28,0.0,0,34,201,214,79,34,40,Liga China
Vct 2025 China Stage 2,hanche,AG,"Viper, Killjoy, Cypher",359,0.96,174.6,0.94,70,123.6,0.6,0.25,0.09,0.08,0.26,0.0,0,25,216,231,91,32,29,Liga China
Vct 2025 China Stage 2,chichoo,EDG,"Cypher, Viper, Killjoy",546,0.96,176.2,0.99,71,118.5,0.63,0.21,0.07,0.08,0.28,0.0,0,24,344,349,113,36,45,Liga China
Vct 2025 China Stage 2,berlin,FPX,"Omen, Breach, Brimstone",312,0.96,166.9,0.85,72,106.9,0.57,0.36,0.06,0.11,0.28,0.0,0,19,178,209,112,17,29,Liga China
Vct 2025 China Stage 2,ninebody,TYL,"Neon, Vyse, Cypher",345,0.96,200.5,0.99,67,131.3,0.69,0.21,0.12,0.1,0.28,0.0,0,20,237,240,71,42,34,Liga China
Vct 2025 China Stage 2,lucas,TEC,"Fade, Sova",232,0.96,182.8,0.91,69,121.4,0.64,0.24,0.11,0.09,0.28,0.0,0,21,148,162,55,25,20,Liga China
Vct 2025 China Stage 2,lysoar,WOL,"Cypher, Omen, Vyse",258,0.96,200.4,0.95,70,130.4,0.72,0.23,0.06,0.06,0.27,0.0,0,25,187,197,60,15,15,Liga China
Vct 2025 China Stage 2,fengf,TE,"Viper, Cypher, Yoru",333,0.95,183.5,0.92,70,120.4,0.64,0.23,0.11,0.12,0.28,0.0,0,21,213,232,75,38,41,Liga China
Vct 2025 China Stage 2,jkuro,JDG,"Viper, Omen",308,0.94,183.1,0.91,69,116.3,0.67,0.31,0.08,0.11,0.32,0.0,0,21,205,226,95,26,34,Liga China
Vct 2025 China Stage 2,coconut,XLG,"Omen, Gekko, Viper",397,0.94,166.1,0.91,73,112.2,0.59,0.44,0.06,0.08,0.28,0.0,0,20,233,256,174,19,24,Liga China
Vct 2025 China Stage 2,sword9,TYL,"Omen, Fade, Sova",345,0.93,171.1,0.92,73,115.9,0.62,0.3,0.05,0.07,0.26,0.0,0,23,213,232,102,18,25,Liga China
Vct 2025 China Stage 2,levius,BLG,"Viper, Vyse, Cypher",543,0.91,176.9,0.91,71,119.3,0.61,0.24,0.06,0.1,0.24,0.0,0,26,329,362,133,35,53,Liga China
Vct 2025 China Stage 2,luok1ng,TE,"Harbor, Omen, Brimstone",333,0.9,174.3,0.84,74,108.1,0.6,0.43,0.11,0.06,0.31,0.0,0,23,200,237,143,35,21,Liga China
Vct 2025 China Stage 2,delb,AG,"Deadlock, Vyse, Killjoy",411,0.9,178.0,0.97,74,112.4,0.66,0.28,0.07,0.08,0.36,0.0,0,21,270,277,117,26,28,Liga China
Vct 2025 China Stage 2,swerl,NOVA,"Raze, Jett, Neon",299,0.89,197.1,0.94,69,131.9,0.71,0.18,0.14,0.15,0.27,0.0,0,24,212,226,53,42,44,Liga China
Vct 2025 China Stage 2,yoyo,TYL,"Fade, Sova, Raze",345,0.89,185.2,0.88,71,125.5,0.63,0.29,0.07,0.06,0.27,0.0,0,21,216,246,101,23,22,Liga China
Vct 2025 China Stage 2,siufatbb,WOL,"Sova, Fade, Astra",258,0.88,148.9,0.75,66,103.4,0.52,0.32,0.02,0.09,0.29,0.0,0,23,135,181,82,5,22,Liga China
Vct 2025 China Stage 2,monk,NOVA,"Vyse, Kayo, Viper",124,0.87,167.7,0.72,64,108.4,0.55,0.39,0.06,0.08,0.24,0.0,0,15,68,94,48,8,10,Liga China
Vct 2025 China Stage 2,z1yan,JDG,"Sage, Vyse, Killjoy",308,0.86,181.0,0.88,69,114.8,0.64,0.21,0.09,0.09,0.36,0.0,0,22,197,225,64,27,28,Liga China
Vct 2025 China Stage 2,akeman,DRG,"Neon, Clove, Cypher",578,0.84,193.1,0.85,66,127.2,0.66,0.25,0.12,0.16,0.27,0.0,0,25,380,447,146,69,91,Liga China
Vct 2025 China Stage 2,babyblue,JDG,"Sova, Fade",308,0.82,154.5,0.76,69,104.9,0.54,0.27,0.05,0.05,0.29,0.0,0,18,165,218,83,14,15,Liga China
Vct 2025 China Stage 2,tvirusluke,TEC,"Neon, Jett, Raze",232,0.81,184.7,0.84,62,124.1,0.66,0.16,0.13,0.2,0.24,0.0,0,26,152,180,38,30,46,Liga China
Vct 2025 China Stage 2,biank,TE,"Sova, Fade",333,0.8,162.1,0.73,68,109.9,0.53,0.31,0.04,0.09,0.21,0.0,0,17,177,241,104,14,30,Liga China
Vct 2025 China Stage 2,yuicaw,WOL,"Raze, Cypher, Killjoy",258,0.8,156.7,0.67,66,109.9,0.53,0.31,0.07,0.13,0.32,0.0,0,21,136,202,80,19,33,Liga China
Vct 2025 China Stage 2,juicy,WOL,"Yoru, Waylay, Jett",258,0.8,174.8,0.78,66,112.3,0.62,0.19,0.16,0.17,0.24,0.0,0,19,159,203,50,40,45,Liga China
Vct 2025 China Stage 2,kklin,JDG,"Killjoy, Viper, Vyse",308,0.77,162.5,0.73,61,110.0,0.56,0.19,0.07,0.09,0.28,0.0,0,20,171,233,58,21,28,Liga China
Vct 2025 China Stage 2,zjc,EDG,"Breach, Kayo, Fade",102,0.76,158.8,0.68,70,101.6,0.54,0.41,0.07,0.06,0.37,0.0,0,14,55,81,42,7,6,Liga China
Vct 2025 China Stage 2,o0o0o,NOVA,"Viper, Fade, Kayo",175,0.73,138.8,0.69,73,90.1,0.47,0.32,0.06,0.07,0.3,0.0,0,13,83,120,56,11,13,Liga China
Vct 2025 China Stage 2,xiyiji,AG,"Sova, Fade",52,0.0,118.0,0.62,0,0.0,0.44,0.15,0.0,0.0,0.0,0.0,0,10,23,37,8,0,0,Liga China
Vct 2025 China Stage 1,slowly,TYL,"Breach, Tejo, Kayo",281,1.37,250.4,1.32,79,164.8,0.89,0.35,0.08,0.05,0.3,0.0,0,28,249,188,99,14,10,Liga China
Vct 2025 China Stage 1,rarga,XLG,"Yoru, Waylay, Neon",509,1.25,260.0,1.29,73,168.8,0.91,0.17,0.21,0.18,0.33,0.0,0,35,465,360,89,76,65,Liga China
Vct 2025 China Stage 1,whzy,BLG,"Neon, Jett, Yoru",577,1.21,264.4,1.28,73,166.9,0.93,0.23,0.2,0.14,0.26,0.0,0,29,538,421,130,97,66,Liga China
Vct 2025 China Stage 1,smoggy,EDG,"Brimstone, Omen, Viper",424,1.19,203.1,1.15,74,132.1,0.72,0.41,0.06,0.04,0.33,0.0,0,27,307,267,175,20,14,Liga China
Vct 2025 China Stage 1,vo0kashu,DRG,"Cypher, Viper, Vyse",409,1.17,236.6,1.29,72,151.1,0.87,0.23,0.08,0.08,0.31,0.0,0,30,356,277,94,30,30,Liga China
Vct 2025 China Stage 1,kai,TE,"Neon, Yoru, Jett",349,1.17,244.6,1.24,73,154.7,0.88,0.19,0.25,0.12,0.27,0.0,0,34,308,249,68,52,24,Liga China
Vct 2025 China Stage 1,rushia,BLG,"Astra, Harbor, Brimstone",577,1.13,200.0,1.07,78,129.1,0.71,0.48,0.11,0.09,0.24,0.0,0,28,410,383,275,55,45,Liga China
Vct 2025 China Stage 1,scales,TYL,"Breach, Viper",63,1.12,210.3,1.18,76,142.9,0.75,0.46,0.14,0.17,0.42,0.0,0,22,47,40,29,9,11,Liga China
Vct 2025 China Stage 1,chichoo,EDG,"Cypher, Vyse, Killjoy",424,1.11,207.8,1.11,74,141.8,0.74,0.22,0.07,0.05,0.29,0.0,0,28,313,283,94,23,16,Liga China
Vct 2025 China Stage 1,knight,BLG,"Tejo, Sova, Fade",577,1.09,196.1,1.06,75,136.1,0.68,0.3,0.07,0.09,0.22,0.0,0,26,395,373,175,35,42,Liga China
Vct 2025 China Stage 1,rb,TEC,"Tejo, Neon, Fade",382,1.08,197.9,1.03,71,131.8,0.73,0.28,0.07,0.06,0.29,0.0,0,29,277,269,108,23,18,Liga China
Vct 2025 China Stage 1,stew,JDG,"Yoru, Iso, Waylay",257,1.08,217.9,1.05,72,140.4,0.77,0.23,0.18,0.18,0.28,0.0,0,24,198,188,59,31,31,Liga China
Vct 2025 China Stage 1,viva,XLG,"Tejo, Sova",509,1.08,182.6,1.09,73,124.4,0.64,0.24,0.05,0.06,0.25,0.0,0,20,328,301,120,17,22,Liga China
Vct 2025 China Stage 1,nephh,BLG,"Kayo, Viper, Breach",577,1.07,195.6,1.05,78,124.0,0.68,0.43,0.07,0.08,0.27,0.0,0,21,394,377,249,33,37,Liga China
Vct 2025 China Stage 1,yuicaw,WOL,"Chamber, Breach, Kayo",464,1.07,201.3,1.07,74,131.2,0.72,0.36,0.09,0.09,0.34,0.0,0,27,336,313,166,28,30,Liga China
Vct 2025 China Stage 1,yosemite,FPX,"Viper, Vyse",224,1.06,233.1,1.28,67,136.1,0.83,0.27,0.1,0.08,0.36,0.0,0,22,185,145,61,11,9,Liga China
Vct 2025 China Stage 1,zmjjkk,EDG,"Waylay, Jett, Yoru",424,1.06,258.4,1.16,72,159.8,0.91,0.24,0.19,0.18,0.25,0.0,0,29,386,332,102,62,59,Liga China
Vct 2025 China Stage 1,ezeir,NOVA,"Tejo, Astra, Omen",302,1.06,213.1,1.03,72,132.0,0.75,0.37,0.07,0.11,0.23,0.0,0,25,228,221,112,12,20,Liga China
Vct 2025 China Stage 1,flex1n,DRG,"Brimstone, Omen, Astra",409,1.06,214.9,1.04,73,132.2,0.74,0.47,0.08,0.09,0.27,0.0,0,27,303,291,191,29,32,Liga China
Vct 2025 China Stage 1,coconut,XLG,"Vyse, Gekko, Breach",509,1.05,176.2,0.98,78,118.6,0.63,0.38,0.04,0.07,0.31,0.0,0,26,322,327,191,13,26,Liga China
Vct 2025 China Stage 1,you,XLG,"Fade, Killjoy, Brimstone",509,1.05,186.3,1.01,76,120.0,0.65,0.4,0.07,0.06,0.28,0.0,0,23,331,327,202,26,22,Liga China
Vct 2025 China Stage 1,lysoar,WOL,"Deadlock, Cypher, Killjoy",464,1.05,194.2,0.97,74,140.9,0.7,0.27,0.1,0.07,0.31,0.0,0,23,323,333,123,33,23,Liga China
Vct 2025 China Stage 1,ninebody,TYL,"Waylay, Cypher, Yoru",281,1.04,206.3,0.99,71,139.2,0.72,0.2,0.14,0.18,0.24,0.0,0,30,203,205,57,26,33,Liga China
Vct 2025 China Stage 1,happywei,XLG,"Astra, Viper, Vyse",509,1.02,223.4,1.08,72,139.8,0.76,0.31,0.14,0.12,0.32,0.0,0,25,386,358,157,49,43,Liga China
Vct 2025 China Stage 1,k1ra,AG,"Astra, Omen, Brimstone",242,1.01,214.8,0.98,75,129.0,0.75,0.36,0.07,0.07,0.25,0.0,0,24,182,186,88,7,7,Liga China
Vct 2025 China Stage 1,coco,TEC,"Gekko, Sova, Breach",382,1.01,208.3,1.03,74,134.8,0.71,0.33,0.04,0.05,0.32,0.0,0,24,272,263,125,12,14,Liga China
Vct 2025 China Stage 1,autumn,FPX,"Vyse, Viper, Cypher",224,1.0,196.4,0.98,68,138.9,0.69,0.22,0.14,0.08,0.34,0.0,0,32,155,158,50,15,9,Liga China
Vct 2025 China Stage 1,heybay,TE,"Killjoy, Viper, Vyse",349,1.0,211.8,1.15,73,128.6,0.74,0.28,0.07,0.08,0.23,0.0,0,28,260,227,97,15,16,Liga China
Vct 2025 China Stage 1,abo,TEC,"Deadlock, Vyse, Cypher",382,0.99,191.3,0.98,68,126.3,0.69,0.28,0.11,0.11,0.37,0.0,0,24,262,267,106,33,34,Liga China
Vct 2025 China Stage 1,z1yan,JDG,"Vyse, Cypher, Viper",257,0.98,190.2,0.96,68,136.9,0.67,0.16,0.07,0.1,0.37,0.0,0,22,173,180,41,12,16,Liga China
Vct 2025 China Stage 1,levius,BLG,"Vyse, Killjoy, Cypher",577,0.98,179.4,1.02,69,114.2,0.64,0.24,0.08,0.07,0.24,0.0,0,22,368,361,140,37,34,Liga China
Vct 2025 China Stage 1,juicy,WOL,"Yoru, Raze, Reyna",464,0.98,223.6,1.01,67,142.4,0.77,0.26,0.17,0.19,0.29,0.0,0,26,359,355,119,55,62,Liga China
Vct 2025 China Stage 1,guang,NOVA,"Cypher, Raze, Killjoy",302,0.97,195.3,0.91,71,131.4,0.71,0.2,0.08,0.12,0.29,0.0,0,22,214,234,60,15,22,Liga China
Vct 2025 China Stage 1,tvirusluke,TEC,"Waylay, Raze, Jett",382,0.97,227.2,1.02,68,145.6,0.77,0.14,0.26,0.19,0.26,0.0,0,25,296,289,53,81,60,Liga China
Vct 2025 China Stage 1,babyblue,JDG,"Tejo, Yoru, Fade",257,0.97,207.7,1.0,69,133.6,0.72,0.25,0.12,0.12,0.34,0.0,0,21,185,185,63,20,20,Liga China
Vct 2025 China Stage 1,spring,WOL,"Astra, Omen, Brimstone",464,0.96,213.1,1.05,69,134.7,0.74,0.39,0.1,0.1,0.28,0.0,0,27,345,330,180,32,32,Liga China
Vct 2025 China Stage 1,luok1ng,TE,"Astra, Omen, Brimstone",349,0.95,202.9,1.13,72,122.7,0.74,0.41,0.08,0.08,0.3,0.0,0,23,260,231,142,16,16,Liga China
Vct 2025 China Stage 1,aaaay,FPX,"Gekko, Omen, Astra",224,0.94,197.0,1.08,68,126.1,0.72,0.32,0.06,0.05,0.34,0.0,0,20,162,150,72,7,5,Liga China
Vct 2025 China Stage 1,jkuro,JDG,"Astra, Omen, Viper",257,0.94,185.2,0.91,73,117.9,0.64,0.38,0.08,0.08,0.29,0.0,0,19,165,182,98,14,13,Liga China
Vct 2025 China Stage 1,nicc,DRG,"Breach, Kayo, Fade",409,0.93,181.0,0.81,76,118.7,0.59,0.55,0.05,0.06,0.27,0.0,0,21,240,295,223,17,23,Liga China
Vct 2025 China Stage 1,cb,NOVA,"Neon, Deadlock, Tejo",302,0.93,205.3,0.94,67,135.8,0.72,0.19,0.13,0.16,0.22,0.0,0,25,218,232,56,23,29,Liga China
Vct 2025 China Stage 1,mrcani,JDG,"Fade, Sova, Gekko",257,0.92,159.3,0.82,71,104.3,0.57,0.3,0.04,0.03,0.43,0.0,0,21,147,180,76,6,5,Liga China
Vct 2025 China Stage 1,haodong,TEC,"Viper, Omen, Brimstone",382,0.92,190.8,0.92,72,119.5,0.63,0.41,0.05,0.06,0.27,0.0,0,20,240,260,155,14,19,Liga China
Vct 2025 China Stage 1,zjc,TYL,"Tejo, Sova, Fade",281,0.92,172.6,0.86,68,124.3,0.62,0.23,0.11,0.09,0.28,0.0,0,20,174,203,64,20,17,Liga China
Vct 2025 China Stage 1,spiritz1,DRG,"Yoru, Jett, Raze",409,0.91,212.5,0.98,71,139.4,0.76,0.17,0.19,0.2,0.35,0.0,0,34,312,318,71,69,74,Liga China
Vct 2025 China Stage 1,fengf,TE,"Yoru, Tejo, Vyse",224,0.9,178.3,0.88,74,115.0,0.62,0.25,0.09,0.08,0.26,0.0,0,19,139,158,57,10,9,Liga China
Vct 2025 China Stage 1,bai,AG,"Yoru, Neon",102,0.9,196.8,0.8,65,137.9,0.66,0.14,0.13,0.27,0.3,0.0,0,20,67,84,14,8,17,Liga China
Vct 2025 China Stage 1,biank,TE,"Tejo, Breach, Cypher",349,0.89,169.1,0.83,67,109.1,0.58,0.37,0.06,0.11,0.26,0.0,0,19,203,246,129,13,22,Liga China
Vct 2025 China Stage 1,waituu,TYL,"Brimstone, Omen, Astra",281,0.89,166.2,0.8,75,102.9,0.58,0.34,0.06,0.03,0.24,0.0,0,17,164,204,96,11,6,Liga China
Vct 2025 China Stage 1,midi,TE,Tejo,125,0.88,163.7,0.86,68,119.4,0.58,0.24,0.05,0.06,0.32,0.0,0,15,73,85,30,5,6,Liga China
Vct 2025 China Stage 1,nobody,EDG,"Tejo, Sova, Fade",424,0.88,177.5,0.9,71,116.5,0.62,0.25,0.1,0.09,0.26,0.0,0,21,263,293,105,32,28,Liga China
Vct 2025 China Stage 1,obone,NOVA,"Brimstone, Vyse, Yoru",302,0.88,166.2,0.84,66,115.0,0.6,0.25,0.07,0.13,0.23,0.0,0,23,182,217,75,12,23,Liga China
Vct 2025 China Stage 1,siufatbb,WOL,"Fade, Tejo, Sova",464,0.85,159.7,0.86,68,106.8,0.56,0.25,0.03,0.08,0.25,0.0,0,22,259,300,115,11,25,Liga China
Vct 2025 China Stage 1,jieni7,EDG,"Kayo, Deadlock, Yoru",340,0.83,177.1,0.82,72,114.2,0.63,0.36,0.1,0.11,0.27,0.0,0,21,213,259,124,32,35,Liga China
Vct 2025 China Stage 1,xii,FPX,"Kayo, Tejo",42,0.83,195.5,0.94,67,131.0,0.69,0.21,0.05,0.05,0.29,0.0,0,16,29,31,9,2,2,Liga China
Vct 2025 China Stage 1,5cm,TYL,"Vyse, Neon, Killjoy",218,0.83,164.7,0.73,69,121.7,0.55,0.23,0.11,0.11,0.2,0.0,0,21,119,164,50,14,14,Liga China
Vct 2025 China Stage 1,cangshu,DRG,"Fade, Tejo, Killjoy",409,0.82,158.0,0.79,69,111.4,0.55,0.3,0.07,0.1,0.27,0.0,0,23,226,286,124,25,38,Liga China
Vct 2025 China Stage 1,shr1mp,FPX,"Tejo, Fade, Breach",182,0.81,167.7,0.87,68,98.6,0.6,0.24,0.09,0.01,0.31,0.0,0,19,109,126,43,6,1,Liga China
Vct 2025 China Stage 1,o0o0o,NOVA,"Breach, Kayo, Skye",302,0.73,144.0,0.62,66,90.5,0.48,0.4,0.06,0.07,0.28,0.0,0,17,145,235,120,10,12,Liga China
Vct 2025 China Stage 1,lsn,AG,"Sova, Tejo, Breach",242,0.73,165.8,0.73,66,111.9,0.57,0.29,0.07,0.14,0.28,0.0,0,20,137,187,70,7,14,Liga China
Vct 2025 China Stage 1,player,AG,"Yoru, Breach",140,0.7,170.0,0.74,66,107.6,0.6,0.32,0.06,0.06,0.28,0.0,0,18,84,113,45,2,2,Liga China
Vct 2025 China Stage 1,hanche,AG,"Neon, Waylay, Killjoy",242,0.69,155.9,0.72,60,100.8,0.56,0.2,0.05,0.05,0.4,0.0,0,19,135,188,49,5,5,Liga China
Vct 2025 China Stage 1,life,FPX,"Jett, Neon, Yoru",224,0.68,197.8,0.93,59,101.5,0.7,0.21,0.15,0.24,0.31,0.0,0,25,156,168,48,17,27,Liga China
Vct 2025 China Stage 1,delb,AG,"Killjoy, Viper, Cypher",242,0.66,181.9,0.89,60,97.5,0.69,0.17,0.08,0.16,0.31,0.0,0,22,166,186,40,8,16,Liga China
Vct 2025 China Stage 1,s1mon,EDG,"Breach, Kayo",84,0.0,183.5,1.0,0,0.0,0.68,0.57,0.0,0.0,0.0,0.0,0,25,57,57,48,0,0,Liga China
Vct 2025 China Kickoff,rarga,XLG,"Neon, Raze, Jett",290,0.0,242.2,1.14,0,0.0,0.85,0.13,0.0,0.0,0.0,0.0,0,27,247,216,37,0,0,Liga China
Vct 2025 China Kickoff,autumn,FPX,"Omen, Vyse, Cypher",167,0.0,204.9,1.02,0,0.0,0.69,0.24,0.0,0.0,0.0,0.0,0,20,116,114,40,0,0,Liga China
Vct 2025 China Kickoff,k1ra,AG,"Jett, Raze, Omen",89,0.0,181.8,0.77,0,0.0,0.63,0.25,0.0,0.0,0.0,0.0,0,17,56,73,22,0,0,Liga China
Vct 2025 China Kickoff,lsn,AG,"Astra, Kayo, Sova",89,0.0,164.8,0.81,0,0.0,0.63,0.36,0.0,0.0,0.0,0.0,0,20,56,69,32,0,0,Liga China
Vct 2025 China Kickoff,swerl,NOVA,"Jett, Raze",186,0.0,219.8,1.08,0,0.0,0.76,0.18,0.0,0.0,0.0,0.0,0,28,142,132,33,0,0,Liga China
Vct 2025 China Kickoff,o0o0o,NOVA,"Kayo, Skye, Breach",186,0.0,143.9,0.69,0,0.0,0.49,0.44,0.0,0.0,0.0,0.0,0,15,92,134,81,0,0,Liga China
Vct 2025 China Kickoff,cb,NOVA,"Sova, Deadlock, Neon",186,0.0,214.9,1.05,0,0.0,0.75,0.32,0.0,0.0,0.0,0.0,0,24,139,133,59,0,0,Liga China
Vct 2025 China Kickoff,guang,NOVA,"Cypher, Vyse",186,0.0,225.3,1.3,0,0.0,0.84,0.15,0.0,0.0,0.0,0.0,0,25,156,120,28,0,0,Liga China
Vct 2025 China Kickoff,ezeir,NOVA,"Astra, Brimstone",186,0.0,223.4,1.07,0,0.0,0.74,0.49,0.0,0.0,0.0,0.0,0,21,137,128,91,0,0,Liga China
Vct 2025 China Kickoff,knight,BLG,"Sova, Fade, Cypher",244,0.0,192.2,1.0,0,0.0,0.67,0.3,0.0,0.0,0.0,0.0,0,20,164,164,74,0,0,Liga China
Vct 2025 China Kickoff,whzy,BLG,"Neon, Raze, Yoru",244,0.0,206.7,0.98,0,0.0,0.73,0.19,0.0,0.0,0.0,0.0,0,30,179,183,46,0,0,Liga China
Vct 2025 China Kickoff,nephh,BLG,"Viper, Omen, Skye",244,0.0,228.5,1.06,0,0.0,0.77,0.4,0.0,0.0,0.0,0.0,0,24,187,176,98,0,0,Liga China
Vct 2025 China Kickoff,levius,BLG,"Killjoy, Vyse, Viper",244,0.0,167.2,0.85,0,0.0,0.61,0.14,0.0,0.0,0.0,0.0,0,19,150,177,33,0,0,Liga China
Vct 2025 China Kickoff,rushia,BLG,"Omen, Harbor, Brimstone",244,0.0,163.2,0.86,0,0.0,0.59,0.35,0.0,0.0,0.0,0.0,0,21,145,169,85,0,0,Liga China
Vct 2025 China Kickoff,life,FPX,"Yoru, Phoenix, Raze",167,0.0,242.9,1.11,0,0.0,0.81,0.22,0.0,0.0,0.0,0.0,0,23,136,122,36,0,0,Liga China
Vct 2025 China Kickoff,delb,AG,"Yoru, Vyse, Cypher",89,0.0,210.4,1.01,0,0.0,0.79,0.1,0.0,0.0,0.0,0.0,0,23,70,69,9,0,0,Liga China
Vct 2025 China Kickoff,yosemite,FPX,"Viper, Clove",167,0.0,216.4,1.13,0,0.0,0.77,0.24,0.0,0.0,0.0,0.0,0,24,129,114,40,0,0,Liga China
Vct 2025 China Kickoff,berlin,FPX,"Astra, Kayo",167,0.0,155.1,0.75,0,0.0,0.51,0.41,0.0,0.0,0.0,0.0,0,17,85,113,69,0,0,Liga China
Vct 2025 China Kickoff,aaaay,FPX,"Gekko, Fade, Sova",167,0.0,192.3,1.04,0,0.0,0.7,0.17,0.0,0.0,0.0,0.0,0,20,117,112,29,0,0,Liga China
Vct 2025 China Kickoff,biank,TE,"Sova, Fade",233,0.0,211.1,0.97,0,0.0,0.72,0.38,0.0,0.0,0.0,0.0,0,28,167,173,89,0,0,Liga China
Vct 2025 China Kickoff,luok1ng,TE,"Astra, Omen, Brimstone",233,0.0,201.4,1.13,0,0.0,0.73,0.53,0.0,0.0,0.0,0.0,0,31,171,151,123,0,0,Liga China
Vct 2025 China Kickoff,heybay,TE,"Killjoy, Kayo, Viper",233,0.0,197.4,1.02,0,0.0,0.69,0.35,0.0,0.0,0.0,0.0,0,25,160,157,81,0,0,Liga China
Vct 2025 China Kickoff,fengf,TE,"Yoru, Cypher, Raze",233,0.0,225.7,1.13,0,0.0,0.81,0.14,0.0,0.0,0.0,0.0,0,27,188,167,33,0,0,Liga China
Vct 2025 China Kickoff,kai,TE,"Neon, Jett, Vyse",233,0.0,207.8,1.04,0,0.0,0.75,0.23,0.0,0.0,0.0,0.0,0,27,174,167,53,0,0,Liga China
Vct 2025 China Kickoff,nobody,EDG,"Skye, Fade, Sova",333,0.0,205.9,1.2,0,0.0,0.76,0.22,0.0,0.0,0.0,0.0,0,37,252,210,74,0,0,Liga China
Vct 2025 China Kickoff,zmjjkk,EDG,"Raze, Neon, Jett",333,0.0,270.4,1.27,0,0.0,0.94,0.22,0.0,0.0,0.0,0.0,0,29,313,247,73,0,0,Liga China
Vct 2025 China Kickoff,smoggy,EDG,"Omen, Brimstone, Clove",333,0.0,212.2,1.21,0,0.0,0.78,0.4,0.0,0.0,0.0,0.0,0,28,261,215,132,0,0,Liga China
Vct 2025 China Kickoff,s1mon,EDG,"Tejo, Breach, Kayo",333,0.0,151.4,0.84,0,0.0,0.53,0.55,0.0,0.0,0.0,0.0,0,18,176,209,184,0,0,Liga China
Vct 2025 China Kickoff,chichoo,EDG,"Viper, Killjoy, Omen",333,0.0,209.3,1.18,0,0.0,0.76,0.27,0.0,0.0,0.0,0.0,0,28,252,213,91,0,0,Liga China
Vct 2025 China Kickoff,monk,AG,"Sova, Gekko, Harbor",89,0.0,167.0,0.63,0,0.0,0.52,0.4,0.0,0.0,0.0,0.0,0,12,46,73,36,0,0,Liga China
Vct 2025 China Kickoff,nizhaotzh,AG,"Omen, Brimstone",37,0.0,131.0,0.42,0,0.0,0.35,0.38,0.0,0.0,0.0,0.0,0,7,13,31,14,0,0,Liga China
Vct 2025 China Kickoff,happywei,XLG,"Omen, Cypher, Viper",290,0.0,239.4,1.32,0,0.0,0.85,0.35,0.0,0.0,0.0,0.0,0,25,246,186,101,0,0,Liga China
Vct 2025 China Kickoff,5cm,TYL,"Brimstone, Omen, Astra",89,0.0,160.8,0.71,0,0.0,0.53,0.38,0.0,0.0,0.0,0.0,0,15,47,66,34,0,0,Liga China
Vct 2025 China Kickoff,you,XLG,"Breach, Skye, Kayo",290,0.0,166.9,0.9,0,0.0,0.58,0.48,0.0,0.0,0.0,0.0,0,23,168,187,139,0,0,Liga China
Vct 2025 China Kickoff,coconut,XLG,"Sova, Omen, Brimstone",290,0.0,192.8,1.01,0,0.0,0.65,0.32,0.0,0.0,0.0,0.0,0,19,189,187,92,0,0,Liga China
Vct 2025 China Kickoff,viva,XLG,"Cypher, Viper, Omen",290,0.0,163.1,0.92,0,0.0,0.58,0.3,0.0,0.0,0.0,0.0,0,20,168,183,87,0,0,Liga China
Vct 2025 China Kickoff,spring,WOL,"Raze, Neon, Jett",110,0.0,225.8,1.02,0,0.0,0.76,0.15,0.0,0.0,0.0,0.0,0,29,84,82,17,0,0,Liga China
Vct 2025 China Kickoff,yuicaw,WOL,"Breach, Cypher, Kayo",110,0.0,180.4,0.8,0,0.0,0.6,0.35,0.0,0.0,0.0,0.0,0,22,66,82,38,0,0,Liga China
Vct 2025 China Kickoff,siufatbb,WOL,"Fade, Skye, Tejo",110,0.0,152.8,0.8,0,0.0,0.55,0.25,0.0,0.0,0.0,0.0,0,19,60,75,27,0,0,Liga China
Vct 2025 China Kickoff,lysoar,WOL,"Vyse, Killjoy, Cypher",110,0.0,198.6,0.8,0,0.0,0.65,0.2,0.0,0.0,0.0,0.0,0,20,71,89,22,0,0,Liga China
Vct 2025 China Kickoff,juicy,WOL,"Omen, Brimstone, Astra",110,0.0,186.6,0.94,0,0.0,0.66,0.41,0.0,0.0,0.0,0.0,0,19,73,78,45,0,0,Liga China
Vct 2025 China Kickoff,ninebody,TYL,"Killjoy, Jett, Cypher",89,0.0,193.3,0.92,0,0.0,0.66,0.2,0.0,0.0,0.0,0.0,0,20,59,64,18,0,0,Liga China
Vct 2025 China Kickoff,zjc,TYL,"Breach, Sova",89,0.0,203.3,0.85,0,0.0,0.64,0.33,0.0,0.0,0.0,0.0,0,17,57,67,29,0,0,Liga China
Vct 2025 China Kickoff,eren,TYL,"Raze, Yoru, Neon",89,0.0,165.5,0.81,0,0.0,0.62,0.24,0.0,0.0,0.0,0.0,0,17,55,68,21,0,0,Liga China
Vct 2025 China Kickoff,slowly,TYL,"Sova, Astra, Killjoy",89,0.0,225.8,1.19,0,0.0,0.83,0.26,0.0,0.0,0.0,0.0,0,23,74,62,23,0,0,Liga China
Vct 2025 China Kickoff,b1ack,TEC,"Breach, Kayo",148,0.0,189.6,0.93,0,0.0,0.64,0.54,0.0,0.0,0.0,0.0,0,24,94,101,80,0,0,Liga China
Vct 2025 China Kickoff,spiritz1,DRG,"Sova, Deadlock, Fade",283,0.0,179.1,0.89,0,0.0,0.65,0.24,0.0,0.0,0.0,0.0,0,23,185,208,69,0,0,Liga China
Vct 2025 China Kickoff,abo,TEC,"Killjoy, Cypher",148,0.0,188.7,0.9,0,0.0,0.69,0.11,0.0,0.0,0.0,0.0,0,23,102,113,16,0,0,Liga China
Vct 2025 China Kickoff,rb,TEC,"Fade, Sova, Tejo",148,0.0,194.0,0.94,0,0.0,0.67,0.26,0.0,0.0,0.0,0.0,0,25,99,105,39,0,0,Liga China
Vct 2025 China Kickoff,haodong,TEC,"Brimstone, Omen, Astra",148,0.0,198.3,1.03,0,0.0,0.69,0.51,0.0,0.0,0.0,0.0,0,20,102,99,75,0,0,Liga China
Vct 2025 China Kickoff,dynamite,TEC,"Raze, Jett, Neon",148,0.0,179.3,0.82,0,0.0,0.64,0.16,0.0,0.0,0.0,0.0,0,22,94,114,24,0,0,Liga China
Vct 2025 China Kickoff,stew,JDG,"Jett, Neon, Raze",162,0.0,250.5,1.4,0,0.0,0.91,0.16,0.0,0.0,0.0,0.0,0,28,148,106,26,0,0,Liga China
Vct 2025 China Kickoff,jkuro,JDG,"Yoru, Omen, Brimstone",162,0.0,201.6,0.89,0,0.0,0.67,0.4,0.0,0.0,0.0,0.0,0,19,108,122,65,0,0,Liga China
Vct 2025 China Kickoff,z1yan,JDG,"Astra, Cypher, Vyse",162,0.0,225.1,1.23,0,0.0,0.81,0.23,0.0,0.0,0.0,0.0,0,30,132,107,37,0,0,Liga China
Vct 2025 China Kickoff,mrcani,JDG,"Omen, Breach, Skye",162,0.0,131.3,0.61,0,0.0,0.46,0.29,0.0,0.0,0.0,0.0,0,15,75,123,47,0,0,Liga China
Vct 2025 China Kickoff,babyblue,JDG,"Sova, Deadlock, Tejo",162,0.0,185.3,0.91,0,0.0,0.66,0.21,0.0,0.0,0.0,0.0,0,19,107,118,34,0,0,Liga China
Vct 2025 China Kickoff,vo0kashu,DRG,"Omen, Cypher, Vyse",283,0.0,210.3,1.1,0,0.0,0.75,0.24,0.0,0.0,0.0,0.0,0,26,212,193,68,0,0,Liga China
Vct 2025 China Kickoff,flex1n,DRG,"Astra, Omen, Brimstone",283,0.0,195.9,1.03,0,0.0,0.7,0.39,0.0,0.0,0.0,0.0,0,20,199,193,111,0,0,Liga China
Vct 2025 China Kickoff,tvirusluke,DRG,"Jett, Raze",283,0.0,192.5,0.88,0,0.0,0.7,0.16,0.0,0.0,0.0,0.0,0,23,198,224,46,0,0,Liga China
Vct 2025 China Kickoff,nicc,DRG,"Kayo, Breach",283,0.0,193.8,0.98,0,0.0,0.67,0.58,0.0,0.0,0.0,0.0,0,20,191,195,165,0,0,Liga China
Vct 2025 China Kickoff,bunt,AG,"Vyse, Raze, Neon",52,0.0,121.7,0.49,0,0.0,0.38,0.29,0.0,0.0,0.0,0.0,0,9,20,41,15,0,0,Liga China
Champions Tour 2024 China Stage 2,abo,TEC,"Jett, Viper, Fade",269,0.0,212.5,1.07,0,141.5,0.77,0.19,0.16,0.17,0.0,0.0,0,28,208,194,52,42,46,Liga China
Champions Tour 2024 China Stage 2,autumn,FPX,"Cypher, Viper, Yoru",599,0.0,201.6,1.02,0,135.1,0.72,0.25,0.1,0.06,0.0,0.0,0,28,430,420,149,59,36,Liga China
Champions Tour 2024 China Stage 2,vo0kashu,DRG,"Cypher, Omen, Sova",193,0.0,252.0,1.33,0,162.8,0.93,0.27,0.15,0.06,0.0,0.0,0,30,180,135,52,28,12,Liga China
Champions Tour 2024 China Stage 2,shion7,DRG,"Sova, Killjoy",193,0.0,181.9,0.8,0,126.8,0.62,0.17,0.07,0.12,0.0,0.0,0,19,119,148,32,13,24,Liga China
Champions Tour 2024 China Stage 2,nizhaotzh,DRG,"Omen, Viper",193,0.0,155.3,0.78,0,103.0,0.54,0.47,0.04,0.08,0.0,0.0,0,20,105,135,91,8,15,Liga China
Champions Tour 2024 China Stage 2,o0o0o,NOVA,"Kayo, Viper, Breach",230,0.0,158.8,0.73,0,106.9,0.54,0.46,0.06,0.09,0.0,0.0,0,20,124,169,105,14,21,Liga China
Champions Tour 2024 China Stage 2,ezeir,NOVA,"Omen, Astra, Viper",230,0.0,184.0,0.93,0,118.1,0.64,0.35,0.05,0.09,0.0,0.0,0,21,147,158,81,12,20,Liga China
Champions Tour 2024 China Stage 2,cb,NOVA,"Sova, Fade, Phoenix",230,0.0,187.3,0.95,0,130.4,0.66,0.32,0.07,0.12,0.0,0.0,0,26,151,159,74,16,27,Liga China
Champions Tour 2024 China Stage 2,guang,NOVA,"Cypher, Killjoy, Chamber",230,0.0,209.0,1.1,0,146.3,0.78,0.23,0.13,0.08,0.0,0.0,0,28,179,162,52,30,18,Liga China
Champions Tour 2024 China Stage 2,swerl,NOVA,"Jett, Raze",230,0.0,222.6,0.97,0,143.5,0.77,0.16,0.13,0.19,0.0,0.0,0,22,176,182,36,30,44,Liga China
Champions Tour 2024 China Stage 2,aaaay,FPX,"Breach, Gekko, Sova",599,0.0,192.1,1.03,0,130.1,0.7,0.32,0.06,0.06,0.0,0.0,0,23,417,404,192,33,34,Liga China
Champions Tour 2024 China Stage 2,berlin,FPX,"Kayo, Astra, Viper",599,0.0,186.7,0.89,0,124.8,0.63,0.39,0.08,0.11,0.0,0.0,0,19,375,421,236,50,66,Liga China
Champions Tour 2024 China Stage 2,lysoar,FPX,"Omen, Killjoy, Cypher",599,0.0,196.6,1.03,0,129.3,0.68,0.37,0.05,0.05,0.0,0.0,0,25,408,398,220,32,30,Liga China
Champions Tour 2024 China Stage 2,life,FPX,"Jett, Raze, Yoru",599,0.0,217.7,1.0,0,136.3,0.75,0.14,0.22,0.22,0.0,0.0,0,26,450,449,82,129,130,Liga China
Champions Tour 2024 China Stage 2,nicc,DRG,"Kayo, Fade, Breach",193,0.0,172.1,0.84,0,116.2,0.59,0.49,0.04,0.11,0.0,0.0,0,18,114,136,94,7,21,Liga China
Champions Tour 2024 China Stage 2,fengf,TE,"Killjoy, Raze",493,0.0,217.4,1.09,0,150.5,0.77,0.18,0.14,0.12,0.0,0.0,0,30,382,350,91,69,61,Liga China
Champions Tour 2024 China Stage 2,heybay,TE,"Breach, Viper, Brimstone",493,0.0,166.2,0.83,0,108.5,0.58,0.43,0.06,0.06,0.0,0.0,0,25,288,345,214,30,28,Liga China
Champions Tour 2024 China Stage 2,kai,TE,"Jett, Killjoy, Cypher",493,0.0,220.1,1.12,0,142.4,0.81,0.19,0.15,0.13,0.0,0.0,0,28,399,355,94,75,62,Liga China
Champions Tour 2024 China Stage 2,luok1ng,TE,"Omen, Viper, Brimstone",493,0.0,179.3,0.91,0,113.3,0.64,0.38,0.06,0.07,0.0,0.0,0,22,316,348,185,29,34,Liga China
Champions Tour 2024 China Stage 2,biank,TE,"Sova, Fade, Skye",493,0.0,198.8,0.93,0,125.9,0.68,0.31,0.1,0.12,0.0,0.0,0,22,333,359,155,48,57,Liga China
Champions Tour 2024 China Stage 2,haodong,EDG,"Cypher, Fade, Kayo",66,0.0,123.3,0.53,0,82.1,0.39,0.38,0.06,0.12,0.0,0.0,0,11,26,49,25,4,8,Liga China
Champions Tour 2024 China Stage 2,zmjjkk,EDG,"Raze, Jett, Neon",394,0.0,259.4,1.25,0,162.8,0.91,0.22,0.21,0.19,0.0,0.0,0,30,359,288,88,82,74,Liga China
Champions Tour 2024 China Stage 2,nobody,EDG,"Skye, Sova, Gekko",394,0.0,203.2,0.99,0,136.3,0.7,0.32,0.1,0.11,0.0,0.0,0,21,274,278,128,38,42,Liga China
Champions Tour 2024 China Stage 2,chichoo,EDG,"Viper, Brimstone, Killjoy",394,0.0,203.6,1.16,0,131.6,0.75,0.28,0.05,0.06,0.0,0.0,0,21,295,254,110,19,23,Liga China
Champions Tour 2024 China Stage 2,smoggy,EDG,"Omen, Raze, Viper",394,0.0,201.1,1.09,0,135.2,0.71,0.31,0.08,0.11,0.0,0.0,0,21,279,257,122,33,42,Liga China
Champions Tour 2024 China Stage 2,eren,TYL,"Viper, Neon, Gekko",209,0.0,194.8,0.96,0,132.4,0.72,0.19,0.06,0.1,0.0,0.0,0,21,150,157,40,13,21,Liga China
Champions Tour 2024 China Stage 2,s1mon,EDG,"Breach, Fade, Kayo",328,0.0,173.4,1.0,0,115.6,0.64,0.41,0.04,0.05,0.0,0.0,0,20,210,211,135,13,16,Liga China
Champions Tour 2024 China Stage 2,tvirusluke,DRG,"Jett, Neon",193,0.0,225.6,0.9,0,146.7,0.73,0.26,0.2,0.14,0.0,0.0,0,24,140,156,50,38,27,Liga China
Champions Tour 2024 China Stage 2,siufatbb,WOL,"Breach, Gekko, Viper",197,0.0,160.9,0.98,0,107.4,0.58,0.35,0.04,0.04,0.0,0.0,0,18,114,116,68,7,8,Liga China
Champions Tour 2024 China Stage 2,kawaii,TEC,"Killjoy, Cypher",92,0.0,172.8,0.86,0,121.4,0.61,0.17,0.07,0.07,0.0,0.0,0,18,56,65,16,6,6,Liga China
Champions Tour 2024 China Stage 2,sword9,AG,"Gekko, Sova, Fade",263,0.0,185.8,0.92,0,119.9,0.64,0.26,0.06,0.11,0.0,0.0,0,18,169,184,68,15,29,Liga China
Champions Tour 2024 China Stage 2,lockm,TEC,"Sova, Fade, Breach",269,0.0,163.2,0.83,0,110.8,0.56,0.32,0.04,0.06,0.0,0.0,0,20,150,180,86,10,16,Liga China
Champions Tour 2024 China Stage 2,rb,TEC,"Kayo, Raze, Neon",269,0.0,227.7,0.99,0,147.3,0.78,0.23,0.13,0.18,0.0,0.0,0,30,211,214,63,35,49,Liga China
Champions Tour 2024 China Stage 2,ac,TEC,"Viper, Omen, Brimstone",269,0.0,210.2,1.08,0,133.4,0.74,0.43,0.06,0.07,0.0,0.0,0,21,199,185,117,16,19,Liga China
Champions Tour 2024 China Stage 2,stew,JDG,"Jett, Raze, Neon",267,0.0,230.5,1.36,0,151.8,0.85,0.13,0.16,0.15,0.0,0.0,0,27,226,166,34,42,41,Liga China
Champions Tour 2024 China Stage 2,viva,JDG,"Viper, Sova, Gekko",267,0.0,218.2,1.31,0,140.0,0.77,0.28,0.09,0.06,0.0,0.0,0,21,206,157,76,25,15,Liga China
Champions Tour 2024 China Stage 2,jkuro,JDG,"Killjoy, Cypher",267,0.0,175.7,0.86,0,119.8,0.62,0.23,0.12,0.1,0.0,0.0,0,22,166,192,61,31,28,Liga China
Champions Tour 2024 China Stage 2,z1yan,JDG,"Kayo, Omen, Viper",267,0.0,212.2,1.09,0,136.6,0.75,0.37,0.09,0.07,0.0,0.0,0,22,200,184,99,25,19,Liga China
Champions Tour 2024 China Stage 2,yhchen,JDG,"Deadlock, Fade, Omen",267,0.0,203.2,1.02,0,127.9,0.69,0.37,0.08,0.07,0.0,0.0,0,19,183,179,99,21,20,Liga China
Champions Tour 2024 China Stage 2,bunt,AG,"Omen, Viper",263,0.0,182.0,0.96,0,117.6,0.65,0.34,0.09,0.07,0.0,0.0,0,20,171,179,90,23,18,Liga China
Champions Tour 2024 China Stage 2,monk,AG,"Breach, Kayo, Deadlock",263,0.0,194.5,0.88,0,125.9,0.66,0.51,0.07,0.05,0.0,0.0,0,22,173,196,133,18,13,Liga China
Champions Tour 2024 China Stage 2,delb,AG,"Cypher, Killjoy",263,0.0,182.0,1.01,0,122.3,0.68,0.17,0.06,0.06,0.0,0.0,0,22,179,177,46,16,15,Liga China
Champions Tour 2024 China Stage 2,spitfires,AG,"Raze, Jett",263,0.0,229.1,1.03,0,149.0,0.8,0.14,0.25,0.18,0.0,0.0,0,25,210,203,37,67,48,Liga China
Champions Tour 2024 China Stage 2,ninebody,TYL,"Gekko, Jett, Raze",249,0.0,251.6,1.19,0,165.3,0.87,0.24,0.21,0.15,0.0,0.0,0,26,217,183,59,53,37,Liga China
Champions Tour 2024 China Stage 2,yuicaw,WOL,"Gekko, Brimstone, Cypher",197,0.0,254.0,1.29,0,167.5,0.92,0.38,0.14,0.07,0.0,0.0,0,28,181,140,74,27,14,Liga China
Champions Tour 2024 China Stage 2,aak,TYL,Viper,40,0.0,162.5,0.68,0,109.0,0.53,0.18,0.05,0.13,0.0,0.0,0,14,21,31,7,2,5,Liga China
Champions Tour 2024 China Stage 2,scales,TYL,"Kayo, Skye, Breach",249,0.0,164.7,0.77,0,109.4,0.56,0.51,0.08,0.09,0.0,0.0,0,21,140,182,126,19,22,Liga China
Champions Tour 2024 China Stage 2,zjc,TYL,"Sage, Killjoy, Cypher",249,0.0,186.2,0.93,0,131.1,0.65,0.23,0.07,0.11,0.0,0.0,0,22,163,176,58,17,27,Liga China
Champions Tour 2024 China Stage 2,coldfish,TYL,"Omen, Sova, Brimstone",249,0.0,182.3,0.93,0,118.9,0.65,0.31,0.08,0.05,0.0,0.0,0,20,161,174,77,19,12,Liga China
Champions Tour 2024 China Stage 2,whzy,BLG,"Chamber, Raze, Jett",370,0.0,225.5,1.06,0,146.2,0.8,0.21,0.21,0.17,0.0,0.0,0,26,296,278,77,77,63,Liga China
Champions Tour 2024 China Stage 2,knight,BLG,"Sage, Cypher, Sova",370,0.0,197.6,1.0,0,132.2,0.68,0.41,0.07,0.07,0.0,0.0,0,23,251,252,150,26,27,Liga China
Champions Tour 2024 China Stage 2,yosemite,BLG,"Raze, Viper, Killjoy",370,0.0,206.0,0.99,0,140.0,0.71,0.29,0.09,0.09,0.0,0.0,0,31,263,265,108,32,33,Liga China
Champions Tour 2024 China Stage 2,flex1n,BLG,"Omen, Brimstone, Harbor",370,0.0,187.1,1.05,0,118.0,0.65,0.5,0.06,0.08,0.0,0.0,0,23,241,229,185,22,31,Liga China
Champions Tour 2024 China Stage 2,nephh,BLG,"Gekko, Skye, Kayo",370,0.0,202.5,0.97,0,128.5,0.7,0.46,0.09,0.07,0.0,0.0,0,23,259,266,170,33,26,Liga China
Champions Tour 2024 China Stage 2,pl1xx,WOL,"Sage, Fade, Yoru",197,0.0,194.9,0.94,0,127.7,0.66,0.4,0.07,0.07,0.0,0.0,0,18,130,139,79,14,13,Liga China
Champions Tour 2024 China Stage 2,spring,WOL,"Raze, Jett, Killjoy",197,0.0,233.7,1.01,0,157.0,0.79,0.23,0.21,0.23,0.0,0.0,0,25,155,153,45,42,45,Liga China
Champions Tour 2024 China Stage 2,balua,WOL,"Omen, Viper, Killjoy",197,0.0,189.4,1.0,0,121.5,0.7,0.24,0.08,0.06,0.0,0.0,0,23,137,137,48,15,12,Liga China
Champions Tour 2024 China Stage 2,b1ack,TEC,"Skye, Kayo, Breach",177,0.0,194.5,1.02,0,118.2,0.68,0.41,0.07,0.06,0.0,0.0,0,19,121,119,73,12,11,Liga China
Champions Tour 2024 China Stage 1,whzy,BLG,"Yoru, Jett, Raze",304,0.0,246.8,1.14,0,0.0,0.86,0.21,0.0,0.0,0.0,0.0,0,24,261,228,63,0,0,Liga China
Champions Tour 2024 China Stage 1,cb,NOVA,"Fade, Sova, Skye",337,0.0,205.7,0.96,0,0.0,0.69,0.31,0.0,0.0,0.0,0.0,0,24,232,242,104,0,0,Liga China
Champions Tour 2024 China Stage 1,nobody,EDG,"Sova, Skye, Gekko",538,0.0,202.8,1.1,0,0.0,0.74,0.28,0.0,0.0,0.0,0.0,0,28,396,359,149,0,0,Liga China
Champions Tour 2024 China Stage 1,chichoo,EDG,"Killjoy, Brimstone, Viper",538,0.0,193.3,1.12,0,0.0,0.72,0.24,0.0,0.0,0.0,0.0,0,26,387,347,130,0,0,Liga China
Champions Tour 2024 China Stage 1,smoggy,EDG,"Jett, Raze, Omen",538,0.0,202.0,1.2,0,0.0,0.74,0.36,0.0,0.0,0.0,0.0,0,24,398,333,191,0,0,Liga China
Champions Tour 2024 China Stage 1,stew,JDG,"Jett, Raze",267,0.0,206.0,0.98,0,0.0,0.72,0.21,0.0,0.0,0.0,0.0,0,22,191,195,55,0,0,Liga China
Champions Tour 2024 China Stage 1,viva,JDG,"Sova, Skye, Jett",267,0.0,216.5,1.16,0,0.0,0.75,0.28,0.0,0.0,0.0,0.0,0,23,201,173,76,0,0,Liga China
Champions Tour 2024 China Stage 1,yhchen,JDG,"Kayo, Gekko, Skye",267,0.0,180.8,0.88,0,0.0,0.62,0.36,0.0,0.0,0.0,0.0,0,19,165,188,97,0,0,Liga China
Champions Tour 2024 China Stage 1,yihao,JDG,"Omen, Brimstone",124,0.0,159.7,0.84,0,0.0,0.55,0.47,0.0,0.0,0.0,0.0,0,16,68,81,58,0,0,Liga China
Champions Tour 2024 China Stage 1,mart1n,JDG,"Killjoy, Viper",267,0.0,194.7,0.94,0,0.0,0.66,0.24,0.0,0.0,0.0,0.0,0,21,176,187,64,0,0,Liga China
Champions Tour 2024 China Stage 1,swerl,NOVA,"Raze, Jett, Killjoy",337,0.0,241.7,1.09,0,0.0,0.82,0.24,0.0,0.0,0.0,0.0,0,28,277,253,81,0,0,Liga China
Champions Tour 2024 China Stage 1,o0o0o,NOVA,"Viper, Breach, Kayo",337,0.0,159.3,0.74,0,0.0,0.54,0.34,0.0,0.0,0.0,0.0,0,19,183,246,113,0,0,Liga China
Champions Tour 2024 China Stage 1,obone,NOVA,"Omen, Viper, Astra",264,0.0,168.8,0.86,0,0.0,0.61,0.32,0.0,0.0,0.0,0.0,0,20,160,185,85,0,0,Liga China
Champions Tour 2024 China Stage 1,guang,NOVA,"Killjoy, Neon, Gekko",337,0.0,187.3,1.0,0,0.0,0.69,0.16,0.0,0.0,0.0,0.0,0,30,233,234,55,0,0,Liga China
Champions Tour 2024 China Stage 1,haodong,EDG,"Omen, Cypher, Gekko",538,0.0,158.2,0.83,0,0.0,0.56,0.36,0.0,0.0,0.0,0.0,0,20,299,359,193,0,0,Liga China
Champions Tour 2024 China Stage 1,fengf,TE,"Raze, Sova, Cypher",391,0.0,243.5,1.16,0,0.0,0.83,0.19,0.0,0.0,0.0,0.0,0,24,323,278,76,0,0,Liga China
Champions Tour 2024 China Stage 1,luok1ng,TE,"Omen, Viper",391,0.0,193.8,0.93,0,0.0,0.67,0.38,0.0,0.0,0.0,0.0,0,21,261,280,148,0,0,Liga China
Champions Tour 2024 China Stage 1,you,TE,"Fade, Killjoy, Skye",391,0.0,184.2,0.97,0,0.0,0.65,0.3,0.0,0.0,0.0,0.0,0,21,254,262,119,0,0,Liga China
Champions Tour 2024 China Stage 1,heybay,TE,"Viper, Kayo, Yoru",391,0.0,186.0,0.9,0,0.0,0.64,0.38,0.0,0.0,0.0,0.0,0,22,250,279,148,0,0,Liga China
Champions Tour 2024 China Stage 1,kai,TE,"Killjoy, Jett, Cypher",391,0.0,207.5,1.12,0,0.0,0.76,0.21,0.0,0.0,0.0,0.0,0,25,299,268,81,0,0,Liga China
Champions Tour 2024 China Stage 1,aaaay,FPX,"Fade, Gekko, Astra",412,0.0,197.1,1.12,0,0.0,0.74,0.23,0.0,0.0,0.0,0.0,0,23,305,272,95,0,0,Liga China
Champions Tour 2024 China Stage 1,berlin,FPX,"Omen, Astra, Sova",412,0.0,184.9,0.89,0,0.0,0.61,0.39,0.0,0.0,0.0,0.0,0,27,252,283,162,0,0,Liga China
Champions Tour 2024 China Stage 1,lysoar,FPX,"Killjoy, Omen, Viper",412,0.0,214.9,1.35,0,0.0,0.81,0.29,0.0,0.0,0.0,0.0,0,29,332,246,118,0,0,Liga China
Champions Tour 2024 China Stage 1,autumn,FPX,"Viper, Yoru, Jett",412,0.0,214.2,1.18,0,0.0,0.76,0.32,0.0,0.0,0.0,0.0,0,21,315,267,132,0,0,Liga China
Champions Tour 2024 China Stage 1,life,FPX,"Yoru, Raze, Jett",412,0.0,246.3,1.11,0,0.0,0.84,0.25,0.0,0.0,0.0,0.0,0,28,345,311,105,0,0,Liga China
Champions Tour 2024 China Stage 1,jkuro,JDG,"Yoru, Harbor, Brimstone",143,0.0,218.6,1.2,0,0.0,0.84,0.3,0.0,0.0,0.0,0.0,0,24,120,100,43,0,0,Liga China
Champions Tour 2024 China Stage 1,levius,BLG,"Fade, Skye, Killjoy",142,0.0,149.9,0.75,0,0.0,0.54,0.24,0.0,0.0,0.0,0.0,0,18,76,102,34,0,0,Liga China
Champions Tour 2024 China Stage 1,zmjjkk,EDG,"Kayo, Raze, Jett",538,0.0,282.7,1.35,0,0.0,0.98,0.24,0.0,0.0,0.0,0.0,0,30,529,391,127,0,0,Liga China
Champions Tour 2024 China Stage 1,spitfires,AG,"Raze, Cypher",313,0.0,215.4,0.99,0,0.0,0.75,0.15,0.0,0.0,0.0,0.0,0,27,235,238,48,0,0,Liga China
Champions Tour 2024 China Stage 1,biank,BLG,"Gekko, Sova, Fade",304,0.0,173.0,0.86,0,0.0,0.59,0.41,0.0,0.0,0.0,0.0,0,27,178,208,124,0,0,Liga China
Champions Tour 2024 China Stage 1,yuicaw,WOL,"Cypher, Yoru, Gekko",302,0.0,213.4,1.02,0,0.0,0.76,0.19,0.0,0.0,0.0,0.0,0,30,231,227,58,0,0,Liga China
Champions Tour 2024 China Stage 1,knight,BLG,"Cypher, Killjoy, Omen",304,0.0,197.3,1.05,0,0.0,0.7,0.22,0.0,0.0,0.0,0.0,0,22,213,203,68,0,0,Liga China
Champions Tour 2024 China Stage 1,yosemite,BLG,"Viper, Cypher",304,0.0,209.7,1.08,0,0.0,0.73,0.27,0.0,0.0,0.0,0.0,0,25,223,207,82,0,0,Liga China
Champions Tour 2024 China Stage 1,b3ar,BLG,"Brimstone, Harbor, Omen",162,0.0,137.6,0.72,0,0.0,0.48,0.4,0.0,0.0,0.0,0.0,0,12,77,107,64,0,0,Liga China
Champions Tour 2024 China Stage 1,eren,TYL,"Viper, Reyna, Sova",255,0.0,200.4,0.95,0,0.0,0.68,0.24,0.0,0.0,0.0,0.0,0,23,174,184,60,0,0,Liga China
Champions Tour 2024 China Stage 1,iceking,TYL,"Skye, Killjoy, Fade",255,0.0,158.5,0.75,0,0.0,0.55,0.4,0.0,0.0,0.0,0.0,0,17,141,188,101,0,0,Liga China
Champions Tour 2024 China Stage 1,aak,TYL,"Raze, Jett",255,0.0,228.8,1.12,0,0.0,0.8,0.18,0.0,0.0,0.0,0.0,0,24,205,183,45,0,0,Liga China
Champions Tour 2024 China Stage 1,flex1n,TYL,"Brimstone, Viper, Omen",255,0.0,192.9,1.04,0,0.0,0.66,0.42,0.0,0.0,0.0,0.0,0,22,168,161,106,0,0,Liga China
Champions Tour 2024 China Stage 1,zjc,TYL,"Cypher, Gekko, Killjoy",255,0.0,220.6,1.18,0,0.0,0.78,0.23,0.0,0.0,0.0,0.0,0,20,199,168,58,0,0,Liga China
Champions Tour 2024 China Stage 1,pl1xx,WOL,"Skye, Fade, Kayo",302,0.0,154.3,0.74,0,0.0,0.54,0.37,0.0,0.0,0.0,0.0,0,20,163,221,112,0,0,Liga China
Champions Tour 2024 China Stage 1,spring,WOL,"Raze, Jett",302,0.0,205.8,0.99,0,0.0,0.74,0.14,0.0,0.0,0.0,0.0,0,25,222,224,42,0,0,Liga China
Champions Tour 2024 China Stage 1,balua,WOL,"Omen, Viper, Killjoy",302,0.0,197.6,0.91,0,0.0,0.7,0.34,0.0,0.0,0.0,0.0,0,31,211,233,103,0,0,Liga China
Champions Tour 2024 China Stage 1,coldfish,WOL,"Viper, Sova, Cypher",302,0.0,188.9,0.88,0,0.0,0.61,0.33,0.0,0.0,0.0,0.0,0,24,183,209,101,0,0,Liga China
Champions Tour 2024 China Stage 1,rb,TEC,"Raze, Cypher, Yoru",260,0.0,219.1,1.08,0,0.0,0.77,0.28,0.0,0.0,0.0,0.0,0,33,201,186,73,0,0,Liga China
Champions Tour 2024 China Stage 1,delb,AG,"Killjoy, Cypher, Yoru",313,0.0,222.1,1.15,0,0.0,0.79,0.2,0.0,0.0,0.0,0.0,0,27,247,214,64,0,0,Liga China
Champions Tour 2024 China Stage 1,ac,TEC,"Omen, Viper, Killjoy",260,0.0,193.6,1.0,0,0.0,0.7,0.29,0.0,0.0,0.0,0.0,0,22,182,182,76,0,0,Liga China
Champions Tour 2024 China Stage 1,abo,TEC,"Viper, Raze, Jett",260,0.0,201.2,0.83,0,0.0,0.68,0.22,0.0,0.0,0.0,0.0,0,20,177,212,56,0,0,Liga China
Champions Tour 2024 China Stage 1,kawaii,TEC,"Cypher, Brimstone, Killjoy",260,0.0,175.4,0.84,0,0.0,0.61,0.22,0.0,0.0,0.0,0.0,0,24,158,187,56,0,0,Liga China
Champions Tour 2024 China Stage 1,lockm,TEC,"Skye, Fade, Sova",260,0.0,158.5,0.76,0,0.0,0.56,0.28,0.0,0.0,0.0,0.0,0,19,146,192,73,0,0,Liga China
Champions Tour 2024 China Stage 1,nicc,DRG,"Sova, Breach, Kayo",549,0.0,186.7,1.03,0,0.0,0.68,0.39,0.0,0.0,0.0,0.0,0,21,372,362,212,0,0,Liga China
Champions Tour 2024 China Stage 1,tvirusluke,DRG,"Jett, Yoru, Raze",549,0.0,212.9,0.87,0,0.0,0.7,0.2,0.0,0.0,0.0,0.0,0,25,386,442,109,0,0,Liga China
Champions Tour 2024 China Stage 1,vo0kashu,DRG,"Killjoy, Cypher",549,0.0,231.6,1.19,0,0.0,0.85,0.2,0.0,0.0,0.0,0.0,0,30,467,392,111,0,0,Liga China
Champions Tour 2024 China Stage 1,shion7,DRG,"Harbor, Sova, Omen",549,0.0,183.7,0.85,0,0.0,0.63,0.32,0.0,0.0,0.0,0.0,0,24,347,408,178,0,0,Liga China
Champions Tour 2024 China Stage 1,nizhaotzh,DRG,"Viper, Omen, Brimstone",549,0.0,179.9,0.95,0,0.0,0.64,0.32,0.0,0.0,0.0,0.0,0,21,351,371,176,0,0,Liga China
Champions Tour 2024 China Stage 1,sword9,AG,"Kayo, Sova, Fade",313,0.0,159.9,0.74,0,0.0,0.53,0.4,0.0,0.0,0.0,0.0,0,17,167,226,126,0,0,Liga China
Champions Tour 2024 China Stage 1,bunt,AG,"Viper, Omen, Brimstone",313,0.0,189.9,1.02,0,0.0,0.69,0.33,0.0,0.0,0.0,0.0,0,24,217,212,103,0,0,Liga China
Champions Tour 2024 China Stage 1,monk,AG,"Harbor, Breach, Viper",313,0.0,185.8,0.89,0,0.0,0.65,0.34,0.0,0.0,0.0,0.0,0,24,203,227,106,0,0,Liga China
Champions Tour 2024 China Stage 1,pangh,NOVA,Omen,73,0.0,180.0,0.72,0,0.0,0.56,0.34,0.0,0.0,0.0,0.0,0,18,41,57,25,0,0,Liga China
Champions Tour 2024 China Kickoff,fengf,TE,"Sova, Raze, Cypher",336,0.0,253.2,1.18,0,0.0,0.84,0.29,0.0,0.0,0.0,0.0,0,40,283,240,98,0,0,Liga China
Champions Tour 2024 China Kickoff,biank,BLG,"Sova, Fade, Skye",202,0.0,191.4,0.88,0,0.0,0.62,0.3,0.0,0.0,0.0,0.0,0,19,126,143,61,0,0,Liga China
Champions Tour 2024 China Kickoff,nicc,DRG,"Breach, Kayo, Gekko",151,0.0,195.9,1.04,0,0.0,0.71,0.44,0.0,0.0,0.0,0.0,0,21,107,103,67,0,0,Liga China
Champions Tour 2024 China Kickoff,tvirusluke,DRG,"Neon, Jett, Raze",151,0.0,205.9,0.79,0,0.0,0.66,0.2,0.0,0.0,0.0,0.0,0,21,99,126,30,0,0,Liga China
Champions Tour 2024 China Kickoff,vo0kashu,DRG,"Cypher, Killjoy",151,0.0,248.9,1.18,0,0.0,0.87,0.28,0.0,0.0,0.0,0.0,0,27,132,112,42,0,0,Liga China
Champions Tour 2024 China Kickoff,dingwei,DRG,"Sova, Skye, Viper",151,0.0,160.1,0.77,0,0.0,0.54,0.3,0.0,0.0,0.0,0.0,0,18,82,107,45,0,0,Liga China
Champions Tour 2024 China Kickoff,nizhaotzh,DRG,"Omen, Viper, Brimstone",151,0.0,192.1,1.06,0,0.0,0.72,0.38,0.0,0.0,0.0,0.0,0,22,108,102,57,0,0,Liga China
Champions Tour 2024 China Kickoff,sword9,AG,"Sova, Kayo",86,0.0,161.0,0.75,0,0.0,0.53,0.31,0.0,0.0,0.0,0.0,0,13,46,61,27,0,0,Liga China
Champions Tour 2024 China Kickoff,bunt,AG,"Omen, Viper",86,0.0,240.5,1.17,0,0.0,0.87,0.34,0.0,0.0,0.0,0.0,0,28,75,64,29,0,0,Liga China
Champions Tour 2024 China Kickoff,monk,AG,"Breach, Killjoy, Harbor",86,0.0,189.3,0.83,0,0.0,0.66,0.19,0.0,0.0,0.0,0.0,0,18,57,69,16,0,0,Liga China
Champions Tour 2024 China Kickoff,delb,AG,"Raze, Reyna",86,0.0,188.5,0.83,0,0.0,0.64,0.17,0.0,0.0,0.0,0.0,0,19,55,66,15,0,0,Liga China
Champions Tour 2024 China Kickoff,spitfires,AG,"Cypher, Jett, Killjoy",86,0.0,176.5,0.84,0,0.0,0.66,0.16,0.0,0.0,0.0,0.0,0,21,57,68,14,0,0,Liga China
Champions Tour 2024 China Kickoff,whzy,BLG,"Jett, Raze",202,0.0,244.8,1.15,0,0.0,0.85,0.19,0.0,0.0,0.0,0.0,0,25,172,149,38,0,0,Liga China
Champions Tour 2024 China Kickoff,knight,BLG,"Kayo, Killjoy, Breach",202,0.0,223.2,1.15,0,0.0,0.78,0.36,0.0,0.0,0.0,0.0,0,24,157,136,72,0,0,Liga China
Champions Tour 2024 China Kickoff,abo,TEC,"Raze, Jett",297,0.0,197.2,0.92,0,0.0,0.69,0.15,0.0,0.0,0.0,0.0,0,28,206,225,45,0,0,Liga China
Champions Tour 2024 China Kickoff,yosemite,BLG,"Killjoy, Viper, Cypher",202,0.0,222.3,1.2,0,0.0,0.77,0.3,0.0,0.0,0.0,0.0,0,28,156,130,60,0,0,Liga China
Champions Tour 2024 China Kickoff,b3ar,BLG,"Omen, Harbor, Brimstone",202,0.0,132.4,0.74,0,0.0,0.47,0.44,0.0,0.0,0.0,0.0,0,14,95,129,88,0,0,Liga China
Champions Tour 2024 China Kickoff,pl1xx,WOL,"Kayo, Viper, Yoru",157,0.0,216.0,1.04,0,0.0,0.75,0.35,0.0,0.0,0.0,0.0,0,21,117,112,55,0,0,Liga China
Champions Tour 2024 China Kickoff,spring,WOL,"Jett, Omen, Raze",157,0.0,201.0,1.05,0,0.0,0.71,0.21,0.0,0.0,0.0,0.0,0,26,111,106,33,0,0,Liga China
Champions Tour 2024 China Kickoff,balua,WOL,"Omen, Killjoy, Skye",157,0.0,189.1,0.99,0,0.0,0.66,0.38,0.0,0.0,0.0,0.0,0,17,103,104,60,0,0,Liga China
Champions Tour 2024 China Kickoff,coldfish,WOL,"Sova, Viper",157,0.0,183.4,1.12,0,0.0,0.69,0.22,0.0,0.0,0.0,0.0,0,21,109,97,34,0,0,Liga China
Champions Tour 2024 China Kickoff,yuicaw,WOL,"Cypher, Raze",157,0.0,211.0,1.01,0,0.0,0.72,0.3,0.0,0.0,0.0,0.0,0,19,113,112,47,0,0,Liga China
Champions Tour 2024 China Kickoff,haodong,EDG,"Cypher, Omen, Viper",211,0.0,151.7,0.79,0,0.0,0.53,0.35,0.0,0.0,0.0,0.0,0,20,111,140,74,0,0,Liga China
Champions Tour 2024 China Kickoff,zmjjkk,EDG,"Kayo, Jett, Raze",211,0.0,267.8,1.15,0,0.0,0.9,0.22,0.0,0.0,0.0,0.0,0,30,189,164,47,0,0,Liga China
Champions Tour 2024 China Kickoff,nobody,EDG,"Sova, Skye",211,0.0,213.2,1.09,0,0.0,0.75,0.25,0.0,0.0,0.0,0.0,0,27,159,146,53,0,0,Liga China
Champions Tour 2024 China Kickoff,chichoo,EDG,"Brimstone, Viper, Cypher",211,0.0,211.9,1.11,0,0.0,0.76,0.23,0.0,0.0,0.0,0.0,0,24,161,145,49,0,0,Liga China
Champions Tour 2024 China Kickoff,kawaii,TEC,"Omen, Brimstone, Viper",297,0.0,193.7,0.98,0,0.0,0.7,0.38,0.0,0.0,0.0,0.0,0,30,207,211,113,0,0,Liga China
Champions Tour 2024 China Kickoff,lockm,TEC,"Viper, Sova",297,0.0,181.6,0.86,0,0.0,0.62,0.27,0.0,0.0,0.0,0.0,0,25,184,215,80,0,0,Liga China
Champions Tour 2024 China Kickoff,flex1n,TE,"Omen, Viper",336,0.0,205.1,1.03,0,0.0,0.71,0.39,0.0,0.0,0.0,0.0,0,27,240,232,130,0,0,Liga China
Champions Tour 2024 China Kickoff,autumn,FPX,"Raze, Phoenix, Jett",250,0.0,215.5,1.09,0,0.0,0.74,0.18,0.0,0.0,0.0,0.0,0,25,186,170,45,0,0,Liga China
Champions Tour 2024 China Kickoff,you,TE,"Killjoy, Sova, Skye",336,0.0,189.5,1.03,0,0.0,0.67,0.32,0.0,0.0,0.0,0.0,0,24,224,218,108,0,0,Liga China
Champions Tour 2024 China Kickoff,heybay,TE,"Kayo, Breach, Brimstone",336,0.0,190.1,1.02,0,0.0,0.66,0.44,0.0,0.0,0.0,0.0,0,20,221,217,148,0,0,Liga China
Champions Tour 2024 China Kickoff,kai,TE,"Jett, Cypher, Killjoy",336,0.0,221.7,1.26,0,0.0,0.82,0.15,0.0,0.0,0.0,0.0,0,31,277,220,52,0,0,Liga China
Champions Tour 2024 China Kickoff,luok1ng,TYL,Omen,81,0.0,208.5,1.02,0,0.0,0.75,0.3,0.0,0.0,0.0,0.0,0,23,61,60,24,0,0,Liga China
Champions Tour 2024 China Kickoff,ninebody,TYL,"Phoenix, Raze",81,0.0,232.3,1.03,0,0.0,0.78,0.38,0.0,0.0,0.0,0.0,0,22,63,61,31,0,0,Liga China
Champions Tour 2024 China Kickoff,iceking,TYL,"Cypher, Kayo, Viper",81,0.0,208.5,0.89,0,0.0,0.69,0.31,0.0,0.0,0.0,0.0,0,23,56,63,25,0,0,Liga China
Champions Tour 2024 China Kickoff,aak,TYL,"Jett, Cypher",81,0.0,173.0,0.83,0,0.0,0.67,0.19,0.0,0.0,0.0,0.0,0,19,54,65,15,0,0,Liga China
Champions Tour 2024 China Kickoff,zjc,TYL,"Sova, Gekko, Skye",81,0.0,152.5,0.62,0,0.0,0.51,0.26,0.0,0.0,0.0,0.0,0,13,41,66,21,0,0,Liga China
Champions Tour 2024 China Kickoff,aaaay,FPX,"Gekko, Sova, Fade",250,0.0,216.6,1.16,0,0.0,0.8,0.2,0.0,0.0,0.0,0.0,0,26,201,174,51,0,0,Liga China
Champions Tour 2024 China Kickoff,berlin,FPX,"Omen, Harbor, Astra",250,0.0,185.8,1.0,0,0.0,0.66,0.34,0.0,0.0,0.0,0.0,0,26,165,165,84,0,0,Liga China
Champions Tour 2024 China Kickoff,lysoar,FPX,"Viper, Cypher",250,0.0,169.4,0.92,0,0.0,0.59,0.25,0.0,0.0,0.0,0.0,0,20,147,159,63,0,0,Liga China
Champions Tour 2024 China Kickoff,life,FPX,"Chamber, Yoru, Jett",250,0.0,235.5,1.14,0,0.0,0.84,0.17,0.0,0.0,0.0,0.0,0,28,209,184,43,0,0,Liga China
Champions Tour 2024 China Kickoff,rb,TEC,"Fade, Cypher, Killjoy",297,0.0,233.9,1.2,0,0.0,0.84,0.24,0.0,0.0,0.0,0.0,0,29,250,209,70,0,0,Liga China
Champions Tour 2024 China Kickoff,pangh,NOVA,"Killjoy, Jett, Raze",124,0.0,156.3,0.69,0,0.0,0.54,0.13,0.0,0.0,0.0,0.0,0,25,67,97,16,0,0,Liga China
Champions Tour 2024 China Kickoff,o0o0o,NOVA,"Raze, Breach, Viper",124,0.0,186.7,0.87,0,0.0,0.69,0.27,0.0,0.0,0.0,0.0,0,23,86,99,34,0,0,Liga China
Champions Tour 2024 China Kickoff,obone,NOVA,Omen,124,0.0,162.8,0.75,0,0.0,0.56,0.34,0.0,0.0,0.0,0.0,0,18,70,93,42,0,0,Liga China
Champions Tour 2024 China Kickoff,cb,NOVA,"Breach, Fade, Sova",124,0.0,173.7,0.73,0,0.0,0.56,0.38,0.0,0.0,0.0,0.0,0,17,69,94,47,0,0,Liga China
Champions Tour 2024 China Kickoff,guang,NOVA,"Jett, Neon, Killjoy",124,0.0,243.3,1.03,0,0.0,0.82,0.22,0.0,0.0,0.0,0.0,0,29,102,99,27,0,0,Liga China
Champions Tour 2024 China Kickoff,stew,JDG,"Raze, Jett",163,0.0,265.9,1.32,0,0.0,0.93,0.18,0.0,0.0,0.0,0.0,0,35,152,115,30,0,0,Liga China
Champions Tour 2024 China Kickoff,viva,JDG,"Viper, Sova",163,0.0,214.1,1.21,0,0.0,0.75,0.23,0.0,0.0,0.0,0.0,0,22,122,101,38,0,0,Liga China
Champions Tour 2024 China Kickoff,jkuro,JDG,"Fade, Skye, Viper",163,0.0,180.6,0.87,0,0.0,0.64,0.23,0.0,0.0,0.0,0.0,0,21,104,120,38,0,0,Liga China
Champions Tour 2024 China Kickoff,yihao,JDG,"Astra, Brimstone, Harbor",163,0.0,155.9,0.82,0,0.0,0.56,0.35,0.0,0.0,0.0,0.0,0,22,91,111,57,0,0,Liga China
Champions Tour 2024 China Kickoff,mart1n,JDG,"Killjoy, Viper",163,0.0,199.1,0.93,0,0.0,0.67,0.13,0.0,0.0,0.0,0.0,0,22,109,117,22,0,0,Liga China
Champions Tour 2024 China Kickoff,qiuye,TEC,"Killjoy, Skye, Harbor",297,0.0,166.4,0.74,0,0.0,0.57,0.3,0.0,0.0,0.0,0.0,0,23,170,229,90,0,0,Liga China
Champions Tour 2024 China Kickoff,smoggy,EDG,"Raze, Breach, Kayo",211,0.0,188.2,0.99,0,0.0,0.66,0.46,0.0,0.0,0.0,0.0,0,20,139,140,97,0,0,Liga China
Champions Tour 2023 Champions China Qualifier,fengf,TE,"Killjoy, Raze, Cypher",388,1.43,244.1,1.32,82,184.7,0.87,0.19,0.1,0.05,0.25,0.4,820,37,338,256,75,15,8,Qualifiers / Tier 2
Champions Tour 2023 Champions China Qualifier,ninebody,TYL,"Raze, Jett",441,1.37,248.6,1.25,74,179.9,0.9,0.17,0.19,0.15,0.29,0.18,211,33,396,317,77,29,23,Qualifiers / Tier 2
Champions Tour 2023 Champions China Qualifier,spring,NTER,"Raze, Jett",287,1.29,285.5,1.33,80,177.0,0.98,0.18,0.2,0.15,0.31,0.05,122,32,281,211,53,55,38,Qualifiers / Tier 2
Champions Tour 2023 Champions China Qualifier,pl1xx,WBG,"Sova, Viper, Yoru",342,1.29,227.0,1.19,78,154.9,0.78,0.31,0.07,0.03,0.19,0.03,129,25,267,225,106,15,6,Qualifiers / Tier 2
Champions Tour 2023 Champions China Qualifier,swerl,RNG,"Jett, Raze",284,1.26,271.5,1.32,75,178.6,0.96,0.19,0.23,0.13,0.27,0.3,310,33,273,207,53,51,30,Qualifiers / Tier 2
Champions Tour 2023 Champions China Qualifier,maple,WBG,"Jett, Raze, Sova",342,1.25,268.0,1.25,73,182.7,0.92,0.21,0.26,0.19,0.22,0.14,214,29,315,253,73,59,38,Qualifiers / Tier 2
Champions Tour 2023 Champions China Qualifier,coldfish,GK,"Sova, Viper",296,1.23,244.2,1.28,76,157.0,0.86,0.27,0.09,0.06,0.17,0.12,758,32,255,199,80,28,17,Qualifiers / Tier 2
Champions Tour 2023 Champions China Qualifier,sphiry,4AM,"Fade, Viper, Kayo",358,1.2,204.5,1.11,74,139.1,0.74,0.27,0.07,0.06,0.34,0.16,743,28,264,238,95,22,17,Qualifiers / Tier 2
Champions Tour 2023 Champions China Qualifier,flex1n,TE,"Omen, Viper",388,1.18,198.2,1.12,79,115.5,0.72,0.46,0.07,0.05,0.28,0.3,827,25,278,249,179,10,8,Qualifiers / Tier 2
Champions Tour 2023 Champions China Qualifier,b3ar,NTER,"Breach, Kayo, Skye",287,1.17,178.2,1.08,85,117.8,0.7,0.56,0.02,0.04,0.33,0.09,335,31,200,185,161,6,9,Qualifiers / Tier 2
Champions Tour 2023 Champions China Qualifier,ichiro,DRG,"Breach, Kayo, Sage",325,1.17,197.5,1.04,77,137.0,0.68,0.45,0.07,0.07,0.28,0.32,1444,25,222,214,147,19,19,Qualifiers / Tier 2
Champions Tour 2023 Champions China Qualifier,diseased,GK,"Killjoy, Skye",296,1.17,201.0,1.12,78,140.2,0.72,0.33,0.07,0.06,0.24,0.14,642,32,213,191,98,20,17,Qualifiers / Tier 2
Champions Tour 2023 Champions China Qualifier,luok1ng,TYL,"Omen, Astra, Brimstone",441,1.16,191.4,1.03,74,134.4,0.7,0.38,0.06,0.08,0.27,0.25,624,25,308,299,168,11,13,Qualifiers / Tier 2
Champions Tour 2023 Champions China Qualifier,chaos,ME,"Raze, Jett, Neon",425,1.16,236.8,1.1,74,162.4,0.82,0.19,0.19,0.17,0.25,0.25,728,29,348,317,79,55,50,Qualifiers / Tier 2
Champions Tour 2023 Champions China Qualifier,signed,RNG,"Sova, Breach, Skye",284,1.14,184.1,1.01,78,128.0,0.65,0.46,0.05,0.04,0.22,0.13,538,20,185,183,131,11,9,Qualifiers / Tier 2
Champions Tour 2023 Champions China Qualifier,you,TE,"Sova, Cypher, Fade",388,1.14,204.4,1.06,77,143.5,0.72,0.33,0.11,0.04,0.21,0.25,28,35,280,265,128,17,6,Qualifiers / Tier 2
Champions Tour 2023 Champions China Qualifier,hao,KZ,"Jett, Cypher",110,1.13,224.7,1.08,65,145.5,0.85,0.08,0.14,0.13,0.44,0.1,221,26,94,87,9,15,14,Qualifiers / Tier 2
Champions Tour 2023 Champions China Qualifier,eren,NTER,"Neon, Fade, Sova",287,1.11,215.7,1.08,77,151.7,0.78,0.32,0.1,0.08,0.27,0.06,117,28,225,209,92,26,21,Qualifiers / Tier 2
Champions Tour 2023 Champions China Qualifier,nicc,DRG,"Sova, Viper, Brimstone",325,1.11,208.9,0.99,76,144.0,0.69,0.4,0.1,0.05,0.24,0.25,832,24,224,226,130,28,14,Qualifiers / Tier 2
Champions Tour 2023 Champions China Qualifier,kawaii,iNv,"Kayo, Breach, Viper",176,1.1,223.1,1.12,70,142.4,0.81,0.32,0.11,0.06,0.19,0.14,322,24,143,128,57,19,10,Qualifiers / Tier 2
Champions Tour 2023 Champions China Qualifier,guran,DYG,"Skye, Breach, Kayo",216,1.1,206.7,1.05,75,126.8,0.71,0.51,0.07,0.07,0.23,0.21,524,22,153,146,111,15,16,Qualifiers / Tier 2
Champions Tour 2023 Champions China Qualifier,lumo,4AM,"Skye, Breach, Kayo",358,1.09,197.7,1.09,76,126.2,0.7,0.37,0.06,0.05,0.22,0.25,832,29,250,229,133,18,16,Qualifiers / Tier 2
Champions Tour 2023 Champions China Qualifier,mart1n,RA,"Killjoy, Cypher",180,1.09,206.0,1.08,66,137.1,0.71,0.15,0.06,0.07,0.26,0.19,631,23,127,118,27,10,13,Qualifiers / Tier 2
Champions Tour 2023 Champions China Qualifier,lilcrazy,DYG,"Jett, Raze",216,1.09,232.7,1.17,68,145.2,0.85,0.12,0.18,0.17,0.32,0.22,418,28,183,156,26,39,36,Qualifiers / Tier 2
Champions Tour 2023 Champions China Qualifier,balua,ME,"Kayo, Viper, Sage",288,1.08,220.8,1.05,78,141.5,0.75,0.44,0.07,0.08,0.23,0.16,319,25,216,205,127,21,23,Qualifiers / Tier 2
Champions Tour 2023 Champions China Qualifier,neal x,NOP,"Jett, Neon",211,1.06,216.9,1.06,74,139.1,0.79,0.17,0.14,0.14,0.23,0.22,418,28,167,157,36,29,30,Qualifiers / Tier 2
Champions Tour 2023 Champions China Qualifier,wqc,NOVA,"Neon, Jett, Sova",199,1.06,232.3,1.1,71,143.3,0.79,0.18,0.15,0.16,0.26,0.0,22,23,158,143,36,29,32,Qualifiers / Tier 2
Champions Tour 2023 Champions China Qualifier,happywei,NWG,"Raze, Jett, Killjoy",282,1.06,234.2,1.09,72,150.0,0.81,0.18,0.16,0.12,0.29,0.19,527,28,228,209,50,45,34,Qualifiers / Tier 2
Champions Tour 2023 Champions China Qualifier,xiaofei,NWG,"Skye, Viper, Sova",282,1.06,209.0,1.03,70,138.1,0.73,0.31,0.07,0.09,0.38,0.32,1238,28,205,200,88,20,24,Qualifiers / Tier 2
Champions Tour 2023 Champions China Qualifier,obone,NOVA,"Omen, Brimstone, Astra",199,1.06,191.7,0.99,70,123.7,0.64,0.39,0.05,0.05,0.2,0.33,1030,22,128,129,77,10,10,Qualifiers / Tier 2
Champions Tour 2023 Champions China Qualifier,yueluo,RA,"Breach, Skye, Kayo",180,1.05,197.4,0.92,73,129.3,0.68,0.43,0.06,0.06,0.32,0.09,223,22,123,133,77,11,10,Qualifiers / Tier 2
Champions Tour 2023 Champions China Qualifier,cyah,ME,"Omen, Astra, Viper",425,1.05,177.4,0.9,77,120.6,0.64,0.38,0.06,0.06,0.37,0.1,548,27,273,303,161,18,18,Qualifiers / Tier 2
Champions Tour 2023 Champions China Qualifier,core,TYL,"Killjoy, Kayo, Breach",441,1.04,185.5,1.06,81,122.1,0.69,0.35,0.03,0.03,0.24,0.05,121,24,305,287,156,5,5,Qualifiers / Tier 2
Champions Tour 2023 Champions China Qualifier,link,ME,"Killjoy, Viper, Cypher",382,1.04,202.8,1.03,76,135.5,0.71,0.26,0.08,0.1,0.25,0.11,436,24,271,264,100,24,29,Qualifiers / Tier 2
Champions Tour 2023 Champions China Qualifier,zoomer,WBG,"Breach, Skye, Jett",342,1.04,190.9,1.03,76,125.1,0.7,0.35,0.08,0.06,0.3,0.24,417,25,239,232,120,18,12,Qualifiers / Tier 2
Champions Tour 2023 Champions China Qualifier,o0o0o,NOVA,"Raze, Breach, Kayo",199,1.03,207.9,0.99,71,137.2,0.72,0.28,0.13,0.11,0.27,0.25,520,20,144,146,55,26,22,Qualifiers / Tier 2
Champions Tour 2023 Champions China Qualifier,strawberrycc,4AM,"Raze, Jett",358,1.03,243.2,1.04,68,154.5,0.82,0.18,0.23,0.2,0.2,0.09,223,28,292,282,63,69,59,Qualifiers / Tier 2
Champions Tour 2023 Champions China Qualifier,maizi,TYL,"Breach, Sova, Skye",155,1.03,199.6,1.04,77,133.8,0.68,0.25,0.1,0.06,0.24,0.1,110,19,106,102,38,15,9,Qualifiers / Tier 2
Champions Tour 2023 Champions China Qualifier,revival,NOP,"Harbor, Raze, Breach",211,1.03,203.3,1.06,73,141.6,0.78,0.25,0.07,0.07,0.21,0.16,638,28,164,154,53,15,15,Qualifiers / Tier 2
Champions Tour 2023 Champions China Qualifier,gagaaaa,DYG,"Viper, Sova, Harbor",216,1.02,197.9,1.01,69,134.6,0.68,0.3,0.06,0.07,0.22,0.21,629,21,146,144,64,14,15,Qualifiers / Tier 2
Champions Tour 2023 Champions China Qualifier,iceking,TE,"Breach, Astra, Kayo",388,1.02,195.2,0.91,80,146.7,0.67,0.5,0.07,0.09,0.22,0.07,115,34,261,287,193,10,14,Qualifiers / Tier 2
Champions Tour 2023 Champions China Qualifier,abo,TYL,"Viper, Killjoy",441,1.01,214.2,1.02,72,142.8,0.74,0.23,0.2,0.12,0.36,0.17,212,24,327,320,102,36,18,Qualifiers / Tier 2
Champions Tour 2023 Champions China Qualifier,yihao,RA,"Omen, Brimstone",180,0.99,196.5,0.92,72,128.6,0.68,0.4,0.07,0.09,0.26,0.08,224,26,122,133,72,13,16,Qualifiers / Tier 2
Champions Tour 2023 Champions China Qualifier,nos,WBG,"Omen, Astra, Brimstone",342,0.98,171.1,0.88,74,103.4,0.6,0.39,0.08,0.06,0.3,0.38,821,19,205,234,134,16,12,Qualifiers / Tier 2
Champions Tour 2023 Champions China Qualifier,babyblue,GK,"Kayo, Fade, Raze",296,0.98,232.0,0.99,72,151.8,0.78,0.32,0.17,0.17,0.25,0.19,316,24,232,235,94,50,49,Qualifiers / Tier 2
Champions Tour 2023 Champions China Qualifier,zeno,DRG,"Omen, Astra, Brimstone",325,0.97,182.9,0.87,77,115.2,0.62,0.43,0.08,0.06,0.2,0.07,227,19,201,232,140,20,17,Qualifiers / Tier 2
Champions Tour 2023 Champions China Qualifier,miracle,iNv,"Viper, Killjoy",176,0.97,206.0,1.03,68,144.1,0.75,0.13,0.09,0.09,0.33,0.27,726,27,132,128,23,15,16,Qualifiers / Tier 2
Champions Tour 2023 Champions China Qualifier,xxxtaco,NOP,"Skye, Breach",211,0.97,194.3,0.93,73,124.6,0.71,0.38,0.11,0.11,0.27,0.05,120,22,149,161,81,24,23,Qualifiers / Tier 2
Champions Tour 2023 Champions China Qualifier,pangh,NOVA,"Sage, Killjoy, Breach",199,0.97,197.2,0.92,67,131.8,0.68,0.29,0.08,0.08,0.22,0.12,325,21,136,148,57,15,15,Qualifiers / Tier 2
Champions Tour 2023 Champions China Qualifier,xiaonuo,RNG,"Killjoy, Viper, Astra",284,0.96,175.2,0.93,72,117.7,0.63,0.24,0.05,0.07,0.28,0.14,428,23,179,192,69,12,15,Qualifiers / Tier 2
Champions Tour 2023 Champions China Qualifier,zcc,RNG,"Omen, Brimstone, Jett",284,0.95,165.5,0.9,69,104.9,0.61,0.36,0.09,0.14,0.2,0.16,425,20,172,192,101,21,31,Qualifiers / Tier 2
Champions Tour 2023 Champions China Qualifier,viva,RA,"Sova, Viper",180,0.95,183.1,0.85,68,125.3,0.59,0.26,0.04,0.09,0.31,0.15,320,22,107,126,47,8,17,Qualifiers / Tier 2
Champions Tour 2023 Champions China Qualifier,heybay,TE,"Jett, Skye, Killjoy",388,0.94,189.4,0.9,71,142.8,0.66,0.2,0.23,0.17,0.27,0.0,8,27,258,288,78,35,26,Qualifiers / Tier 2
Champions Tour 2023 Champions China Qualifier,xjian,GK,"Omen, Astra",296,0.93,172.2,0.88,76,111.3,0.6,0.4,0.06,0.08,0.24,0.16,532,23,177,201,117,18,23,Qualifiers / Tier 2
Champions Tour 2023 Champions China Qualifier,ace,4AM,"Omen, Harbor, Astra",358,0.93,174.4,0.91,74,114.4,0.64,0.35,0.08,0.08,0.34,0.17,530,27,229,251,125,23,24,Qualifiers / Tier 2
Champions Tour 2023 Champions China Qualifier,xuan,4AM,"Viper, Killjoy",358,0.93,196.3,0.95,70,121.6,0.66,0.2,0.09,0.09,0.2,0.21,629,22,238,250,71,26,28,Qualifiers / Tier 2
Champions Tour 2023 Champions China Qualifier,cxyy,NWG,"Astra, Viper, Omen",282,0.92,173.9,0.84,65,116.1,0.61,0.37,0.09,0.1,0.28,0.12,434,22,173,207,105,26,27,Qualifiers / Tier 2
Champions Tour 2023 Champions China Qualifier,ffs,ME,"Gekko, Skye, Breach",425,0.92,192.5,0.94,76,117.2,0.66,0.38,0.07,0.11,0.19,0.2,525,22,281,300,161,19,31,Qualifiers / Tier 2
Champions Tour 2023 Champions China Qualifier,barricade,NWG,"Viper, Harbor, Killjoy",282,0.91,181.7,0.92,65,117.8,0.67,0.14,0.07,0.1,0.27,0.13,752,23,188,205,39,21,27,Qualifiers / Tier 2
Champions Tour 2023 Champions China Qualifier,ac,NTER,"Omen, Astra, Viper",153,0.9,157.4,0.86,76,88.0,0.56,0.57,0.04,0.04,0.28,0.18,211,16,86,100,87,5,4,Qualifiers / Tier 2
Champions Tour 2023 Champions China Qualifier,yyy,DYG,"Killjoy, Cypher, Gekko",216,0.9,177.4,0.88,68,121.1,0.63,0.18,0.08,0.09,0.25,0.05,238,24,137,155,38,17,20,Qualifiers / Tier 2
Champions Tour 2023 Champions China Qualifier,r1ckleexd,WBG,"Killjoy, Viper, Cypher",342,0.89,180.7,0.94,74,121.0,0.65,0.15,0.1,0.09,0.21,0.32,825,21,222,235,50,19,18,Qualifiers / Tier 2
Champions Tour 2023 Champions China Qualifier,paultato,DRG,"Killjoy, Skye, Raze",325,0.88,183.0,0.94,69,124.0,0.66,0.2,0.06,0.09,0.23,0.15,534,25,214,228,64,16,23,Qualifiers / Tier 2
Champions Tour 2023 Champions China Qualifier,septem7,NTER,"Cypher, Killjoy, Viper",287,0.88,172.9,0.86,72,120.5,0.61,0.18,0.11,0.14,0.22,0.24,521,31,174,203,53,27,35,Qualifiers / Tier 2
Champions Tour 2023 Champions China Qualifier,tvirusluke,DRG,"Jett, Neon, Raze",325,0.87,223.1,0.97,67,140.5,0.78,0.17,0.21,0.22,0.24,0.09,111,26,253,260,54,63,58,Qualifiers / Tier 2
Champions Tour 2023 Champions China Qualifier,scales,NTER,"Brimstone, Omen",134,0.87,150.8,0.76,73,103.5,0.54,0.58,0.04,0.07,0.25,0.15,320,26,72,95,78,6,9,Qualifiers / Tier 2
Champions Tour 2023 Champions China Qualifier,star1og,NOP,"Omen, Viper, Brimstone",211,0.86,157.7,0.78,71,109.1,0.56,0.31,0.06,0.1,0.33,0.3,827,21,118,152,66,12,22,Qualifiers / Tier 2
Champions Tour 2023 Champions China Qualifier,muhemai,iNv,"Omen, Brimstone, Astra",176,0.86,164.1,0.85,68,110.9,0.6,0.26,0.06,0.06,0.32,0.08,340,20,106,125,46,10,11,Qualifiers / Tier 2
Champions Tour 2023 Champions China Qualifier,d3ffo,GK,"Jett, Raze, Yoru",296,0.85,166.3,0.85,71,111.5,0.61,0.2,0.11,0.14,0.21,0.1,221,26,182,214,60,34,40,Qualifiers / Tier 2
Champions Tour 2023 Champions China Qualifier,libra,KZ,"Brimstone, Omen, Harbor",110,0.84,190.7,0.77,65,127.8,0.64,0.35,0.08,0.08,0.23,0.06,116,24,70,91,39,9,9,Qualifiers / Tier 2
Champions Tour 2023 Champions China Qualifier,redlight,DYG,"Omen, Viper",216,0.83,171.3,0.73,71,105.4,0.55,0.42,0.11,0.09,0.23,0.24,417,17,118,161,90,24,20,Qualifiers / Tier 2
Champions Tour 2023 Champions China Qualifier,aowha,NOP,"Killjoy, Astra, Brimstone",211,0.81,170.8,0.77,69,114.5,0.58,0.28,0.06,0.08,0.22,0.23,522,19,123,159,60,12,17,Qualifiers / Tier 2
Champions Tour 2023 Champions China Qualifier,sorrys,RNG,"Kayo, Sova, Raze",284,0.81,186.3,0.77,72,122.9,0.59,0.42,0.09,0.12,0.2,0.08,113,20,167,218,118,20,26,Qualifiers / Tier 2
Champions Tour 2023 Champions China Qualifier,jl,NOVA,"Breach, Fade, Sova",161,0.81,166.8,0.81,72,111.7,0.57,0.31,0.08,0.12,0.2,0.26,519,17,92,113,50,13,19,Qualifiers / Tier 2
Champions Tour 2023 Champions China Qualifier,lyy,iNv,Raze,176,0.76,183.2,0.77,66,125.8,0.61,0.2,0.15,0.19,0.24,0.08,112,22,108,141,35,27,34,Qualifiers / Tier 2
Champions Tour 2023 Champions China Qualifier,lucifer,KZ,"Killjoy, Raze, Skye",110,0.75,185.7,0.66,61,132.2,0.55,0.2,0.08,0.1,0.21,0.07,115,18,60,91,22,9,11,Qualifiers / Tier 2
Champions Tour 2023 Champions China Qualifier,9st,NWG,"Breach, Killjoy, Skye",282,0.75,166.1,0.7,71,104.2,0.55,0.44,0.08,0.13,0.25,0.12,326,19,156,223,125,22,36,Qualifiers / Tier 2
Champions Tour 2023 Champions China Qualifier,spitfires,RA,"Jett, Neon, Raze",180,0.73,179.9,0.73,61,119.6,0.61,0.18,0.21,0.25,0.28,0.13,18,21,110,151,33,37,45,Qualifiers / Tier 2
Champions Tour 2023 Champions China Qualifier,artill,iNv,"Skye, Fade, Kayo",176,0.73,159.2,0.7,60,102.1,0.53,0.22,0.09,0.11,0.23,0.13,216,19,93,133,39,15,19,Qualifiers / Tier 2
Champions Tour 2023 Champions China Qualifier,yax1n,KZ,"Breach, Skye",80,0.61,112.0,0.47,65,77.8,0.36,0.33,0.04,0.04,0.24,0.13,215,10,29,62,26,3,3,Qualifiers / Tier 2
Champions Tour 2023 Champions China Qualifier,andy,KZ,"Raze, Killjoy, Jett",110,0.56,139.0,0.54,54,95.4,0.46,0.24,0.08,0.2,0.13,0.0,14,15,51,95,26,9,22,Qualifiers / Tier 2
Champions Tour 2023 Champions China Qualifier,dange,NOVA,"Sage, Viper",38,0.31,79.5,0.34,42,52.6,0.29,0.13,0.03,0.18,0.3,0.0,7,8,11,32,5,1,7,Qualifiers / Tier 2
Champions Tour 2023 Champions China Qualifier,abc321,KZ,"Fade, Breach",30,0.13,77.0,0.24,30,53.1,0.23,0.1,0.0,0.2,0.24,0.25,14,5,7,29,3,0,6,Qualifiers / Tier 2
Champions Tour 2023 Champions China Qualifier,aaaay,FPX,"Fade, Skye, Gekko",340,0.0,195.6,0.98,0,0.0,0.7,0.29,0.0,0.0,0.0,0.0,0,21,237,242,100,0,0,Qualifiers / Tier 2
Champions Tour 2023 Champions China Qualifier,chichoo,EDG,"Killjoy, Viper, Cypher",232,0.0,211.7,1.26,0,0.0,0.74,0.34,0.0,0.0,0.0,0.0,0,24,171,136,80,0,0,Qualifiers / Tier 2
Champions Tour 2023 Champions China Qualifier,nobody,EDG,"Skye, Sova",232,0.0,207.9,1.18,0,0.0,0.78,0.32,0.0,0.0,0.0,0.0,0,25,180,152,74,0,0,Qualifiers / Tier 2
Champions Tour 2023 Champions China Qualifier,zmjjkk,EDG,"Jett, Raze",232,0.0,324.8,1.84,0,0.0,1.18,0.16,0.0,0.0,0.0,0.0,0,32,273,148,37,0,0,Qualifiers / Tier 2
Champions Tour 2023 Champions China Qualifier,haodong,EDG,"Brimstone, Harbor, Astra",232,0.0,173.0,1.12,0,0.0,0.62,0.38,0.0,0.0,0.0,0.0,0,18,143,128,88,0,0,Qualifiers / Tier 2
Champions Tour 2023 Champions China Qualifier,suyjing,TYL,"Raze, Skye, Breach",286,0.0,157.0,0.78,0,0.0,0.55,0.33,0.0,0.0,0.0,0.0,0,16,158,202,93,0,0,Qualifiers / Tier 2
Champions Tour 2023 Champions China Qualifier,nizhaotzh,FPX,"Brimstone, Harbor, Viper",340,0.0,173.9,0.89,0,0.0,0.61,0.44,0.0,0.0,0.0,0.0,0,19,209,236,150,0,0,Qualifiers / Tier 2
Champions Tour 2023 Champions China Qualifier,yuicaw,FPX,"Raze, Jett",340,0.0,201.3,0.92,0,0.0,0.7,0.19,0.0,0.0,0.0,0.0,0,24,238,259,66,0,0,Qualifiers / Tier 2
Champions Tour 2023 Champions China Qualifier,lysoar,FPX,"Killjoy, Viper, Reyna",340,0.0,228.3,1.1,0,0.0,0.78,0.25,0.0,0.0,0.0,0.0,0,22,266,241,84,0,0,Qualifiers / Tier 2
Champions Tour 2023 Champions China Qualifier,berlin,FPX,"Breach, Harbor, Omen",340,0.0,206.1,0.99,0,0.0,0.7,0.42,0.0,0.0,0.0,0.0,0,25,238,241,142,0,0,Qualifiers / Tier 2
Champions Tour 2023 Champions China Qualifier,pink,ME,"Killjoy, Cypher",43,0.0,156.5,0.74,0,0.0,0.58,0.26,0.0,0.0,0.0,0.0,0,16,25,34,11,0,0,Qualifiers / Tier 2
Champions Tour 2023 Champions China Qualifier,zjc,ASE,"Skye, Raze, Sova",166,0.0,289.5,1.39,0,0.0,1.01,0.24,0.0,0.0,0.0,0.0,0,26,167,120,40,0,0,Qualifiers / Tier 2
Champions Tour 2023 Champions China Qualifier,balua,ME,"Kayo, Harbor, Skye",137,0.0,245.0,1.25,0,0.0,0.92,0.33,0.0,0.0,0.0,0.0,0,28,126,101,45,0,0,Qualifiers / Tier 2
Champions Tour 2023 Champions China Qualifier,biank,BLG,"Fade, Sova, Skye",348,0.0,196.5,1.12,0,0.0,0.76,0.32,0.0,0.0,0.0,0.0,0,30,263,235,110,0,0,Qualifiers / Tier 2
Champions Tour 2023 Champions China Qualifier,knight,BLG,"Omen, Breach, Cypher",348,0.0,178.4,0.83,0,0.0,0.61,0.29,0.0,0.0,0.0,0.0,0,20,213,256,101,0,0,Qualifiers / Tier 2
Champions Tour 2023 Champions China Qualifier,yosemite,BLG,"Viper, Killjoy, Cypher",348,0.0,206.1,1.04,0,0.0,0.73,0.28,0.0,0.0,0.0,0.0,0,23,253,243,98,0,0,Qualifiers / Tier 2
Champions Tour 2023 Champions China Qualifier,dk,BLG,"Killjoy, Omen, Brimstone",348,0.0,166.4,0.87,0,0.0,0.61,0.38,0.0,0.0,0.0,0.0,0,23,212,243,131,0,0,Qualifiers / Tier 2
Champions Tour 2023 Champions China Qualifier,whzy,BLG,"Raze, Jett",348,0.0,247.9,1.13,0,0.0,0.84,0.23,0.0,0.0,0.0,0.0,0,35,294,261,80,0,0,Qualifiers / Tier 2
Champions Tour 2023 Champions China Qualifier,life,ASE,Jett,166,0.0,217.4,1.04,0,0.0,0.76,0.19,0.0,0.0,0.0,0.0,0,26,126,121,32,0,0,Qualifiers / Tier 2
Champions Tour 2023 Champions China Qualifier,bunt,ASE,"Omen, Astra, Brimstone",166,0.0,197.3,1.01,0,0.0,0.66,0.61,0.0,0.0,0.0,0.0,0,22,109,108,102,0,0,Qualifiers / Tier 2
Champions Tour 2023 Champions China Qualifier,zero1,ASE,"Breach, Skye, Kayo",166,0.0,189.3,1.06,0,0.0,0.69,0.54,0.0,0.0,0.0,0.0,0,25,115,108,89,0,0,Qualifiers / Tier 2
Champions Tour 2023 Champions China Qualifier,monk,ASE,"Killjoy, Cypher",166,0.0,186.5,0.97,0,0.0,0.64,0.27,0.0,0.0,0.0,0.0,0,21,106,109,44,0,0,Qualifiers / Tier 2
Champions Tour 2023 Champions China Qualifier,smoggy,EDG,"Breach, Gekko, Jett",232,0.0,203.9,1.2,0,0.0,0.75,0.28,0.0,0.0,0.0,0.0,0,20,175,146,64,0,0,Qualifiers / Tier 2
Valorant Masters Santiago 2026,marteen,M8,"Yoru, Phoenix",186,1.41,267.4,1.43,76,169.1,0.95,0.31,0.15,0.1,0.31,0.32,722,30,176,123,57,28,19,Masters
Valorant Masters Santiago 2026,eeiu,FUR,"Sova, Fade",126,1.24,243.5,1.34,69,166.5,0.88,0.23,0.1,0.05,0.35,0.17,318,22,111,83,29,13,6,Masters
Valorant Masters Santiago 2026,trent,G2,"Fade, Skye, Sova",330,1.15,191.1,1.11,73,131.1,0.69,0.34,0.05,0.04,0.29,0.19,1052,32,229,207,111,17,12,Masters
Valorant Masters Santiago 2026,xross,NS,"Sova, Fade",215,1.14,209.6,1.19,78,139.9,0.73,0.29,0.07,0.02,0.29,0.06,233,25,158,133,63,16,4,Masters
Valorant Masters Santiago 2026,izu,T1,"Yoru, Omen, Cypher",135,1.14,231.3,1.24,65,155.2,0.87,0.21,0.11,0.13,0.4,0.0,19,29,117,94,29,15,17,Masters
Valorant Masters Santiago 2026,keiko,NRG,"Viper, Omen, Killjoy",397,1.11,216.1,1.16,74,139.6,0.79,0.21,0.11,0.08,0.33,0.12,543,27,313,270,84,45,31,Masters
Valorant Masters Santiago 2026,dambi,NS,"Neon, Waylay",215,1.11,237.4,1.19,73,142.4,0.85,0.21,0.2,0.15,0.18,0.13,18,25,183,154,46,43,32,Masters
Valorant Masters Santiago 2026,stax,T1,"Sova, Fade",135,1.11,194.3,1.15,73,127.7,0.72,0.21,0.03,0.04,0.26,0.1,221,24,97,84,28,4,6,Masters
Valorant Masters Santiago 2026,ivy,NS,"Killjoy, Viper, Astra",215,1.1,208.3,1.26,73,137.0,0.77,0.22,0.09,0.06,0.39,0.3,827,24,165,131,47,19,12,Masters
Valorant Masters Santiago 2026,skuba,NRG,"Killjoy, Viper, Astra",397,1.1,211.2,1.14,74,134.9,0.76,0.25,0.11,0.09,0.25,0.13,860,26,300,263,99,43,34,Masters
Valorant Masters Santiago 2026,d4v41,PRX,"Viper, Vyse, Astra",481,1.08,206.1,1.2,70,138.3,0.77,0.18,0.08,0.06,0.31,0.1,658,24,371,310,88,37,31,Masters
Valorant Masters Santiago 2026,francis,NS,Yoru,215,1.08,224.6,1.09,77,146.9,0.78,0.25,0.15,0.12,0.25,0.08,113,24,167,153,54,33,26,Masters
Valorant Masters Santiago 2026,zmjjkk,EDG,"Chamber, Neon",81,1.08,207.3,1.12,63,140.0,0.8,0.11,0.16,0.14,0.3,0.09,111,25,65,58,9,13,11,Masters
Valorant Masters Santiago 2026,invy,PRX,"Fade, Sova, Brimstone",481,1.07,198.2,1.11,74,136.2,0.7,0.27,0.06,0.08,0.3,0.15,748,21,335,302,130,30,38,Masters
Valorant Masters Santiago 2026,lar0k,BBL,"Neon, Waylay, Jett",176,1.07,218.1,1.09,70,143.0,0.78,0.19,0.14,0.16,0.27,0.06,116,31,137,126,34,25,28,Masters
Valorant Masters Santiago 2026,starxo,M8,"Sova, Fade",186,1.06,186.1,0.98,70,126.1,0.63,0.35,0.05,0.05,0.23,0.16,532,17,117,119,66,9,9,Masters
Valorant Masters Santiago 2026,loita,BBL,"Astra, Omen, Viper",176,1.05,187.4,1.0,70,125.8,0.7,0.42,0.03,0.07,0.35,0.27,622,27,123,123,74,6,13,Masters
Valorant Masters Santiago 2026,jawgemo,G2,"Neon, Iso, Phoenix",330,1.04,236.4,1.09,70,150.7,0.84,0.16,0.15,0.17,0.25,0.25,416,25,278,255,52,49,56,Masters
Valorant Masters Santiago 2026,valyn,G2,"Astra, Harbor",330,1.04,188.1,1.0,74,122.9,0.66,0.35,0.07,0.06,0.23,0.16,637,18,217,216,117,24,20,Masters
Valorant Masters Santiago 2026,something,PRX,"Yoru, Waylay, Jett",481,1.03,196.4,1.09,71,127.1,0.71,0.2,0.13,0.12,0.26,0.13,755,23,340,312,94,61,60,Masters
Valorant Masters Santiago 2026,munchkin,T1,"Viper, Omen, Brimstone",135,1.03,201.0,0.95,74,130.9,0.61,0.48,0.1,0.06,0.18,0.12,217,19,83,87,65,13,8,Masters
Valorant Masters Santiago 2026,jinggg,PRX,"Raze, Omen, Phoenix",481,1.02,213.9,1.08,74,140.4,0.74,0.27,0.11,0.12,0.25,0.09,443,24,358,331,128,55,59,Masters
Valorant Masters Santiago 2026,happywei,XLG,"Viper, Astra",75,1.02,213.3,0.96,64,139.3,0.71,0.28,0.11,0.09,0.24,0.07,114,17,53,55,21,8,7,Masters
Valorant Masters Santiago 2026,mada,NRG,"Neon, Waylay, Yoru",397,1.0,212.8,1.01,70,134.3,0.74,0.21,0.21,0.17,0.27,0.21,628,24,292,289,82,85,66,Masters
Valorant Masters Santiago 2026,leaf,G2,"Viper, Astra, Yoru",330,0.99,207.1,1.01,69,134.8,0.72,0.29,0.11,0.11,0.23,0.16,531,25,238,235,95,37,37,Masters
Valorant Masters Santiago 2026,buzz,T1,"Jett, Raze, Waylay",135,0.98,236.7,0.98,74,153.1,0.76,0.27,0.2,0.15,0.2,0.13,18,24,102,104,37,27,20,Masters
Valorant Masters Santiago 2026,f4ngeer,AG,"Waylay, Yoru, Chamber",152,0.98,205.6,1.02,66,137.1,0.75,0.12,0.17,0.14,0.31,0.08,113,23,114,112,18,26,22,Masters
Valorant Masters Santiago 2026,f0rsaken,PRX,"Omen, Viper, Veto",481,0.96,205.6,0.99,72,135.5,0.71,0.31,0.1,0.12,0.28,0.11,437,24,342,344,149,50,58,Masters
Valorant Masters Santiago 2026,rb,NS,"Omen, Brimstone",215,0.95,164.3,0.95,74,105.6,0.59,0.47,0.07,0.07,0.22,0.1,220,19,126,132,100,16,14,Masters
Valorant Masters Santiago 2026,brawk,NRG,"Sova, Vyse, Brimstone",397,0.95,175.4,0.86,70,126.1,0.58,0.3,0.04,0.06,0.23,0.15,640,20,231,269,118,16,22,Masters
Valorant Masters Santiago 2026,k1ra,AG,"Raze, Astra, Omen",152,0.95,193.4,0.98,65,125.5,0.69,0.16,0.07,0.15,0.24,0.12,217,22,105,107,25,11,23,Masters
Valorant Masters Santiago 2026,minny,M8,"Cypher, Viper, Kayo",186,0.94,182.8,0.92,74,117.6,0.63,0.25,0.1,0.15,0.32,0.06,117,21,118,128,46,19,28,Masters
Valorant Masters Santiago 2026,nats,TL,"Viper, Astra",130,0.94,190.2,0.95,68,127.7,0.68,0.2,0.06,0.08,0.3,0.04,123,24,88,93,26,8,11,Masters
Valorant Masters Santiago 2026,glyph,M8,Astra,186,0.93,171.2,0.83,72,110.6,0.57,0.41,0.04,0.04,0.25,0.09,223,20,106,127,76,7,8,Masters
Valorant Masters Santiago 2026,lovers rock,BBL,Yoru,176,0.93,196.6,0.91,68,126.9,0.68,0.18,0.11,0.11,0.17,0.1,221,28,119,131,32,20,19,Masters
Valorant Masters Santiago 2026,crewen,BBL,"Cypher, Viper",176,0.92,188.1,0.96,63,129.5,0.68,0.18,0.09,0.09,0.36,0.05,122,21,119,124,31,16,16,Masters
Valorant Masters Santiago 2026,wayne,TL,"Omen, Harbor, Brimstone",130,0.92,181.8,0.9,65,117.0,0.66,0.3,0.09,0.08,0.3,0.11,218,22,86,96,39,12,11,Masters
Valorant Masters Santiago 2026,purp0,TL,"Sova, Skye",130,0.92,169.8,0.97,75,118.6,0.66,0.22,0.05,0.04,0.41,0.0,17,22,86,89,28,7,5,Masters
Valorant Masters Santiago 2026,koalanoob,FUR,"Omen, Yoru",126,0.9,191.0,0.91,70,119.2,0.68,0.26,0.1,0.1,0.19,0.12,217,19,86,95,33,12,12,Masters
Valorant Masters Santiago 2026,kamo,TL,"Yoru, Waylay",130,0.9,197.2,0.96,70,127.6,0.7,0.23,0.09,0.1,0.41,0.23,313,23,91,95,30,12,13,Masters
Valorant Masters Santiago 2026,shr1mp,AG,"Skye, Sova, Fade",152,0.9,159.1,0.83,72,108.0,0.57,0.27,0.07,0.07,0.32,0.24,417,16,86,104,41,10,10,Masters
Valorant Masters Santiago 2026,artzin,FUR,"Killjoy, Omen, Astra",126,0.89,181.3,0.85,69,124.4,0.65,0.29,0.07,0.1,0.22,0.14,214,23,82,96,37,9,12,Masters
Valorant Masters Santiago 2026,ethan,NRG,"Omen, Tejo, Skye",397,0.88,163.8,0.86,71,109.5,0.58,0.29,0.05,0.08,0.23,0.13,539,25,231,270,114,21,32,Masters
Valorant Masters Santiago 2026,lysoar,XLG,Omen,75,0.88,173.5,0.9,75,116.8,0.69,0.24,0.03,0.04,0.35,0.1,110,21,52,58,18,2,3,Masters
Valorant Masters Santiago 2026,chichoo,EDG,"Viper, Killjoy",81,0.88,173.5,0.81,63,112.9,0.59,0.23,0.09,0.11,0.29,0.0,12,17,48,59,19,7,9,Masters
Valorant Masters Santiago 2026,au1,AG,"Viper, Harbor, Killjoy",152,0.88,192.9,0.84,66,131.8,0.64,0.22,0.07,0.08,0.16,0.0,27,20,97,115,34,10,12,Masters
Valorant Masters Santiago 2026,nerve,FUR,"Viper, Tejo",126,0.87,169.3,0.75,67,116.7,0.56,0.25,0.07,0.06,0.26,0.1,220,17,70,93,32,9,8,Masters
Valorant Masters Santiago 2026,babybay,G2,"Waylay, Chamber, Yoru",330,0.87,172.4,0.89,65,111.0,0.61,0.18,0.11,0.13,0.22,0.1,439,19,200,225,59,35,43,Masters
Valorant Masters Santiago 2026,iamgrq,AG,"Omen, Waylay, Brimstone",152,0.83,176.4,0.83,71,112.4,0.59,0.32,0.07,0.12,0.25,0.14,214,17,90,109,49,10,18,Masters
Valorant Masters Santiago 2026,miniboo,TL,Neon,130,0.81,189.2,0.83,70,126.5,0.65,0.2,0.21,0.18,0.33,0.14,17,20,85,103,26,27,23,Masters
Valorant Masters Santiago 2026,bipo,M8,"Neon, Waylay, Raze",186,0.78,167.9,0.81,67,106.5,0.6,0.22,0.12,0.19,0.24,0.11,19,16,112,139,41,23,36,Masters
Valorant Masters Santiago 2026,smoggy,EDG,"Omen, Astra, Brimstone",81,0.78,151.3,0.67,68,102.9,0.49,0.3,0.07,0.09,0.3,0.08,112,12,40,60,24,6,7,Masters
Valorant Masters Santiago 2026,meteor,T1,"Astra, Viper, Killjoy",135,0.77,176.5,0.79,64,115.9,0.6,0.16,0.08,0.1,0.33,0.3,310,17,81,103,21,11,14,Masters
Valorant Masters Santiago 2026,alym,FUR,"Neon, Waylay",126,0.76,179.8,0.8,61,116.1,0.62,0.21,0.16,0.21,0.26,0.0,8,20,78,98,26,20,26,Masters
Valorant Masters Santiago 2026,rarga,XLG,"Neon, Yoru",75,0.75,210.3,0.8,65,138.8,0.71,0.2,0.15,0.17,0.32,0.0,5,19,53,66,15,11,13,Masters
Valorant Masters Santiago 2026,rosé,BBL,"Sova, Fade",176,0.74,157.0,0.71,61,107.4,0.52,0.27,0.07,0.11,0.32,0.09,222,18,91,128,47,12,20,Masters
Valorant Masters Santiago 2026,cb,EDG,"Neon, Yoru",81,0.74,165.5,0.78,69,106.7,0.62,0.12,0.11,0.12,0.25,0.11,19,19,50,64,10,9,10,Masters
Valorant Masters Santiago 2026,noman,XLG,"Killjoy, Waylay",75,0.73,155.0,0.74,63,95.9,0.57,0.11,0.15,0.12,0.31,0.07,115,13,43,58,8,11,9,Masters
Valorant Masters Santiago 2026,nobody,EDG,"Sova, Skye",81,0.69,138.0,0.62,54,93.3,0.47,0.15,0.05,0.06,0.15,0.0,7,17,38,61,12,4,5,Masters
Valorant Masters Santiago 2026,wsleo,XLG,Sova,75,0.67,130.5,0.54,68,97.1,0.41,0.36,0.07,0.07,0.24,0.11,19,13,31,57,27,5,5,Masters
Valorant Masters Toronto 2025,t3xture,GEN,"Neon, Raze, Jett",255,1.23,258.2,1.44,74,159.5,0.94,0.19,0.21,0.17,0.28,0.37,719,27,239,166,48,54,43,Masters
Valorant Masters Toronto 2025,spring,WOL,"Omen, Viper, Astra",349,1.21,244.1,1.23,74,160.1,0.85,0.32,0.13,0.09,0.29,0.07,229,26,295,240,111,47,31,Masters
Valorant Masters Toronto 2025,verno,MIBR,Sova,71,1.18,230.5,1.02,70,157.6,0.79,0.3,0.04,0.04,0.28,0.14,322,19,56,55,21,3,3,Masters
Valorant Masters Toronto 2025,alfajer,FNC,"Iso, Raze, Cypher",419,1.17,257.9,1.3,73,167.6,0.94,0.14,0.17,0.11,0.32,0.12,433,29,392,301,60,73,45,Masters
Valorant Masters Toronto 2025,zekken,SEN,"Neon, Raze, Yoru",249,1.17,237.5,1.21,74,147.2,0.81,0.26,0.19,0.21,0.24,0.17,318,27,202,167,65,47,53,Masters
Valorant Masters Toronto 2025,trent,G2,"Fade, Sova, Tejo",198,1.17,214.2,1.22,81,138.0,0.77,0.25,0.1,0.07,0.35,0.13,430,22,152,125,49,19,13,Masters
Valorant Masters Toronto 2025,leaf,G2,"Viper, Killjoy, Vyse",198,1.15,230.3,1.21,75,148.6,0.81,0.26,0.08,0.08,0.24,0.29,1035,24,161,133,51,15,16,Masters
Valorant Masters Toronto 2025,chronicle,FNC,"Cypher, Viper, Sage",419,1.13,207.6,1.18,72,141.1,0.72,0.3,0.08,0.06,0.26,0.14,751,27,302,257,127,35,25,Masters
Valorant Masters Toronto 2025,whzy,BLG,"Jett, Neon, Raze",179,1.13,253.1,1.21,68,155.5,0.89,0.16,0.19,0.17,0.28,0.13,216,29,160,132,29,34,31,Masters
Valorant Masters Toronto 2025,f0rsaken,PRX,"Omen, Fade, Sova",387,1.12,208.9,1.06,74,137.5,0.72,0.4,0.1,0.08,0.26,0.31,929,25,280,263,156,37,31,Masters
Valorant Masters Toronto 2025,jinggg,PRX,"Raze, Omen",387,1.1,229.1,1.15,73,151.9,0.78,0.26,0.14,0.13,0.23,0.08,225,26,303,264,100,54,50,Masters
Valorant Masters Toronto 2025,keiko,TL,"Harbor, Omen, Iso",187,1.1,199.3,1.17,72,132.9,0.76,0.17,0.09,0.07,0.45,0.13,431,29,142,121,32,16,13,Masters
Valorant Masters Toronto 2025,n4rrate,SEN,"Fade, Breach, Tejo",249,1.08,219.5,1.06,75,140.1,0.74,0.34,0.06,0.09,0.24,0.25,520,21,185,174,85,16,23,Masters
Valorant Masters Toronto 2025,d4v41,PRX,"Viper, Vyse, Sage",387,1.07,189.4,1.12,73,131.7,0.72,0.23,0.05,0.07,0.26,0.1,661,29,277,247,88,21,26,Masters
Valorant Masters Toronto 2025,happywei,XLG,"Cypher, Killjoy",75,1.06,223.0,0.97,61,147.0,0.76,0.17,0.16,0.15,0.45,0.12,217,20,57,59,13,12,11,Masters
Valorant Masters Toronto 2025,kaajak,FNC,"Yoru, Neon, Jett",419,1.06,218.3,1.13,71,141.5,0.78,0.16,0.19,0.16,0.35,0.18,739,32,327,290,66,79,65,Masters
Valorant Masters Toronto 2025,rushia,BLG,"Harbor, Omen",179,1.03,201.9,0.99,72,130.6,0.7,0.38,0.12,0.08,0.27,0.1,221,23,126,127,68,22,15,Masters
Valorant Masters Toronto 2025,karon,GEN,Omen,255,1.03,189.3,1.09,76,125.6,0.69,0.32,0.09,0.09,0.31,0.11,435,24,176,161,81,22,23,Masters
Valorant Masters Toronto 2025,crashies,FNC,"Sova, Fade",419,1.03,181.8,1.07,74,126.4,0.65,0.29,0.05,0.03,0.34,0.1,551,26,273,254,120,20,11,Masters
Valorant Masters Toronto 2025,ash,GEN,"Sova, Tejo, Fade",255,1.02,173.9,1.05,74,118.3,0.62,0.22,0.05,0.03,0.31,0.15,533,19,158,150,57,14,7,Masters
Valorant Masters Toronto 2025,patmen,PRX,"Fade, Viper, Kayo",387,1.01,193.0,1.02,73,124.2,0.68,0.32,0.06,0.08,0.31,0.24,1041,22,263,257,123,24,32,Masters
Valorant Masters Toronto 2025,penny,TL,"Omen, Phoenix, Jett",121,1.0,188.4,0.98,73,131.3,0.67,0.29,0.12,0.1,0.2,0.22,29,30,81,83,35,15,12,Masters
Valorant Masters Toronto 2025,munchkin,GEN,"Viper, Kayo",255,0.99,207.8,1.02,72,134.1,0.68,0.35,0.1,0.1,0.22,0.05,119,21,174,170,90,25,26,Masters
Valorant Masters Toronto 2025,bang,SEN,"Omen, Viper",249,0.99,188.1,0.99,72,112.5,0.69,0.33,0.08,0.08,0.34,0.14,321,19,171,172,83,21,19,Masters
Valorant Masters Toronto 2025,johnqt,SEN,"Breach, Viper, Skye",249,0.99,166.3,0.94,77,109.7,0.59,0.38,0.05,0.07,0.26,0.08,336,18,147,156,95,13,17,Masters
Valorant Masters Toronto 2025,zellsis,SEN,"Cypher, Vyse, Viper",249,0.99,173.6,0.95,70,118.2,0.61,0.28,0.07,0.09,0.21,0.12,433,20,152,160,69,17,23,Masters
Valorant Masters Toronto 2025,jawgemo,G2,"Yoru, Neon, Sage",198,0.98,217.1,1.0,72,143.7,0.73,0.25,0.16,0.19,0.23,0.0,11,19,144,144,50,32,38,Masters
Valorant Masters Toronto 2025,monyet,RRQ,"Omen, Viper, Neon",100,0.97,196.4,0.89,67,130.3,0.66,0.31,0.05,0.13,0.26,0.0,9,17,66,74,31,5,13,Masters
Valorant Masters Toronto 2025,something,PRX,"Yoru, Sova, Jett",387,0.96,192.2,1.0,73,123.9,0.68,0.2,0.14,0.15,0.25,0.08,339,22,265,265,78,54,58,Masters
Valorant Masters Toronto 2025,kamo,TL,"Clove, Neon, Chamber",187,0.96,210.8,0.99,70,141.9,0.75,0.2,0.16,0.17,0.35,0.2,15,26,140,141,38,30,32,Masters
Valorant Masters Toronto 2025,juicy,WOL,"Yoru, Jett, Raze",349,0.95,212.0,1.0,67,139.5,0.74,0.19,0.19,0.17,0.25,0.31,516,23,260,260,65,65,61,Masters
Valorant Masters Toronto 2025,wo0t,TH,"Breach, Gekko, Jett",81,0.94,183.0,0.86,68,118.9,0.63,0.36,0.1,0.15,0.34,0.1,110,17,51,59,29,8,12,Masters
Valorant Masters Toronto 2025,nephh,BLG,"Viper, Breach, Kayo",179,0.93,178.6,0.87,72,117.9,0.59,0.46,0.07,0.08,0.22,0.17,318,21,106,122,82,12,14,Masters
Valorant Masters Toronto 2025,valyn,G2,Omen,198,0.93,172.1,0.86,75,109.6,0.61,0.37,0.07,0.08,0.22,0.06,118,20,121,140,73,14,16,Masters
Valorant Masters Toronto 2025,jonahp,G2,"Breach, Viper, Fade",198,0.93,178.8,0.9,76,113.2,0.61,0.39,0.04,0.14,0.24,0.08,113,20,120,133,77,8,27,Masters
Valorant Masters Toronto 2025,lysoar,WOL,"Deadlock, Killjoy, Omen",349,0.91,174.5,0.88,72,112.1,0.6,0.33,0.08,0.06,0.25,0.13,538,19,211,241,115,28,22,Masters
Valorant Masters Toronto 2025,siufatbb,WOL,"Sova, Fade",349,0.91,151.1,0.88,70,99.9,0.54,0.25,0.03,0.05,0.28,0.23,1565,17,190,217,88,12,16,Masters
Valorant Masters Toronto 2025,patitek,TL,"Kayo, Sova, Fade",187,0.91,183.1,0.88,72,117.7,0.61,0.21,0.09,0.07,0.27,0.08,224,23,114,130,39,17,14,Masters
Valorant Masters Toronto 2025,levius,BLG,"Killjoy, Cypher, Vyse",179,0.9,158.1,0.94,70,111.4,0.59,0.16,0.03,0.11,0.23,0.0,26,19,105,112,28,5,19,Masters
Valorant Masters Toronto 2025,xffero,RRQ,"Cypher, Killjoy, Viper",100,0.9,175.2,0.89,65,118.8,0.64,0.17,0.07,0.07,0.32,0.08,113,15,64,72,17,7,7,Masters
Valorant Masters Toronto 2025,yuicaw,WOL,"Cypher, Gekko, Raze",349,0.89,175.0,0.89,63,117.3,0.62,0.19,0.09,0.1,0.27,0.09,447,24,218,244,68,33,34,Masters
Valorant Masters Toronto 2025,foxy9,GEN,"Killjoy, Deadlock, Vyse",255,0.88,179.2,0.98,71,111.6,0.65,0.18,0.08,0.08,0.32,0.28,725,21,167,170,46,20,21,Masters
Valorant Masters Toronto 2025,kushy,RRQ,"Sova, Vyse",100,0.88,174.0,0.86,70,114.0,0.62,0.22,0.01,0.05,0.39,0.17,212,23,62,72,22,1,5,Masters
Valorant Masters Toronto 2025,nats,TL,"Viper, Cypher",111,0.88,186.0,0.88,74,121.2,0.64,0.2,0.08,0.05,0.28,0.12,217,18,71,81,22,9,6,Masters
Valorant Masters Toronto 2025,rarga,XLG,"Neon, Jett, Yoru",75,0.86,217.0,0.88,64,136.1,0.76,0.16,0.2,0.25,0.41,0.33,26,20,57,65,12,15,19,Masters
Valorant Masters Toronto 2025,riens,TH,"Fade, Sova, Viper",81,0.85,191.5,0.84,63,125.0,0.63,0.25,0.09,0.12,0.28,0.0,7,17,51,61,20,7,10,Masters
Valorant Masters Toronto 2025,benjyfishy,TH,"Killjoy, Cypher",81,0.85,178.8,0.85,62,119.9,0.63,0.11,0.12,0.06,0.3,0.17,212,18,51,60,9,10,5,Masters
Valorant Masters Toronto 2025,jemkin,RRQ,"Jett, Raze, Yoru",100,0.85,196.8,0.88,66,138.2,0.69,0.14,0.21,0.16,0.33,0.0,5,19,69,78,14,21,16,Masters
Valorant Masters Toronto 2025,boaster,FNC,"Omen, Astra, Viper",419,0.84,143.4,0.76,72,94.4,0.47,0.36,0.08,0.08,0.25,0.09,335,21,199,261,149,33,33,Masters
Valorant Masters Toronto 2025,knight,BLG,"Sova, Fade, Cypher",179,0.83,149.1,0.81,69,105.0,0.51,0.23,0.06,0.09,0.26,0.07,115,18,92,113,42,11,16,Masters
Valorant Masters Toronto 2025,serial,TL,"Gekko, Killjoy, Cypher",142,0.83,155.2,0.84,66,103.1,0.57,0.16,0.09,0.07,0.45,0.32,619,20,81,97,23,13,10,Masters
Valorant Masters Toronto 2025,boo,TH,"Astra, Viper, Omen",81,0.76,139.5,0.7,62,86.7,0.48,0.43,0.02,0.1,0.38,0.06,117,14,39,56,35,2,8,Masters
Valorant Masters Toronto 2025,crazyguy,RRQ,"Kayo, Omen, Fade",100,0.75,144.2,0.65,64,90.7,0.47,0.34,0.11,0.14,0.25,0.09,222,11,47,72,34,11,14,Masters
Valorant Masters Toronto 2025,miniboo,TH,"Yoru, Neon, Raze",81,0.74,167.5,0.81,60,105.6,0.64,0.09,0.12,0.11,0.31,0.0,8,19,52,64,7,10,9,Masters
Valorant Masters Toronto 2025,xenom,MIBR,"Omen, Viper",71,0.71,148.3,0.65,63,101.7,0.55,0.15,0.06,0.14,0.35,0.0,12,15,39,60,11,4,10,Masters
Valorant Masters Toronto 2025,cortezia,MIBR,"Cypher, Killjoy",71,0.69,164.0,0.66,59,115.2,0.55,0.17,0.1,0.14,0.33,0.0,10,12,39,59,12,7,10,Masters
Valorant Masters Toronto 2025,viva,XLG,Sova,75,0.67,147.0,0.51,59,107.6,0.44,0.28,0.05,0.03,0.27,0.0,16,11,33,65,21,4,2,Masters
Valorant Masters Toronto 2025,coconut,XLG,"Omen, Viper",75,0.65,128.3,0.57,65,82.6,0.45,0.29,0.01,0.08,0.26,0.23,313,12,34,60,22,1,6,Masters
Valorant Masters Toronto 2025,midi,XLG,"Breach, Gekko",75,0.59,132.0,0.58,61,88.8,0.48,0.19,0.04,0.03,0.34,0.0,5,14,36,62,14,3,2,Masters
Valorant Masters Toronto 2025,aspas,MIBR,"Neon, Jett, Raze",71,0.53,129.8,0.53,59,88.8,0.44,0.17,0.07,0.21,0.18,0.2,15,10,31,59,12,5,15,Masters
Valorant Masters Toronto 2025,artzin,MIBR,"Breach, Harbor, Gekko",71,0.51,121.5,0.52,66,86.3,0.44,0.25,0.04,0.15,0.26,0.0,5,12,31,60,18,3,11,Masters
Valorant Masters Toronto 2025,tarik,tarik,Reyna,20,0.0,0.0,0.94,0,0.0,0.85,0.3,0.0,0.0,0.0,0.0,0,17,17,18,6,0,0,Masters
Valorant Masters Toronto 2025,kyedae,tarik,Vyse,20,0.0,0.0,1.0,0,0.0,0.75,0.4,0.0,0.0,0.0,0.0,0,15,15,15,8,0,0,Masters
Valorant Masters Toronto 2025,joshseki,tarik,Astra,20,0.0,0.0,0.63,0,0.0,0.5,0.35,0.0,0.0,0.0,0.0,0,10,10,16,7,0,0,Masters
Valorant Masters Toronto 2025,vinnie,tarik,Sova,20,0.0,0.0,0.87,0,0.0,0.65,0.2,0.0,0.0,0.0,0.0,0,13,13,15,4,0,0,Masters
Valorant Masters Toronto 2025,yvonnie,tarik,Sage,20,0.0,0.0,0.4,0,0.0,0.3,0.35,0.0,0.0,0.0,0.0,0,6,6,15,7,0,0,Masters
Valorant Masters Toronto 2025,disguised toast,Team,Cypher,20,0.0,0.0,1.0,0,0.0,0.6,0.25,0.0,0.0,0.0,0.0,0,12,12,12,5,0,0,Masters
Valorant Masters Toronto 2025,jacob,Team,Gekko,20,0.0,0.0,0.46,0,0.0,0.3,0.25,0.0,0.0,0.0,0.0,0,6,6,13,5,0,0,Masters
Valorant Masters Toronto 2025,mel,Team,Omen,20,0.0,0.0,2.56,0,0.0,1.15,0.55,0.0,0.0,0.0,0.0,0,23,23,9,11,0,0,Masters
Valorant Masters Toronto 2025,sidsity,Team,Fade,20,0.0,0.0,1.25,0,0.0,0.75,0.2,0.0,0.0,0.0,0.0,0,15,15,12,4,0,0,Masters
Valorant Masters Toronto 2025,tenz,Team,Jett,20,0.0,0.0,1.71,0,0.0,1.2,0.2,0.0,0.0,0.0,0.0,0,24,24,14,4,0,0,Masters
Valorant Masters Bangkok 2025,chichoo,EDG,"Viper, Vyse, Omen",313,1.23,235.6,1.27,71,158.1,0.87,0.28,0.08,0.07,0.28,0.22,1151,36,271,213,87,24,22,Masters
Valorant Masters Bangkok 2025,nats,TL,"Viper, Chamber, Cypher",155,1.21,257.6,1.32,72,155.1,0.91,0.19,0.09,0.12,0.26,0.13,323,25,141,107,29,14,18,Masters
Valorant Masters Bangkok 2025,trent,G2,"Tejo, Sova",360,1.21,220.0,1.21,75,146.9,0.76,0.32,0.09,0.09,0.25,0.29,1448,26,274,226,116,31,31,Masters
Valorant Masters Bangkok 2025,derke,VIT,"Raze, Yoru, Jett",225,1.18,257.2,1.2,70,166.8,0.91,0.17,0.2,0.2,0.22,0.31,516,32,204,170,38,46,45,Masters
Valorant Masters Bangkok 2025,izu,T1,"Yoru, Fade, Cypher",453,1.13,207.1,1.24,75,130.6,0.75,0.21,0.11,0.09,0.3,0.31,1961,21,341,276,96,48,40,Masters
Valorant Masters Bangkok 2025,free1ng,DRX,Tejo,149,1.1,227.3,1.16,77,146.9,0.79,0.26,0.12,0.11,0.29,0.07,115,24,117,101,38,18,16,Masters
Valorant Masters Bangkok 2025,keiko,TL,"Raze, Astra, Omen",155,1.09,198.9,1.09,77,137.7,0.75,0.34,0.1,0.08,0.3,0.1,220,31,117,107,52,15,12,Masters
Valorant Masters Bangkok 2025,trexx,VIT,"Brimstone, Fade, Sova",225,1.09,207.3,1.02,72,134.3,0.68,0.44,0.05,0.05,0.19,0.09,332,28,153,150,98,12,11,Masters
Valorant Masters Bangkok 2025,beyn,DRX,"Breach, Sova, Fade",149,1.08,182.4,1.03,78,117.3,0.64,0.44,0.06,0.07,0.25,0.21,419,17,95,92,65,9,10,Masters
Valorant Masters Bangkok 2025,buzz,T1,"Raze, Neon, Yoru",453,1.08,239.5,1.12,72,150.4,0.82,0.24,0.17,0.14,0.17,0.2,630,26,370,331,107,78,62,Masters
Valorant Masters Bangkok 2025,valyn,G2,"Brimstone, Omen, Astra",360,1.08,186.8,1.06,76,122.1,0.68,0.44,0.08,0.08,0.23,0.14,537,26,244,231,158,29,27,Masters
Valorant Masters Bangkok 2025,leaf,G2,"Vyse, Viper, Chamber",360,1.06,207.3,1.09,74,137.5,0.74,0.25,0.11,0.1,0.24,0.12,541,28,267,244,91,38,36,Masters
Valorant Masters Bangkok 2025,n4rrate,SEN,"Fade, Breach, Omen",103,1.05,202.4,0.97,76,148.4,0.73,0.39,0.13,0.04,0.27,0.13,215,33,75,77,40,13,4,Masters
Valorant Masters Bangkok 2025,meteor,T1,"Viper, Vyse, Killjoy",453,1.04,229.0,1.09,71,152.8,0.81,0.23,0.17,0.11,0.33,0.16,745,30,366,337,103,75,50,Masters
Valorant Masters Bangkok 2025,less,VIT,"Viper, Cypher, Brimstone",225,1.03,197.1,1.03,68,128.8,0.72,0.31,0.06,0.12,0.29,0.2,630,23,163,159,69,14,26,Masters
Valorant Masters Bangkok 2025,jawgemo,G2,"Yoru, Raze",360,1.03,218.5,1.06,71,142.9,0.77,0.29,0.13,0.18,0.23,0.38,924,29,277,262,104,47,64,Masters
Valorant Masters Bangkok 2025,sylvan,T1,"Omen, Brimstone, Astra",408,1.02,186.1,0.97,77,114.6,0.64,0.64,0.08,0.04,0.27,0.17,742,25,260,267,262,31,18,Masters
Valorant Masters Bangkok 2025,zmjjkk,EDG,"Jett, Raze, Yoru",313,1.01,236.2,1.04,70,151.0,0.83,0.19,0.21,0.22,0.23,0.04,127,33,260,249,59,66,70,Masters
Valorant Masters Bangkok 2025,stax,T1,"Fade, Kayo, Sova",453,1.01,173.6,1.01,74,120.3,0.63,0.34,0.04,0.04,0.31,0.17,1059,22,284,282,154,20,20,Masters
Valorant Masters Bangkok 2025,smoggy,EDG,"Omen, Brimstone, Astra",313,1.01,191.1,0.93,74,124.6,0.65,0.49,0.1,0.06,0.3,0.2,945,24,203,219,152,30,20,Masters
Valorant Masters Bangkok 2025,flashback,DRX,"Cypher, Vyse",149,1.0,180.4,1.0,71,126.4,0.68,0.17,0.09,0.07,0.26,0.08,225,26,101,101,26,13,11,Masters
Valorant Masters Bangkok 2025,kamo,TL,"Yoru, Jett, Raze",155,0.99,215.0,1.02,66,144.5,0.75,0.15,0.18,0.17,0.27,0.13,215,34,117,115,23,28,27,Masters
Valorant Masters Bangkok 2025,jonahp,G2,"Breach, Vyse, Skye",360,0.98,187.6,0.93,78,119.3,0.65,0.46,0.08,0.07,0.24,0.09,444,21,235,254,164,30,26,Masters
Valorant Masters Bangkok 2025,kicks,VIT,"Skye, Omen, Breach",225,0.94,174.3,0.93,73,115.0,0.63,0.36,0.05,0.11,0.27,0.22,627,20,142,153,82,11,25,Masters
Valorant Masters Bangkok 2025,nobody,EDG,"Tejo, Fade",313,0.94,180.1,0.9,71,123.9,0.62,0.23,0.09,0.09,0.3,0.04,124,25,195,216,71,27,27,Masters
Valorant Masters Bangkok 2025,bang,SEN,"Omen, Astra, Viper",103,0.93,186.0,0.91,68,113.8,0.65,0.32,0.11,0.11,0.31,0.25,28,22,67,74,33,11,11,Masters
Valorant Masters Bangkok 2025,kai,TE,"Vyse, Jett",74,0.92,200.8,0.87,62,128.6,0.73,0.12,0.14,0.12,0.31,0.08,113,20,54,62,9,10,9,Masters
Valorant Masters Bangkok 2025,zekken,SEN,"Raze, Jett",103,0.92,196.6,0.99,69,135.1,0.7,0.11,0.16,0.23,0.29,0.14,17,25,72,73,11,16,24,Masters
Valorant Masters Bangkok 2025,mako,DRX,"Omen, Brimstone, Astra",149,0.92,173.3,0.83,74,118.4,0.57,0.48,0.05,0.11,0.24,0.13,215,25,85,103,72,8,16,Masters
Valorant Masters Bangkok 2025,hyunmin,DRX,Yoru,149,0.9,205.9,0.89,71,134.0,0.72,0.22,0.17,0.15,0.32,0.0,7,23,108,121,33,25,23,Masters
Valorant Masters Bangkok 2025,kamyk,TL,"Astra, Sova, Tejo",155,0.86,180.3,0.85,74,118.3,0.61,0.25,0.06,0.06,0.31,0.1,221,23,95,112,38,9,9,Masters
Valorant Masters Bangkok 2025,biank,TE,"Fade, Sova",74,0.85,166.8,0.72,59,115.6,0.55,0.24,0.07,0.08,0.19,0.22,29,14,41,57,18,5,6,Masters
Valorant Masters Bangkok 2025,s1mon,EDG,"Breach, Kayo, Fade",313,0.83,151.5,0.75,71,100.7,0.54,0.42,0.03,0.06,0.3,0.17,635,19,169,225,133,9,18,Masters
Valorant Masters Bangkok 2025,johnqt,SEN,"Viper, Tejo",103,0.82,159.8,0.79,75,105.3,0.59,0.25,0.04,0.06,0.19,0.0,13,18,61,77,26,4,6,Masters
Valorant Masters Bangkok 2025,zellsis,SEN,"Vyse, Kayo, Brimstone",103,0.77,159.8,0.63,70,109.3,0.5,0.39,0.05,0.09,0.19,0.0,20,17,51,81,40,5,9,Masters
Valorant Masters Bangkok 2025,sayf,VIT,"Tejo, Vyse, Jett",225,0.75,155.9,0.74,69,100.1,0.53,0.25,0.07,0.09,0.22,0.09,222,18,119,160,56,15,20,Masters
Valorant Masters Bangkok 2025,luok1ng,TE,"Omen, Astra",74,0.74,155.8,0.67,66,105.2,0.54,0.31,0.05,0.07,0.34,0.0,16,13,40,60,23,4,5,Masters
Valorant Masters Bangkok 2025,patitek,TL,"Fade, Vyse, Breach",155,0.73,144.0,0.65,70,97.8,0.47,0.43,0.06,0.08,0.25,0.07,115,18,73,112,67,10,13,Masters
Valorant Masters Bangkok 2025,heybay,TE,"Viper, Kayo, Breach",74,0.69,134.3,0.54,59,89.7,0.42,0.3,0.07,0.09,0.26,0.0,8,12,31,57,22,5,7,Masters
Valorant Masters Bangkok 2025,carpe,T1,Brimstone,45,0.63,140.5,0.57,67,92.1,0.44,0.38,0.09,0.13,0.27,0.25,14,14,20,35,17,4,6,Masters
Valorant Masters Bangkok 2025,fengf,TE,"Raze, Omen, Cypher",74,0.55,151.0,0.56,57,104.6,0.47,0.16,0.11,0.2,0.21,0.13,18,14,35,63,12,8,15,Masters
Champions Tour 2024 Masters Shanghai,boo,TH,"Viper, Omen, Brimstone",492,0.0,177.6,1.05,0,110.2,0.65,0.42,0.09,0.06,0.0,0.0,0,20,320,306,207,42,30,Masters
Champions Tour 2024 Masters Shanghai,nobody,EDG,"Gekko, Skye",78,0.0,159.0,0.7,0,102.9,0.56,0.29,0.06,0.14,0.0,0.0,0,21,44,63,23,5,11,Masters
Champions Tour 2024 Masters Shanghai,meteor,GEN,"Killjoy, Yoru, Cypher",388,0.0,230.8,1.22,0,150.8,0.84,0.13,0.11,0.09,0.0,0.0,0,31,326,267,51,43,36,Masters
Champions Tour 2024 Masters Shanghai,karon,GEN,"Viper, Omen, Astra",388,0.0,193.2,1.13,0,125.9,0.7,0.45,0.06,0.07,0.0,0.0,0,26,270,238,175,22,28,Masters
Champions Tour 2024 Masters Shanghai,c0m,LEV,"Sova, Fade, Cypher",162,0.0,146.0,0.73,0,96.0,0.5,0.26,0.07,0.09,0.0,0.0,0,16,81,111,42,11,15,Masters
Champions Tour 2024 Masters Shanghai,tex,LEV,"Killjoy, Cypher, Gekko",162,0.0,219.8,1.16,0,145.7,0.77,0.23,0.07,0.07,0.0,0.0,0,20,125,108,37,12,12,Masters
Champions Tour 2024 Masters Shanghai,mazino,LEV,"Harbor, Omen, Kayo",162,0.0,199.3,1.01,0,135.8,0.73,0.36,0.09,0.08,0.0,0.0,0,30,119,118,59,14,13,Masters
Champions Tour 2024 Masters Shanghai,aspas,LEV,"Jett, Raze",162,0.0,237.8,1.17,0,158.0,0.85,0.17,0.21,0.12,0.0,0.0,0,23,137,117,28,34,20,Masters
Champions Tour 2024 Masters Shanghai,kingg,LEV,"Viper, Omen",162,0.0,210.1,1.05,0,140.7,0.75,0.32,0.09,0.1,0.0,0.0,0,28,121,115,52,14,16,Masters
Champions Tour 2024 Masters Shanghai,jinggg,PRX,"Raze, Reyna, Sage",171,0.0,217.5,0.99,0,151.7,0.77,0.21,0.09,0.1,0.0,0.0,0,24,132,134,36,15,17,Masters
Champions Tour 2024 Masters Shanghai,mindfreak,PRX,"Omen, Brimstone, Viper",171,0.0,180.4,0.91,0,120.7,0.64,0.32,0.06,0.05,0.0,0.0,0,23,110,121,55,11,8,Masters
Champions Tour 2024 Masters Shanghai,f0rsaken,PRX,"Skye, Breach, Harbor",171,0.0,189.0,0.89,0,122.0,0.67,0.43,0.08,0.13,0.0,0.0,0,29,114,128,74,13,22,Masters
Champions Tour 2024 Masters Shanghai,d4v41,PRX,"Viper, Skye, Sage",171,0.0,182.5,1.03,0,128.4,0.68,0.32,0.05,0.06,0.0,0.0,0,20,117,114,55,8,10,Masters
Champions Tour 2024 Masters Shanghai,something,PRX,"Jett, Gekko, Reyna",171,0.0,237.8,1.12,0,152.2,0.81,0.29,0.2,0.19,0.0,0.0,0,25,138,123,49,34,33,Masters
Champions Tour 2024 Masters Shanghai,zmjjkk,EDG,Raze,78,0.0,243.0,0.91,0,154.1,0.81,0.15,0.17,0.17,0.0,0.0,0,20,63,69,12,13,13,Masters
Champions Tour 2024 Masters Shanghai,munchkin,GEN,"Kayo, Viper",388,0.0,177.6,0.98,0,119.5,0.62,0.39,0.06,0.09,0.0,0.0,0,21,239,244,151,23,35,Masters
Champions Tour 2024 Masters Shanghai,haodong,EDG,"Cypher, Gekko",78,0.0,136.0,0.54,0,83.6,0.45,0.21,0.12,0.12,0.0,0.0,0,14,35,65,16,9,9,Masters
Champions Tour 2024 Masters Shanghai,smoggy,EDG,Omen,78,0.0,237.0,1.1,0,156.4,0.82,0.26,0.09,0.04,0.0,0.0,0,25,64,58,20,7,3,Masters
Champions Tour 2024 Masters Shanghai,chichoo,EDG,"Astra, Viper",78,0.0,186.5,0.88,0,122.4,0.65,0.26,0.05,0.05,0.0,0.0,0,15,51,58,20,4,4,Masters
Champions Tour 2024 Masters Shanghai,asuna,100T,"Gekko, Raze, Kayo",188,0.0,202.8,0.98,0,135.3,0.7,0.3,0.12,0.15,0.0,0.0,0,24,131,134,57,22,28,Masters
Champions Tour 2024 Masters Shanghai,boostio,100T,"Killjoy, Gekko, Cypher",188,0.0,183.0,0.91,0,125.1,0.66,0.2,0.1,0.12,0.0,0.0,0,22,125,137,37,19,22,Masters
Champions Tour 2024 Masters Shanghai,eeiu,100T,"Sova, Fade",188,0.0,188.9,1.0,0,124.5,0.66,0.25,0.05,0.05,0.0,0.0,0,16,124,124,47,10,10,Masters
Champions Tour 2024 Masters Shanghai,bang,100T,"Viper, Omen",188,0.0,200.2,1.01,0,133.8,0.7,0.25,0.1,0.06,0.0,0.0,0,23,131,130,47,18,11,Masters
Champions Tour 2024 Masters Shanghai,cryocells,100T,"Jett, Brimstone, Gekko",188,0.0,219.2,1.07,0,140.2,0.78,0.26,0.12,0.14,0.0,0.0,0,32,146,137,48,22,26,Masters
Champions Tour 2024 Masters Shanghai,boaster,FNC,"Omen, Brimstone, Viper",125,0.0,137.0,0.65,0,95.4,0.47,0.31,0.08,0.11,0.0,0.0,0,17,59,91,39,10,14,Masters
Champions Tour 2024 Masters Shanghai,chronicle,FNC,"Viper, Skye, Kayo",125,0.0,172.5,0.81,0,118.1,0.59,0.33,0.06,0.11,0.0,0.0,0,19,74,91,41,8,14,Masters
Champions Tour 2024 Masters Shanghai,leo,FNC,"Fade, Gekko, Sova",125,0.0,186.3,1.01,0,124.6,0.65,0.36,0.03,0.05,0.0,0.0,0,19,81,80,45,4,6,Masters
Champions Tour 2024 Masters Shanghai,derke,FNC,"Raze, Yoru, Jett",125,0.0,258.5,1.17,0,165.3,0.86,0.23,0.18,0.12,0.0,0.0,0,26,108,92,29,22,15,Masters
Champions Tour 2024 Masters Shanghai,t3xture,GEN,"Jett, Raze",388,0.0,241.2,1.21,0,148.2,0.85,0.14,0.22,0.17,0.0,0.0,0,28,328,272,55,84,67,Masters
Champions Tour 2024 Masters Shanghai,lakia,GEN,"Gekko, Fade, Sova",388,0.0,188.9,1.05,0,126.3,0.66,0.34,0.08,0.05,0.0,0.0,0,19,256,243,131,31,19,Masters
Champions Tour 2024 Masters Shanghai,riens,TH,"Sova, Breach, Skye",492,0.0,207.8,1.14,0,137.5,0.74,0.39,0.06,0.04,0.0,0.0,0,25,362,317,191,31,22,Masters
Champions Tour 2024 Masters Shanghai,lysoar,FPX,"Omen, Killjoy",211,0.0,148.4,0.75,0,104.1,0.52,0.22,0.06,0.09,0.0,0.0,0,26,109,145,47,13,18,Masters
Champions Tour 2024 Masters Shanghai,patitek,TH,"Kayo, Fade, Skye",492,0.0,198.6,1.05,0,131.4,0.69,0.41,0.09,0.07,0.0,0.0,0,20,338,323,201,44,34,Masters
Champions Tour 2024 Masters Shanghai,wo0t,TH,"Jett, Raze, Viper",492,0.0,248.0,1.21,0,158.5,0.87,0.17,0.24,0.16,0.0,0.0,0,37,427,352,85,118,79,Masters
Champions Tour 2024 Masters Shanghai,benjyfishy,TH,"Killjoy, Cypher, Viper",492,0.0,196.0,1.11,0,131.2,0.72,0.2,0.09,0.09,0.0,0.0,0,28,353,319,99,46,46,Masters
Champions Tour 2024 Masters Shanghai,vo0kashu,DRG,"Killjoy, Cypher",85,0.0,223.5,1.0,0,156.2,0.74,0.31,0.06,0.08,0.0,0.0,0,21,63,63,26,5,7,Masters
Champions Tour 2024 Masters Shanghai,nizhaotzh,DRG,"Viper, Omen, Brimstone",85,0.0,209.3,1.05,0,141.0,0.79,0.25,0.07,0.06,0.0,0.0,0,25,67,64,21,6,5,Masters
Champions Tour 2024 Masters Shanghai,tvirusluke,DRG,"Jett, Raze",85,0.0,202.0,0.74,0,154.6,0.65,0.18,0.18,0.2,0.0,0.0,0,23,55,74,15,15,17,Masters
Champions Tour 2024 Masters Shanghai,nicc,DRG,"Sova, Kayo, Skye",85,0.0,183.0,0.79,0,121.1,0.59,0.28,0.06,0.11,0.0,0.0,0,20,50,63,24,5,9,Masters
Champions Tour 2024 Masters Shanghai,shion7,DRG,"Harbor, Gekko, Sova",85,0.0,122.5,0.55,0,93.7,0.42,0.21,0.04,0.15,0.0,0.0,0,14,36,65,18,3,13,Masters
Champions Tour 2024 Masters Shanghai,autumn,FPX,"Cypher, Viper, Kayo",211,0.0,193.6,0.99,0,130.8,0.66,0.34,0.06,0.08,0.0,0.0,0,21,140,142,72,12,16,Masters
Champions Tour 2024 Masters Shanghai,life,FPX,"Yoru, Raze, Clove",211,0.0,239.2,1.01,0,154.5,0.82,0.21,0.16,0.22,0.0,0.0,0,30,174,173,45,34,46,Masters
Champions Tour 2024 Masters Shanghai,berlin,FPX,"Harbor, Astra, Omen",211,0.0,212.0,1.02,0,141.9,0.73,0.33,0.14,0.1,0.0,0.0,0,28,153,150,70,30,21,Masters
Champions Tour 2024 Masters Shanghai,aaaay,FPX,"Fade, Gekko",211,0.0,191.2,1.09,0,130.1,0.74,0.19,0.08,0.02,0.0,0.0,0,30,156,143,40,16,5,Masters
Champions Tour 2024 Masters Shanghai,cned,FUT,"Raze, Jett, Chamber",305,0.0,216.0,1.01,0,148.4,0.77,0.2,0.15,0.16,0.0,0.0,0,29,235,233,60,45,50,Masters
Champions Tour 2024 Masters Shanghai,carpe,T1,"Sova, Fade, Omen",103,0.0,196.2,1.03,0,131.9,0.71,0.28,0.08,0.1,0.0,0.0,0,26,73,71,29,8,10,Masters
Champions Tour 2024 Masters Shanghai,qraxs,FUT,"Gekko, Breach, Kayo",305,0.0,181.2,0.89,0,118.4,0.65,0.38,0.06,0.06,0.0,0.0,0,29,198,222,115,18,17,Masters
Champions Tour 2024 Masters Shanghai,atakaptan,FUT,"Omen, Viper",305,0.0,192.5,0.91,0,120.8,0.69,0.34,0.07,0.14,0.0,0.0,0,23,209,229,105,22,42,Masters
Champions Tour 2024 Masters Shanghai,mrfalin,FUT,"Breach, Omen, Sova",305,0.0,173.9,0.84,0,116.5,0.61,0.41,0.06,0.1,0.0,0.0,0,21,186,222,126,19,30,Masters
Champions Tour 2024 Masters Shanghai,yetujey,FUT,"Cypher, Killjoy, Viper",305,0.0,189.4,1.0,0,127.2,0.67,0.21,0.1,0.11,0.0,0.0,0,18,205,206,63,29,34,Masters
Champions Tour 2024 Masters Shanghai,valyn,G2,"Astra, Harbor, Omen",344,0.0,178.4,0.92,0,117.1,0.65,0.36,0.06,0.1,0.0,0.0,0,20,222,241,124,20,33,Masters
Champions Tour 2024 Masters Shanghai,jonahp,G2,"Viper, Skye, Breach",344,0.0,203.3,1.0,0,128.9,0.72,0.35,0.07,0.12,0.0,0.0,0,28,246,245,121,25,41,Masters
Champions Tour 2024 Masters Shanghai,leaf,G2,"Cypher, Killjoy, Viper",344,0.0,208.2,0.98,0,140.3,0.72,0.23,0.11,0.13,0.0,0.0,0,28,248,254,79,37,45,Masters
Champions Tour 2024 Masters Shanghai,icy,G2,"Yoru, Gekko, Raze",344,0.0,196.1,0.9,0,131.5,0.67,0.24,0.16,0.11,0.0,0.0,0,22,232,258,84,55,39,Masters
Champions Tour 2024 Masters Shanghai,trent,G2,"Sova, Fade, Gekko",344,0.0,184.1,0.85,0,120.0,0.62,0.32,0.09,0.05,0.0,0.0,0,27,212,248,111,31,18,Masters
Champions Tour 2024 Masters Shanghai,rossy,T1,"Viper, Breach",103,0.0,217.6,1.15,0,130.8,0.75,0.27,0.06,0.06,0.0,0.0,0,20,77,67,28,6,6,Masters
Champions Tour 2024 Masters Shanghai,sayaplayer,T1,"Jett, Sage, Raze",103,0.0,173.6,0.83,0,121.3,0.62,0.17,0.07,0.14,0.0,0.0,0,19,64,77,17,7,14,Masters
Champions Tour 2024 Masters Shanghai,xccurate,T1,"Harbor, Chamber, Sage",103,0.0,180.2,0.88,0,114.9,0.67,0.18,0.09,0.12,0.0,0.0,0,18,69,78,19,9,12,Masters
Champions Tour 2024 Masters Shanghai,izu,T1,"Yoru, Reyna, Omen",103,0.0,210.8,0.83,0,134.0,0.72,0.29,0.17,0.13,0.0,0.0,0,19,74,89,30,18,13,Masters
Champions Tour 2024 Masters Shanghai,alfajer,FNC,"Killjoy, Viper, Cypher",125,0.0,221.5,1.1,0,150.3,0.78,0.22,0.12,0.14,0.0,0.0,0,26,98,89,28,15,17,Masters
Champions Tour 2024 Masters Madrid,n4rrate,KC,"Gekko, Fade, Raze",157,1.29,245.7,1.27,73,163.7,0.84,0.41,0.12,0.1,0.26,0.21,419,27,132,104,65,19,16,Masters
Champions Tour 2024 Masters Madrid,less,LOUD,"Viper, Cypher",250,1.22,213.2,1.32,80,155.1,0.78,0.32,0.09,0.08,0.3,0.03,135,27,195,148,80,23,20,Masters
Champions Tour 2024 Masters Madrid,tuyz,LOUD,"Harbor, Viper, Omen",250,1.21,190.4,1.29,74,128.0,0.74,0.32,0.05,0.05,0.3,0.11,437,22,186,144,80,13,12,Masters
Champions Tour 2024 Masters Madrid,riens,TH,"Gekko, Sova, Breach",130,1.17,230.3,1.14,78,157.3,0.79,0.34,0.11,0.05,0.36,0.0,22,22,103,90,44,14,7,Masters
Champions Tour 2024 Masters Madrid,miniboo,TH,"Neon, Yoru, Raze",130,1.17,245.0,1.24,77,153.6,0.88,0.28,0.17,0.14,0.31,0.25,312,25,114,92,37,22,18,Masters
Champions Tour 2024 Masters Madrid,zekken,SEN,"Raze, Jett",421,1.15,259.5,1.21,74,167.1,0.9,0.21,0.23,0.19,0.22,0.17,530,32,381,314,90,96,81,Masters
Champions Tour 2024 Masters Madrid,johnqt,SEN,"Viper, Cypher, Killjoy",421,1.12,198.1,1.17,79,130.9,0.7,0.28,0.09,0.04,0.24,0.18,1480,21,293,251,117,36,18,Masters
Champions Tour 2024 Masters Madrid,tenz,SEN,"Omen, Gekko, Kayo",421,1.07,208.2,1.05,77,131.2,0.75,0.54,0.09,0.08,0.29,0.27,830,25,314,300,226,36,32,Masters
Champions Tour 2024 Masters Madrid,zmjjkk,EDG,"Raze, Kayo, Jett",154,1.07,252.0,1.08,69,164.3,0.88,0.25,0.19,0.11,0.25,0.14,214,30,135,125,39,29,17,Masters
Champions Tour 2024 Masters Madrid,munchkin,GEN,"Kayo, Viper",328,1.07,189.6,1.09,71,125.5,0.67,0.4,0.06,0.08,0.22,0.13,754,19,220,201,131,20,27,Masters
Champions Tour 2024 Masters Madrid,benjyfishy,TH,"Killjoy, Cypher, Viper",130,1.06,216.8,1.12,72,140.4,0.78,0.23,0.11,0.09,0.29,0.13,215,24,101,90,30,14,12,Masters
Champions Tour 2024 Masters Madrid,something,PRX,"Gekko, Reyna, Jett",366,1.06,212.6,1.08,70,136.6,0.75,0.22,0.15,0.11,0.25,0.14,642,24,274,254,79,54,42,Masters
Champions Tour 2024 Masters Madrid,meteor,GEN,"Killjoy, Yoru, Jett",328,1.06,230.0,1.14,73,152.0,0.82,0.19,0.12,0.13,0.29,0.13,324,22,268,236,61,40,41,Masters
Champions Tour 2024 Masters Madrid,karon,GEN,"Viper, Astra, Omen",328,1.06,207.3,1.06,74,140.4,0.74,0.36,0.1,0.06,0.29,0.16,745,20,242,229,119,32,19,Masters
Champions Tour 2024 Masters Madrid,cauanzin,LOUD,"Sova, Breach",250,1.05,223.3,1.1,74,143.1,0.78,0.29,0.1,0.1,0.25,0.07,115,22,195,178,72,24,25,Masters
Champions Tour 2024 Masters Madrid,f0rsaken,PRX,"Kayo, Harbor, Yoru",366,1.04,216.5,1.02,69,140.4,0.75,0.36,0.12,0.1,0.3,0.2,525,25,273,268,132,44,38,Masters
Champions Tour 2024 Masters Madrid,magnum,KC,"Killjoy, Fade, Skye",157,1.04,195.1,1.0,69,129.3,0.68,0.29,0.1,0.08,0.23,0.07,115,18,106,106,45,15,13,Masters
Champions Tour 2024 Masters Madrid,t3xture,GEN,"Jett, Raze",328,1.03,224.1,1.07,71,144.3,0.8,0.16,0.16,0.13,0.24,0.17,423,22,264,246,53,54,41,Masters
Champions Tour 2024 Masters Madrid,marteen,KC,"Jett, Raze, Yoru",157,1.03,214.6,1.02,73,138.4,0.75,0.2,0.16,0.18,0.24,0.13,18,29,118,116,32,25,29,Masters
Champions Tour 2024 Masters Madrid,autumn,FPX,"Jett, Raze, Phoenix",86,1.03,231.8,0.96,69,154.5,0.79,0.19,0.22,0.08,0.28,0.33,26,25,68,71,16,19,7,Masters
Champions Tour 2024 Masters Madrid,smoggy,EDG,"Kayo, Raze, Breach",154,1.02,194.4,0.99,73,127.9,0.71,0.36,0.09,0.06,0.29,0.11,435,19,110,111,56,14,9,Masters
Champions Tour 2024 Masters Madrid,saadhak,LOUD,"Killjoy, Kayo, Sova",250,1.01,191.3,0.99,73,128.1,0.65,0.38,0.09,0.13,0.17,0.17,423,21,162,163,94,22,33,Masters
Champions Tour 2024 Masters Madrid,life,FPX,"Reyna, Chamber, Jett",86,1.0,230.8,1.04,64,157.6,0.83,0.12,0.15,0.15,0.39,0.33,39,25,71,68,10,13,13,Masters
Champions Tour 2024 Masters Madrid,d4v41,PRX,"Sage, Fade, Viper",366,0.98,182.3,0.9,70,121.5,0.64,0.39,0.04,0.05,0.28,0.13,862,25,234,259,143,16,17,Masters
Champions Tour 2024 Masters Madrid,zellsis,SEN,"Killjoy, Kayo, Brimstone",421,0.98,188.4,0.93,72,121.9,0.62,0.41,0.06,0.08,0.19,0.14,643,21,263,282,172,26,34,Masters
Champions Tour 2024 Masters Madrid,sh1n,KC,"Sage, Omen, Astra",157,0.96,178.0,0.98,81,109.9,0.64,0.36,0.06,0.06,0.3,0.11,328,21,101,103,56,9,10,Masters
Champions Tour 2024 Masters Madrid,ambition,LOUD,"Jett, Yoru, Phoenix",250,0.94,218.5,1.03,67,140.6,0.77,0.16,0.16,0.15,0.31,0.19,316,27,193,187,39,41,38,Masters
Champions Tour 2024 Masters Madrid,sacy,SEN,"Fade, Gekko, Skye",421,0.93,173.8,0.86,73,113.6,0.59,0.4,0.06,0.09,0.24,0.1,549,23,249,289,169,25,38,Masters
Champions Tour 2024 Masters Madrid,chichoo,EDG,"Cypher, Brimstone, Viper",154,0.89,169.0,0.81,66,119.6,0.6,0.23,0.07,0.07,0.29,0.0,23,23,93,115,36,11,11,Masters
Champions Tour 2024 Masters Madrid,nobody,EDG,"Sova, Skye",154,0.88,173.1,0.82,66,124.1,0.6,0.26,0.07,0.16,0.33,0.11,218,20,92,112,40,11,25,Masters
Champions Tour 2024 Masters Madrid,monyet,PRX,"Omen, Raze, Astra",366,0.87,199.6,0.87,66,129.9,0.68,0.3,0.12,0.17,0.24,0.19,736,24,250,289,110,45,64,Masters
Champions Tour 2024 Masters Madrid,boo,TH,"Omen, Astra",130,0.87,162.3,0.87,68,104.4,0.61,0.36,0.04,0.12,0.32,0.12,217,15,79,91,47,5,16,Masters
Champions Tour 2024 Masters Madrid,mindfreak,PRX,"Viper, Brimstone, Omen",366,0.84,162.8,0.84,66,108.4,0.59,0.23,0.03,0.1,0.37,0.04,249,21,217,258,83,12,35,Masters
Champions Tour 2024 Masters Madrid,haodong,EDG,"Omen, Cypher, Viper",154,0.8,152.3,0.72,69,110.2,0.54,0.27,0.06,0.1,0.27,0.36,411,19,83,115,41,10,16,Masters
Champions Tour 2024 Masters Madrid,lakia,GEN,"Gekko, Sova, Skye",328,0.8,153.1,0.78,68,104.1,0.54,0.27,0.06,0.09,0.24,0.32,928,19,177,228,87,21,31,Masters
Champions Tour 2024 Masters Madrid,lysoar,FPX,Viper,86,0.79,152.8,0.72,57,110.8,0.51,0.2,0.06,0.05,0.3,0.0,17,15,44,61,17,5,4,Masters
Champions Tour 2024 Masters Madrid,patitek,TH,"Viper, Kayo",130,0.76,149.8,0.65,71,100.1,0.47,0.48,0.09,0.08,0.16,0.0,7,14,61,94,63,12,10,Masters
Champions Tour 2024 Masters Madrid,tomaszy,KC,"Viper, Omen, Fade",157,0.75,138.7,0.66,63,98.5,0.46,0.29,0.04,0.09,0.32,0.27,415,15,73,110,46,7,14,Masters
Champions Tour 2024 Masters Madrid,berlin,FPX,"Omen, Harbor, Astra",86,0.72,150.0,0.7,65,99.0,0.53,0.31,0.13,0.13,0.36,0.08,112,14,46,66,27,11,11,Masters
Champions Tour 2024 Masters Madrid,aaaay,FPX,"Gekko, Sova",86,0.71,161.0,0.69,66,112.1,0.56,0.27,0.01,0.02,0.31,0.07,114,15,48,70,23,1,2,Masters
Champions Tour 2023 Masters Tokyo,alfajer,FNC,"Killjoy, Cypher",210,1.33,229.2,1.63,80,143.3,0.88,0.16,0.11,0.06,0.29,0.21,629,25,184,113,34,23,12,Masters
Champions Tour 2023 Masters Tokyo,leo,FNC,"Fade, Skye",210,1.31,200.9,1.47,80,129.4,0.71,0.45,0.05,0.01,0.18,0.18,422,26,150,102,94,11,2,Masters
Champions Tour 2023 Masters Tokyo,chronicle,FNC,"Breach, Viper",210,1.19,236.8,1.33,76,149.6,0.83,0.43,0.07,0.09,0.26,0.0,11,22,174,131,91,15,19,Masters
Champions Tour 2023 Masters Tokyo,zmjjkk,EDG,"Jett, Gekko, Raze",341,1.15,273.8,1.3,73,169.7,0.96,0.17,0.24,0.16,0.19,0.13,323,30,329,254,59,82,54,Masters
Champions Tour 2023 Masters Tokyo,rb,DRX,"Fade, Harbor, Sova",231,1.15,235.3,1.19,75,147.2,0.85,0.24,0.13,0.05,0.28,0.06,234,25,196,165,55,29,11,Masters
Champions Tour 2023 Masters Tokyo,shao,NAVI,"Fade, Killjoy, Astra",124,1.14,190.6,1.15,73,137.4,0.73,0.22,0.06,0.08,0.33,0.07,227,34,90,78,27,8,10,Masters
Champions Tour 2023 Masters Tokyo,suygetsu,NAVI,"Cypher, Viper, Killjoy",124,1.14,205.8,1.17,72,144.8,0.73,0.23,0.05,0.1,0.33,0.21,314,23,91,78,28,6,12,Masters
Champions Tour 2023 Masters Tokyo,s0m,NRG,"Omen, Astra, Harbor",351,1.13,209.3,1.16,74,135.8,0.75,0.43,0.09,0.09,0.23,0.15,639,24,264,228,151,31,30,Masters
Champions Tour 2023 Masters Tokyo,demon1,EG,"Jett, Brimstone, Chamber",401,1.11,210.9,1.19,73,143.2,0.79,0.17,0.14,0.1,0.38,0.21,1153,28,318,267,69,56,39,Masters
Champions Tour 2023 Masters Tokyo,aspas,LOUD,"Neon, Jett",80,1.11,252.0,1.02,69,159.0,0.83,0.19,0.21,0.2,0.28,0.0,8,20,66,65,15,17,16,Masters
Champions Tour 2023 Masters Tokyo,sayf,TL,"Jett, Raze",169,1.11,246.0,1.08,71,158.0,0.82,0.23,0.19,0.19,0.22,0.05,121,26,139,129,39,32,32,Masters
Champions Tour 2023 Masters Tokyo,mako,DRX,"Brimstone, Viper, Omen",231,1.09,195.5,0.97,74,130.4,0.66,0.53,0.07,0.09,0.28,0.04,124,24,152,156,122,16,21,Masters
Champions Tour 2023 Masters Tokyo,ethan,EG,"Skye, Breach, Kayo",401,1.09,190.4,1.07,78,118.6,0.65,0.58,0.05,0.06,0.18,0.24,1042,20,262,246,231,20,23,Masters
Champions Tour 2023 Masters Tokyo,smoggy,EDG,"Breach, Killjoy, Jett",341,1.08,195.3,1.13,77,130.3,0.74,0.27,0.08,0.07,0.32,0.19,947,31,251,222,92,27,23,Masters
Champions Tour 2023 Masters Tokyo,derke,FNC,Raze,210,1.08,247.3,1.18,70,157.7,0.82,0.2,0.24,0.22,0.22,0.38,38,28,173,147,42,51,47,Masters
Champions Tour 2023 Masters Tokyo,jinggg,PRX,"Raze, Phoenix, Sage",333,1.08,253.5,1.09,71,166.5,0.86,0.23,0.14,0.14,0.18,0.05,121,28,285,262,78,47,48,Masters
Champions Tour 2023 Masters Tokyo,d4v41,PRX,"Viper, Skye, Killjoy",333,1.08,188.3,1.0,76,127.8,0.67,0.4,0.08,0.05,0.28,0.12,758,23,222,223,134,26,16,Masters
Champions Tour 2023 Masters Tokyo,yhchen,ASE,"Breach, Kayo",101,1.08,206.6,0.91,75,134.3,0.66,0.59,0.11,0.08,0.18,0.0,19,16,67,74,60,11,8,Masters
Champions Tour 2023 Masters Tokyo,victor,NRG,"Kayo, Neon, Raze",351,1.06,218.4,1.1,74,144.4,0.74,0.27,0.08,0.11,0.23,0.16,532,24,261,237,95,29,40,Masters
Champions Tour 2023 Masters Tokyo,qw1,FUT,"Jett, Neon, Raze",162,1.05,225.4,1.18,67,142.5,0.85,0.13,0.2,0.19,0.28,0.17,16,28,137,116,21,33,31,Masters
Champions Tour 2023 Masters Tokyo,cned,NAVI,"Jett, Raze",124,1.05,247.6,1.03,72,157.3,0.85,0.22,0.22,0.14,0.23,0.0,11,27,106,103,27,27,17,Masters
Champions Tour 2023 Masters Tokyo,munchkin,T1,"Killjoy, Skye",173,1.04,209.8,0.98,67,147.0,0.69,0.2,0.12,0.14,0.23,0.07,229,20,119,122,34,21,25,Masters
Champions Tour 2023 Masters Tokyo,ardiis,NRG,"Jett, Killjoy, Sage",351,1.03,211.1,1.07,70,142.1,0.73,0.22,0.16,0.16,0.19,0.14,644,23,255,239,76,57,57,Masters
Champions Tour 2023 Masters Tokyo,chichoo,EDG,"Killjoy, Cypher, Viper",341,1.03,191.7,1.09,77,127.8,0.68,0.25,0.06,0.06,0.25,0.2,1050,27,232,213,84,22,19,Masters
Champions Tour 2023 Masters Tokyo,c0m,EG,"Viper, Breach, Sova",401,1.02,183.6,0.99,73,120.5,0.63,0.37,0.06,0.07,0.21,0.17,954,19,252,255,147,26,27,Masters
Champions Tour 2023 Masters Tokyo,atakaptan,FUT,"Astra, Viper, Breach",162,1.02,182.3,0.93,71,118.5,0.64,0.46,0.07,0.08,0.26,0.16,319,22,104,112,75,12,13,Masters
Champions Tour 2023 Masters Tokyo,jawgemo,EG,"Raze, Omen, Astra",401,1.02,211.7,1.04,74,141.4,0.72,0.3,0.13,0.14,0.19,0.32,825,22,290,279,121,52,56,Masters
Champions Tour 2023 Masters Tokyo,nats,TL,"Killjoy, Cypher, Viper",169,1.02,213.8,1.08,75,139.6,0.77,0.15,0.1,0.04,0.29,0.06,118,26,130,120,26,17,6,Masters
Champions Tour 2023 Masters Tokyo,boostio,EG,"Astra, Killjoy, Reyna",401,1.01,220.6,1.07,68,143.4,0.77,0.2,0.15,0.11,0.22,0.16,532,35,310,289,80,59,43,Masters
Champions Tour 2023 Masters Tokyo,monk,ASE,"Killjoy, Viper",101,1.0,216.6,0.91,68,153.8,0.7,0.32,0.09,0.05,0.2,0.21,314,21,71,78,32,9,5,Masters
Champions Tour 2023 Masters Tokyo,buzz,DRX,"Killjoy, Raze, Jett",231,1.0,220.2,1.01,70,144.3,0.73,0.17,0.15,0.15,0.19,0.14,321,19,169,167,40,34,35,Masters
Champions Tour 2023 Masters Tokyo,boaster,FNC,"Brimstone, Astra, Omen",210,1.0,171.3,0.91,78,104.8,0.55,0.52,0.08,0.07,0.14,0.06,118,15,116,127,110,16,14,Masters
Champions Tour 2023 Masters Tokyo,soulcas,TL,"Skye, Sage, Fade",169,0.98,176.8,0.94,73,117.9,0.64,0.29,0.04,0.08,0.34,0.09,223,18,109,116,49,7,13,Masters
Champions Tour 2023 Masters Tokyo,less,LOUD,"Viper, Killjoy",80,0.98,199.5,0.89,65,136.7,0.71,0.2,0.04,0.11,0.23,0.13,216,26,57,64,16,3,9,Masters
Champions Tour 2023 Masters Tokyo,haodong,EDG,"Brimstone, Omen, Harbor",341,0.98,187.4,0.98,80,118.0,0.67,0.36,0.09,0.09,0.25,0.18,633,24,228,232,124,30,32,Masters
Champions Tour 2023 Masters Tokyo,life,ASE,Jett,101,0.98,221.0,0.96,73,144.1,0.78,0.15,0.23,0.13,0.23,0.0,8,22,79,82,15,23,13,Masters
Champions Tour 2023 Masters Tokyo,mindfreak,PRX,"Astra, Brimstone, Omen",333,0.97,174.6,0.93,71,113.6,0.63,0.35,0.06,0.08,0.25,0.17,954,23,211,228,115,20,27,Masters
Champions Tour 2023 Masters Tokyo,crashies,NRG,"Sova, Skye",351,0.96,166.8,0.93,75,110.7,0.6,0.4,0.05,0.09,0.3,0.17,529,19,212,229,139,18,32,Masters
Champions Tour 2023 Masters Tokyo,f0rsaken,PRX,"Jett, Harbor, Cypher",333,0.96,215.1,0.94,70,140.9,0.73,0.26,0.17,0.15,0.26,0.05,121,24,243,259,86,55,51,Masters
Champions Tour 2023 Masters Tokyo,nobody,EDG,"Skye, Sova",341,0.96,191.9,0.96,75,125.7,0.68,0.33,0.06,0.1,0.27,0.21,733,22,233,242,112,19,33,Masters
Champions Tour 2023 Masters Tokyo,qraxs,FUT,"Kayo, Gekko",162,0.95,206.8,0.9,77,135.4,0.69,0.44,0.09,0.07,0.31,0.06,117,21,111,124,71,14,12,Masters
Champions Tour 2023 Masters Tokyo,mrfalin,FUT,"Skye, Omen, Sova",162,0.94,174.4,0.86,69,115.0,0.6,0.39,0.09,0.07,0.22,0.19,421,18,97,113,63,15,12,Masters
Champions Tour 2023 Masters Tokyo,mojj,FUT,"Cypher, Killjoy, Viper",162,0.93,184.8,0.98,69,118.9,0.68,0.19,0.06,0.07,0.24,0.1,330,20,110,112,31,9,11,Masters
Champions Tour 2023 Masters Tokyo,sayaplayer,T1,"Raze, Jett",173,0.93,212.5,0.94,69,138.6,0.76,0.14,0.16,0.18,0.23,0.31,516,26,132,140,24,27,31,Masters
Champions Tour 2023 Masters Tokyo,finesse,NRG,"Killjoy, Viper, Breach",351,0.92,173.9,0.89,70,120.6,0.61,0.33,0.08,0.08,0.2,0.08,338,21,213,240,116,29,28,Masters
Champions Tour 2023 Masters Tokyo,carpe,T1,"Brimstone, Breach, Skye",173,0.92,176.6,0.81,68,112.5,0.61,0.48,0.05,0.06,0.27,0.08,113,22,105,129,83,8,11,Masters
Champions Tour 2023 Masters Tokyo,jamppi,TL,"Breach, Skye, Killjoy",169,0.89,177.6,0.88,69,115.3,0.63,0.34,0.05,0.11,0.24,0.18,317,18,106,121,58,9,19,Masters
Champions Tour 2023 Masters Tokyo,foxy9,DRX,"Raze, Jett",83,0.89,215.8,0.85,69,143.4,0.69,0.22,0.19,0.28,0.2,0.25,14,16,57,67,18,16,23,Masters
Champions Tour 2023 Masters Tokyo,stax,DRX,"Breach, Skye, Kayo",231,0.87,162.6,0.78,70,108.7,0.56,0.47,0.03,0.08,0.29,0.15,427,22,130,167,108,6,19,Masters
Champions Tour 2023 Masters Tokyo,zyppan,NAVI,"Kayo, Fade, Skye",124,0.85,163.6,0.8,70,111.8,0.59,0.32,0.1,0.05,0.41,0.09,111,19,73,91,40,13,6,Masters
Champions Tour 2023 Masters Tokyo,ban,T1,"Jett, Omen, Harbor",173,0.85,181.8,0.84,66,121.3,0.64,0.25,0.06,0.11,0.26,0.14,322,22,110,131,44,11,19,Masters
Champions Tour 2023 Masters Tokyo,xeta,T1,"Breach, Sova, Viper",173,0.84,157.8,0.72,72,106.8,0.53,0.34,0.04,0.08,0.19,0.23,626,18,91,126,59,7,13,Masters
Champions Tour 2023 Masters Tokyo,zest,DRX,"Brimstone, Fade, Sova",148,0.84,154.7,0.78,72,97.7,0.54,0.39,0.04,0.1,0.3,0.2,420,21,80,103,58,6,15,Masters
Champions Tour 2023 Masters Tokyo,bunt,ASE,"Brimstone, Harbor, Omen",101,0.83,179.8,0.79,67,110.3,0.65,0.4,0.04,0.09,0.25,0.0,14,20,66,84,40,4,9,Masters
Champions Tour 2023 Masters Tokyo,ange1,NAVI,"Omen, Sova, Kayo",124,0.83,163.2,0.7,71,108.6,0.52,0.38,0.12,0.08,0.28,0.09,111,17,65,93,47,15,10,Masters
Champions Tour 2023 Masters Tokyo,tuyz,LOUD,Omen,80,0.82,163.5,0.67,64,98.2,0.54,0.39,0.08,0.03,0.31,0.17,212,17,43,64,31,6,2,Masters
Champions Tour 2023 Masters Tokyo,cgrs,PRX,"Skye, Gekko, Breach",333,0.78,150.0,0.73,69,97.2,0.52,0.32,0.05,0.08,0.2,0.16,637,23,173,237,105,15,28,Masters
Champions Tour 2023 Masters Tokyo,cauanzin,LOUD,"Breach, Sova, Skye",80,0.78,170.3,0.72,63,110.2,0.6,0.26,0.09,0.08,0.26,0.17,212,15,48,67,21,7,6,Masters
Champions Tour 2023 Masters Tokyo,redgar,TL,Omen,169,0.76,136.1,0.69,69,87.5,0.49,0.41,0.08,0.12,0.32,0.11,218,16,82,118,70,13,21,Masters
Champions Tour 2023 Masters Tokyo,zjc,ASE,"Raze, Skye, Sova",101,0.73,151.4,0.71,58,104.0,0.54,0.22,0.07,0.12,0.24,0.27,311,14,55,77,22,7,12,Masters
Champions Tour 2023 Masters Tokyo,saadhak,LOUD,"Kayo, Viper",80,0.61,130.0,0.49,65,88.1,0.4,0.4,0.05,0.13,0.18,0.08,112,10,32,65,32,4,10,Masters
Valorant Champions 2025,aspas,MIBR,"Neon, Waylay, Raze",330,1.33,261.6,1.66,79,164.7,0.97,0.13,0.2,0.07,0.26,0.08,226,32,319,192,44,67,23,Champions
Valorant Champions 2025,riens,TH,"Fade, Sova",256,1.17,226.1,1.14,73,148.9,0.79,0.33,0.07,0.05,0.34,0.2,735,23,203,178,85,18,12,Champions
Valorant Champions 2025,brawk,NRG,"Sova, Vyse",377,1.16,224.6,1.17,76,144.7,0.73,0.34,0.07,0.06,0.17,0.09,447,28,275,236,128,26,23,Champions
Valorant Champions 2025,kaajak,FNC,"Yoru, Waylay, Raze",453,1.15,228.4,1.2,71,148.2,0.82,0.2,0.21,0.13,0.32,0.13,430,30,372,311,90,95,59,Champions
Valorant Champions 2025,johnqt,SEN,"Viper, Cypher, Sova",126,1.14,187.0,1.13,79,118.7,0.67,0.27,0.04,0.04,0.33,0.09,222,17,85,75,34,5,5,Champions
Valorant Champions 2025,smoggy,EDG,"Omen, Brimstone",119,1.13,206.0,1.09,77,135.3,0.74,0.4,0.09,0.04,0.25,0.17,423,26,88,81,48,11,5,Champions
Valorant Champions 2025,leaf,G2,"Cypher, Viper, Deadlock",268,1.11,222.8,1.13,71,151.5,0.79,0.26,0.11,0.09,0.21,0.15,533,30,213,188,69,30,24,Champions
Valorant Champions 2025,something,PRX,"Yoru, Sova",356,1.1,220.4,1.17,72,141.0,0.79,0.26,0.16,0.13,0.25,0.13,538,28,281,240,94,57,48,Champions
Valorant Champions 2025,knight,BLG,"Sova, Fade",95,1.1,196.8,0.97,67,135.4,0.68,0.28,0.08,0.09,0.26,0.12,217,20,65,67,27,8,9,Champions
Valorant Champions 2025,skuba,NRG,"Vyse, Viper, Killjoy",377,1.09,190.1,1.17,76,124.9,0.71,0.25,0.06,0.06,0.3,0.21,1258,28,266,228,94,21,24,Champions
Valorant Champions 2025,spiritz1,DRG,Yoru,98,1.08,237.0,1.03,79,155.7,0.82,0.33,0.21,0.11,0.3,0.0,2,27,80,78,32,21,11,Champions
Valorant Champions 2025,noman,XLG,"Skye, Neon, Jett",157,1.08,221.4,1.18,73,140.7,0.78,0.19,0.1,0.1,0.32,0.05,119,23,123,104,30,16,16,Champions
Valorant Champions 2025,cortezia,MIBR,"Killjoy, Viper, Cypher",330,1.08,196.4,1.27,75,130.2,0.72,0.21,0.11,0.07,0.33,0.08,340,25,237,186,68,35,22,Champions
Valorant Champions 2025,cloud,GX,"Fade, Sova, Gekko",261,1.07,202.5,1.02,70,135.2,0.69,0.33,0.07,0.06,0.29,0.07,343,23,179,176,85,18,16,Champions
Valorant Champions 2025,chronicle,FNC,"Vyse, Breach, Viper",453,1.07,204.2,1.07,70,138.7,0.72,0.28,0.09,0.08,0.29,0.07,460,31,326,304,125,42,35,Champions
Valorant Champions 2025,alfajer,FNC,"Sage, Cypher, Tejo",391,1.06,211.7,1.14,69,141.3,0.76,0.18,0.14,0.1,0.34,0.05,240,25,299,263,72,53,41,Champions
Valorant Champions 2025,jawgemo,G2,"Raze, Yoru",268,1.05,230.4,1.09,68,141.7,0.8,0.2,0.2,0.14,0.28,0.19,631,28,214,196,54,53,38,Champions
Valorant Champions 2025,jinggg,PRX,"Raze, Sage, Omen",356,1.05,224.3,1.1,74,146.0,0.78,0.24,0.12,0.13,0.22,0.12,325,28,278,252,84,43,47,Champions
Valorant Champions 2025,verno,MIBR,"Sova, Fade",330,1.05,199.3,1.15,76,129.3,0.67,0.33,0.1,0.06,0.25,0.17,424,22,220,191,110,32,19,Champions
Valorant Champions 2025,zmjjkk,EDG,"Yoru, Neon",119,1.04,237.4,1.08,62,143.5,0.82,0.18,0.21,0.19,0.24,0.0,15,23,97,90,22,25,23,Champions
Valorant Champions 2025,izu,T1,"Yoru, Waylay",148,1.04,212.2,1.09,70,124.8,0.76,0.15,0.14,0.1,0.26,0.21,419,22,113,104,22,21,15,Champions
Valorant Champions 2025,meteor,T1,"Vyse, Cypher",148,1.04,219.0,0.96,68,144.2,0.74,0.18,0.17,0.07,0.36,0.11,327,29,110,114,26,25,11,Champions
Valorant Champions 2025,flashback,DRX,"Yoru, Neon",477,1.04,223.2,1.12,66,144.3,0.8,0.16,0.17,0.16,0.24,0.1,330,26,380,338,78,80,78,Champions
Valorant Champions 2025,valyn,G2,"Omen, Astra, Brimstone",268,1.03,192.3,0.97,75,124.1,0.65,0.37,0.09,0.07,0.26,0.14,321,21,173,179,100,24,20,Champions
Valorant Champions 2025,f0rsaken,PRX,"Brimstone, Omen, Waylay",356,1.03,213.1,1.04,73,135.5,0.75,0.42,0.09,0.12,0.31,0.17,529,28,266,257,149,31,44,Champions
Valorant Champions 2025,wo0t,TH,"Viper, Chamber, Raze",256,1.03,209.9,1.05,71,138.2,0.75,0.16,0.13,0.12,0.3,0.26,727,25,193,183,40,34,30,Champions
Valorant Champions 2025,happywei,XLG,"Viper, Cypher, Omen",157,1.03,216.4,1.06,70,145.8,0.75,0.32,0.1,0.15,0.39,0.1,221,24,118,111,50,15,23,Champions
Valorant Champions 2025,hyunmin,DRX,"Waylay, Raze",477,1.02,212.7,1.11,68,141.3,0.76,0.19,0.11,0.09,0.4,0.06,236,36,362,327,92,53,44,Champions
Valorant Champions 2025,nats,TL,"Cypher, Viper, Waylay",148,1.02,194.4,1.06,69,126.7,0.69,0.18,0.11,0.11,0.26,0.19,421,27,102,96,27,16,16,Champions
Valorant Champions 2025,mako,DRX,"Omen, Brimstone",477,1.01,171.7,1.02,72,108.9,0.61,0.37,0.08,0.09,0.25,0.13,968,21,291,284,177,36,42,Champions
Valorant Champions 2025,d4v41,PRX,"Viper, Sage, Vyse",356,1.01,186.9,1.03,71,127.3,0.67,0.26,0.05,0.09,0.27,0.17,954,20,238,230,93,19,31,Champions
Valorant Champions 2025,viva,XLG,"Brimstone, Sova, Fade",157,1.01,166.6,0.96,73,119.6,0.6,0.29,0.06,0.07,0.34,0.13,324,23,94,98,46,10,11,Champions
Valorant Champions 2025,westside,GX,"Vyse, Cypher, Deadlock",261,1.0,187.1,1.0,66,121.3,0.69,0.19,0.09,0.1,0.41,0.11,435,20,181,181,49,23,27,Champions
Valorant Champions 2025,mada,NRG,"Yoru, Waylay, Neon",377,1.0,214.2,1.06,66,137.2,0.75,0.19,0.17,0.2,0.26,0.15,320,31,284,268,71,65,77,Champions
Valorant Champions 2025,crashies,FNC,"Sova, Fade",453,1.0,179.5,0.97,71,120.3,0.62,0.28,0.06,0.08,0.31,0.14,749,22,283,292,129,28,35,Champions
Valorant Champions 2025,keiko,TL,"Omen, Brimstone, Raze",148,1.0,200.3,0.94,70,131.0,0.68,0.26,0.13,0.08,0.35,0.14,214,18,101,108,38,19,12,Champions
Valorant Champions 2025,demon1,DRG,"Vyse, Cypher",98,1.0,174.8,1.02,73,117.0,0.65,0.16,0.04,0.04,0.38,0.1,221,21,64,63,16,4,4,Champions
Valorant Champions 2025,nobody,EDG,"Sova, Fade",119,0.99,171.0,0.97,69,115.2,0.62,0.16,0.04,0.07,0.3,0.27,311,20,74,76,19,5,8,Champions
Valorant Champions 2025,s0m,NRG,"Harbor, Omen, Viper",377,0.99,197.2,0.97,75,124.2,0.68,0.37,0.08,0.1,0.24,0.14,537,23,258,266,140,30,39,Champions
Valorant Champions 2025,artzin,MIBR,"Viper, Kayo, Yoru",330,0.99,202.1,1.05,73,127.0,0.66,0.38,0.12,0.15,0.24,0.2,315,24,219,209,124,41,50,Champions
Valorant Champions 2025,dh,T1,Omen,148,0.98,186.0,0.9,68,122.4,0.64,0.39,0.07,0.11,0.34,0.21,419,27,95,106,57,10,16,Champions
Valorant Champions 2025,trent,G2,"Fade, Tejo, Sova",268,0.98,173.5,0.98,72,117.6,0.62,0.24,0.03,0.08,0.31,0.15,640,21,166,170,63,7,22,Champions
Valorant Champions 2025,zekken,SEN,"Neon, Jett, Raze",126,0.98,229.3,0.94,68,157.7,0.75,0.31,0.16,0.21,0.26,0.22,29,23,94,100,39,20,26,Champions
Valorant Champions 2025,ethan,NRG,"Omen, Kayo, Fade",377,0.98,175.8,0.93,72,115.1,0.6,0.42,0.07,0.11,0.24,0.17,424,23,225,243,157,28,43,Champions
Valorant Champions 2025,ara,GX,"Yoru, Neon, Jett",261,0.97,198.7,1.01,66,133.8,0.72,0.13,0.18,0.15,0.29,0.14,321,27,189,187,35,48,40,Champions
Valorant Champions 2025,jemkin,RRQ,"Yoru, Jett, Waylay",137,0.97,215.7,1.06,63,132.8,0.74,0.13,0.17,0.13,0.35,0.08,113,26,102,96,18,23,18,Champions
Valorant Champions 2025,beyn,DRX,"Sova, Fade",477,0.97,170.9,0.98,71,114.5,0.6,0.26,0.06,0.06,0.28,0.23,1461,24,288,294,126,30,27,Champions
Valorant Champions 2025,xenom,MIBR,"Omen, Brimstone, Astra",330,0.97,155.1,0.95,78,96.1,0.55,0.53,0.05,0.06,0.24,0.08,339,18,180,190,175,18,20,Champions
Valorant Champions 2025,rarga,XLG,"Raze, Yoru, Sage",157,0.96,208.6,0.98,73,129.8,0.73,0.21,0.17,0.1,0.34,0.08,112,21,115,117,33,27,16,Champions
Valorant Champions 2025,n4rrate,SEN,"Fade, Sova, Omen",126,0.95,190.2,0.87,70,121.2,0.63,0.39,0.06,0.1,0.26,0.17,318,19,79,91,49,8,13,Champions
Valorant Champions 2025,doma,FNC,"Tejo, Killjoy",62,0.94,167.3,0.9,73,119.8,0.58,0.21,0.08,0.06,0.29,0.14,17,13,36,40,13,5,4,Champions
Valorant Champions 2025,nephh,BLG,"Breach, Deadlock, Omen",95,0.94,164.0,0.88,67,104.8,0.56,0.29,0.05,0.08,0.2,0.1,110,18,53,60,28,5,8,Champions
Valorant Champions 2025,levius,BLG,"Cypher, Viper, Vyse",95,0.93,188.0,0.99,59,122.1,0.71,0.17,0.13,0.09,0.3,0.06,116,26,67,68,16,12,9,Champions
Valorant Champions 2025,miniboo,TH,"Yoru, Raze, Waylay",256,0.93,204.4,0.95,65,134.9,0.71,0.16,0.19,0.17,0.26,0.27,311,23,183,192,41,48,44,Champions
Valorant Champions 2025,kamo,TL,"Jett, Raze, Yoru",148,0.93,190.3,0.94,63,128.4,0.68,0.12,0.14,0.24,0.32,0.15,213,22,100,106,18,21,36,Champions
Valorant Champions 2025,flickless,GX,"Viper, Breach, Kayo",261,0.92,173.7,0.83,74,115.8,0.56,0.47,0.06,0.07,0.26,0.09,333,17,146,175,122,15,17,Champions
Valorant Champions 2025,monyet,RRQ,"Omen, Raze, Neon",137,0.92,174.9,0.88,69,109.6,0.61,0.4,0.05,0.09,0.28,0.11,219,21,84,96,55,7,12,Champions
Valorant Champions 2025,kushy,RRQ,"Sova, Kayo, Fade",137,0.91,178.9,0.85,66,120.7,0.63,0.29,0.07,0.12,0.4,0.14,214,20,86,101,40,10,17,Champions
Valorant Champions 2025,nicc,DRG,"Breach, Fade, Sova",98,0.91,173.5,0.94,77,121.7,0.65,0.28,0.02,0.06,0.34,0.0,17,25,64,68,27,2,6,Champions
Valorant Champions 2025,jonahp,G2,"Sage, Fade, Sova",268,0.91,172.8,0.84,71,108.3,0.58,0.37,0.08,0.1,0.19,0.21,524,26,155,184,99,22,28,Champions
Valorant Champions 2025,benjyfishy,TH,"Vyse, Deadlock, Cypher",256,0.89,175.1,0.83,71,115.0,0.59,0.28,0.06,0.07,0.27,0.17,635,25,152,184,71,16,17,Champions
Valorant Champions 2025,boaster,FNC,"Omen, Astra",453,0.89,145.2,0.77,70,94.0,0.49,0.38,0.04,0.08,0.22,0.16,531,24,220,285,172,18,36,Champions
Valorant Champions 2025,chichoo,EDG,"Sage, Viper, Cypher",119,0.89,158.2,0.9,69,113.5,0.59,0.25,0.07,0.08,0.21,0.15,213,21,70,78,30,8,10,Champions
Valorant Champions 2025,boo,TH,"Astra, Omen, Brimstone",256,0.88,143.7,0.74,71,93.1,0.5,0.53,0.05,0.09,0.31,0.17,846,16,128,172,135,14,23,Champions
Valorant Champions 2025,trexx,TL,"Sova, Gekko, Fade",148,0.87,160.1,0.73,63,109.7,0.51,0.26,0.04,0.07,0.2,0.04,124,17,76,104,39,6,10,Champions
Valorant Champions 2025,free1ng,DRX,"Cypher, Viper, Vyse",477,0.86,160.4,0.88,68,107.1,0.57,0.2,0.09,0.09,0.35,0.16,851,23,270,308,97,43,43,Champions
Valorant Champions 2025,xffero,RRQ,"Cypher, Viper",137,0.85,172.0,0.88,66,113.5,0.61,0.2,0.12,0.12,0.27,0.08,112,16,83,94,27,16,16,Champions
Valorant Champions 2025,buzz,T1,Neon,148,0.85,190.3,0.92,69,127.4,0.7,0.25,0.06,0.18,0.25,0.38,38,31,103,112,37,9,27,Champions
Valorant Champions 2025,flex1n,DRG,Omen,98,0.84,184.8,0.85,76,119.0,0.62,0.4,0.1,0.12,0.29,0.0,9,20,61,72,39,10,12,Champions
Valorant Champions 2025,akeman,DRG,"Waylay, Neon",98,0.84,196.8,0.88,62,124.4,0.69,0.16,0.15,0.13,0.25,0.3,310,20,68,77,16,15,13,Champions
Valorant Champions 2025,patmen,PRX,"Fade, Viper, Sova",356,0.84,157.8,0.83,68,106.5,0.55,0.21,0.04,0.06,0.31,0.05,242,21,196,235,76,14,22,Champions
Valorant Champions 2025,grubinho,GX,"Omen, Astra",261,0.83,169.1,0.8,70,108.0,0.6,0.39,0.11,0.1,0.29,0.22,418,17,156,196,102,30,27,Champions
Valorant Champions 2025,crazyguy,RRQ,"Tejo, Sova, Breach",137,0.82,152.0,0.71,68,109.8,0.49,0.33,0.04,0.09,0.24,0.13,324,15,67,94,45,5,12,Champions
Valorant Champions 2025,jieni7,EDG,"Neon, Breach, Waylay",119,0.82,191.8,0.83,67,117.9,0.65,0.23,0.12,0.08,0.26,0.0,2,21,77,93,27,14,10,Champions
Valorant Champions 2025,patitek,TL,"Kayo, Skye, Omen",148,0.81,156.9,0.74,66,101.1,0.53,0.36,0.03,0.05,0.27,0.09,111,16,78,106,54,4,8,Champions
Valorant Champions 2025,zellsis,SEN,"Vyse, Breach, Killjoy",126,0.8,152.3,0.77,67,99.7,0.54,0.27,0.13,0.11,0.2,0.0,13,16,68,88,34,17,14,Champions
Valorant Champions 2025,bang,SEN,"Omen, Astra",126,0.79,140.8,0.79,67,92.4,0.53,0.29,0.06,0.09,0.35,0.11,19,15,67,85,37,7,11,Champions
Valorant Champions 2025,coconut,XLG,"Gekko, Omen, Astra",157,0.77,149.6,0.71,71,92.6,0.5,0.44,0.08,0.07,0.3,0.0,11,16,79,112,69,12,11,Champions
Valorant Champions 2025,stax,T1,"Fade, Sova",148,0.75,146.5,0.69,66,98.8,0.49,0.31,0.03,0.07,0.38,0.1,220,16,73,106,46,4,10,Champions
Valorant Champions 2025,rushia,BLG,"Omen, Viper, Harbor",95,0.72,147.6,0.59,64,102.3,0.45,0.33,0.06,0.11,0.19,0.0,12,12,43,73,31,6,10,Champions
Valorant Champions 2025,whzy,BLG,"Neon, Raze, Yoru",95,0.63,154.4,0.61,64,101.9,0.52,0.22,0.11,0.19,0.31,0.0,2,13,49,80,21,10,18,Champions
Valorant Champions 2024,trexx,VIT,"Sova, Fade",151,1.23,228.0,1.24,72,155.0,0.81,0.34,0.09,0.07,0.23,0.14,321,26,123,99,52,13,10,Champions
Valorant Champions 2024,derke,FNC,"Raze, Yoru",293,1.22,257.4,1.33,72,167.0,0.92,0.18,0.17,0.14,0.24,0.27,622,30,269,202,54,51,42,Champions
Valorant Champions 2024,primmie,TLN,"Yoru, Sage, Clove",85,1.22,243.0,1.32,74,152.4,0.88,0.27,0.08,0.06,0.37,0.13,215,22,75,57,23,7,5,Champions
Valorant Champions 2024,chronicle,FNC,"Viper, Sova",293,1.21,224.4,1.23,73,153.8,0.77,0.29,0.13,0.07,0.26,0.12,434,25,227,185,84,38,21,Champions
Valorant Champions 2024,keznit,KRÜ,"Neon, Omen, Raze",156,1.18,250.8,1.16,76,170.7,0.83,0.33,0.14,0.08,0.23,0.13,18,22,130,112,51,22,13,Champions
Valorant Champions 2024,chichoo,EDG,"Omen, Viper, Killjoy",449,1.18,221.5,1.24,76,144.5,0.79,0.29,0.11,0.06,0.29,0.16,957,27,353,284,129,50,26,Champions
Valorant Champions 2024,meteor,GEN,"Killjoy, Yoru, Cypher",153,1.17,241.1,1.32,71,160.7,0.9,0.17,0.11,0.1,0.37,0.16,319,28,137,104,26,17,16,Champions
Valorant Champions 2024,riens,TH,"Sova, Gekko, Viper",552,1.15,214.2,1.17,75,145.0,0.76,0.29,0.09,0.09,0.38,0.22,1465,28,419,359,158,48,50,Champions
Valorant Champions 2024,smoggy,EDG,"Clove, Brimstone, Viper",449,1.14,213.1,1.21,76,133.8,0.76,0.37,0.06,0.06,0.28,0.15,960,23,340,281,165,29,28,Champions
Valorant Champions 2024,t3xture,GEN,"Jett, Raze",153,1.14,242.6,1.17,69,157.2,0.84,0.18,0.18,0.14,0.25,0.19,316,24,128,109,27,28,21,Champions
Valorant Champions 2024,aspas,LEV,"Raze, Jett, Neon",407,1.14,220.5,1.19,74,146.9,0.8,0.17,0.15,0.1,0.28,0.16,745,29,326,274,68,61,42,Champions
Valorant Champions 2024,zekken,SEN,"Jett, Raze, Neon",361,1.12,252.2,1.17,71,161.0,0.89,0.26,0.2,0.18,0.23,0.27,415,27,323,275,94,73,66,Champions
Valorant Champions 2024,tenz,SEN,"Omen, Gekko, Kayo",361,1.1,213.4,1.08,75,139.2,0.75,0.44,0.07,0.09,0.25,0.05,237,29,271,251,158,27,33,Champions
Valorant Champions 2024,kai,TE,"Jett, Cypher, Killjoy",208,1.1,213.9,1.1,70,145.8,0.76,0.17,0.14,0.13,0.29,0.04,126,25,158,143,36,29,26,Champions
Valorant Champions 2024,zmjjkk,EDG,"Neon, Raze, Jett",449,1.1,250.8,1.2,69,160.6,0.88,0.21,0.23,0.19,0.24,0.17,423,28,394,329,95,105,85,Champions
Valorant Champions 2024,alfajer,FNC,"Gekko, Killjoy, Breach",293,1.09,209.7,1.11,73,145.3,0.75,0.23,0.09,0.07,0.32,0.19,631,25,220,198,68,27,20,Champions
Valorant Champions 2024,autumn,FPX,"Viper, Chamber",115,1.08,211.8,1.12,71,134.5,0.75,0.23,0.17,0.1,0.32,0.15,320,20,86,77,27,19,11,Champions
Valorant Champions 2024,shyy,KRÜ,"Cypher, Viper, Killjoy",156,1.07,211.1,1.16,69,139.9,0.78,0.26,0.13,0.12,0.27,0.24,625,23,121,104,40,21,18,Champions
Valorant Champions 2024,yetujey,FUT,"Cypher, Viper",88,1.07,231.8,1.14,69,145.0,0.82,0.18,0.19,0.08,0.3,0.0,16,19,72,63,16,17,7,Champions
Valorant Champions 2024,mindfreak,PRX,"Viper, Omen, Brimstone",140,1.06,210.1,1.04,78,134.4,0.74,0.41,0.05,0.04,0.31,0.19,316,22,104,100,58,7,6,Champions
Valorant Champions 2024,kicks,VIT,"Kayo, Gekko, Breach",151,1.05,187.1,0.92,72,120.2,0.63,0.5,0.06,0.07,0.24,0.22,418,22,95,103,75,9,11,Champions
Valorant Champions 2024,flashback,DRX,"Cypher, Viper, Killjoy",238,1.04,202.3,1.16,76,133.4,0.74,0.23,0.1,0.05,0.3,0.18,634,27,177,153,54,24,12,Champions
Valorant Champions 2024,kingg,LEV,"Brimstone, Omen, Viper",407,1.04,185.1,1.04,75,120.2,0.67,0.36,0.08,0.07,0.32,0.17,1058,25,271,261,148,31,29,Champions
Valorant Champions 2024,luok1ng,TE,"Omen, Brimstone, Astra",208,1.04,201.6,1.1,74,131.3,0.75,0.35,0.07,0.04,0.33,0.0,29,27,155,141,73,15,9,Champions
Valorant Champions 2024,heat,KRÜ,"Breach, Sova, Fade",156,1.03,191.4,1.09,74,123.3,0.73,0.26,0.06,0.04,0.33,0.09,223,21,114,105,40,10,7,Champions
Valorant Champions 2024,mako,DRX,"Omen, Brimstone, Viper",238,1.02,192.7,0.99,77,124.9,0.66,0.4,0.07,0.08,0.27,0.17,423,21,157,158,95,16,19,Champions
Valorant Champions 2024,buzz,DRX,"Jett, Raze, Neon",238,1.01,241.3,1.11,68,149.7,0.83,0.17,0.22,0.2,0.23,0.17,212,24,198,178,40,53,47,Champions
Valorant Champions 2024,sacy,SEN,"Sova, Fade, Gekko",361,1.01,190.1,0.9,74,128.8,0.61,0.45,0.07,0.08,0.23,0.21,839,19,222,247,162,26,29,Champions
Valorant Champions 2024,sayf,VIT,"Jett, Neon, Raze",151,1.01,210.0,1.03,67,139.1,0.72,0.22,0.11,0.17,0.27,0.2,315,22,109,106,33,16,25,Champions
Valorant Champions 2024,johnqt,SEN,"Cypher, Deadlock, Viper",361,1.0,162.2,1.01,74,106.9,0.59,0.28,0.07,0.06,0.24,0.18,950,23,214,212,101,27,22,Champions
Valorant Champions 2024,valyn,G2,"Harbor, Omen, Brimstone",200,0.99,191.2,0.99,72,118.4,0.7,0.34,0.07,0.07,0.23,0.18,528,25,139,140,67,13,13,Champions
Valorant Champions 2024,s1mon,EDG,"Breach, Fade, Kayo",449,0.99,164.5,0.89,76,109.1,0.57,0.49,0.06,0.04,0.29,0.2,840,24,256,287,220,29,16,Champions
Valorant Champions 2024,karon,GEN,"Omen, Astra, Brimstone",153,0.99,180.4,1.0,73,114.8,0.67,0.42,0.07,0.07,0.32,0.19,316,23,103,103,64,11,10,Champions
Valorant Champions 2024,cned,FUT,"Jett, Raze",88,0.99,222.3,0.99,67,151.4,0.77,0.13,0.18,0.14,0.25,0.0,8,21,68,69,11,16,12,Champions
Valorant Champions 2024,wo0t,TH,"Gekko, Fade, Omen",552,0.99,189.6,0.97,75,124.2,0.66,0.39,0.07,0.09,0.36,0.18,951,25,363,376,213,39,49,Champions
Valorant Champions 2024,zellsis,SEN,"Breach, Cypher, Brimstone",361,0.98,175.1,0.93,73,111.8,0.61,0.41,0.07,0.09,0.23,0.14,751,22,220,236,149,24,34,Champions
Valorant Champions 2024,hiro,FNC,"Fade, Viper, Cypher",293,0.98,185.2,1.02,73,118.8,0.66,0.28,0.06,0.08,0.28,0.16,425,21,193,190,83,19,24,Champions
Valorant Champions 2024,ban,TLN,"Skye, Phoenix, Deadlock",85,0.98,184.0,1.04,72,118.5,0.68,0.2,0.08,0.08,0.38,0.08,113,18,58,56,17,7,7,Champions
Valorant Champions 2024,c0m,LEV,"Viper, Sova, Fade",407,0.98,192.8,0.95,70,136.3,0.64,0.27,0.08,0.08,0.25,0.14,856,22,260,274,109,31,31,Champions
Valorant Champions 2024,boo,TH,"Astra, Brimstone, Fade",552,0.98,180.2,0.95,74,113.8,0.64,0.38,0.08,0.06,0.31,0.14,15104,24,354,372,210,46,33,Champions
Valorant Champions 2024,miniboo,TH,"Jett, Raze, Yoru",552,0.97,206.0,0.99,69,134.5,0.72,0.18,0.16,0.16,0.3,0.14,322,24,398,403,97,87,88,Champions
Valorant Champions 2024,leaf,G2,"Killjoy, Viper",200,0.97,202.7,0.93,69,138.5,0.7,0.19,0.14,0.1,0.21,0.11,219,27,140,150,37,28,20,Champions
Valorant Champions 2024,aaaay,FPX,"Fade, Gekko",115,0.97,181.8,1.05,68,122.8,0.7,0.17,0.08,0.05,0.31,0.06,117,27,81,77,20,9,6,Champions
Valorant Champions 2024,benjyfishy,TH,"Cypher, Viper, Killjoy",552,0.96,190.3,1.02,69,127.9,0.7,0.18,0.08,0.12,0.36,0.16,958,24,388,380,99,46,65,Champions
Valorant Champions 2024,berlin,FPX,"Omen, Astra, Breach",115,0.96,178.6,0.92,69,118.5,0.62,0.36,0.1,0.08,0.26,0.07,114,20,71,77,41,11,9,Champions
Valorant Champions 2024,trent,G2,"Sova, Fade, Gekko",200,0.96,195.9,0.89,68,132.5,0.65,0.31,0.09,0.11,0.3,0.1,329,20,130,146,61,18,21,Champions
Valorant Champions 2024,mazino,LEV,"Skye, Deadlock, Breach",407,0.95,194.8,0.94,70,125.6,0.69,0.36,0.09,0.09,0.27,0.18,633,24,279,298,146,36,38,Champions
Valorant Champions 2024,munchkin,GEN,"Viper, Kayo",153,0.95,191.6,0.84,78,127.3,0.6,0.49,0.1,0.08,0.24,0.08,226,21,92,109,75,15,13,Champions
Valorant Champions 2024,f0rsaken,PRX,"Sova, Kayo, Breach",140,0.95,181.9,0.93,68,121.9,0.67,0.3,0.05,0.11,0.37,0.19,421,21,94,101,42,7,16,Champions
Valorant Champions 2024,fengf,TE,"Killjoy, Raze, Cypher",208,0.95,203.1,1.02,67,132.4,0.71,0.1,0.13,0.14,0.29,0.15,320,21,147,144,21,28,29,Champions
Valorant Champions 2024,beyn,DRX,"Sova, Fade",238,0.95,175.6,0.97,73,115.2,0.64,0.26,0.05,0.09,0.25,0.28,932,18,153,158,63,12,22,Champions
Valorant Champions 2024,qraxs,FUT,"Breach, Fade, Gekko",88,0.94,155.5,0.88,70,101.9,0.57,0.3,0.05,0.07,0.29,0.21,314,17,50,57,26,4,6,Champions
Valorant Champions 2024,icy,G2,"Gekko, Raze, Yoru",200,0.93,183.2,0.88,67,124.5,0.65,0.21,0.12,0.13,0.3,0.19,421,24,129,147,42,23,25,Champions
Valorant Champions 2024,nobody,EDG,"Fade, Gekko, Sova",449,0.93,180.2,0.95,72,118.2,0.63,0.28,0.08,0.1,0.33,0.24,1042,23,282,298,126,36,45,Champions
Valorant Champions 2024,d4v41,PRX,"Killjoy, Fade, Sage",140,0.93,181.0,0.87,72,125.0,0.64,0.27,0.05,0.07,0.32,0.2,420,19,89,102,38,7,10,Champions
Valorant Champions 2024,something,PRX,"Jett, Gekko",140,0.93,205.0,0.93,69,133.7,0.69,0.26,0.13,0.14,0.28,0.06,116,18,97,104,36,18,20,Champions
Valorant Champions 2024,flex1n,BLG,"Brimstone, Omen, Viper",78,0.93,182.5,0.83,73,126.7,0.64,0.32,0.1,0.08,0.36,0.15,213,16,50,60,25,8,6,Champions
Valorant Champions 2024,foxy9,DRX,"Breach, Kayo, Gekko",238,0.93,180.3,0.93,71,119.6,0.64,0.41,0.05,0.09,0.29,0.15,427,23,152,164,97,11,22,Champions
Valorant Champions 2024,whzy,BLG,"Raze, Neon, Jett",78,0.92,245.3,0.91,65,150.9,0.79,0.21,0.18,0.23,0.22,0.0,3,23,62,68,16,14,18,Champions
Valorant Champions 2024,runner,VIT,"Killjoy, Cypher, Viper",151,0.91,205.1,0.88,68,137.1,0.67,0.26,0.13,0.09,0.2,0.0,17,21,101,115,40,20,14,Champions
Valorant Champions 2024,jinggg,PRX,"Sage, Neon, Raze",140,0.91,209.7,0.88,69,137.2,0.67,0.35,0.12,0.23,0.18,0.18,211,21,94,107,49,17,32,Champions
Valorant Champions 2024,melser,KRÜ,"Omen, Harbor, Brimstone",156,0.91,178.6,0.86,69,114.5,0.6,0.3,0.1,0.13,0.31,0.15,320,22,94,109,47,15,21,Champions
Valorant Champions 2024,cender,VIT,"Omen, Viper",151,0.88,167.0,0.9,68,108.4,0.64,0.32,0.07,0.15,0.29,0.07,115,19,96,107,48,10,23,Champions
Valorant Champions 2024,mta,KRÜ,"Sova, Kayo, Gekko",156,0.88,173.9,0.87,71,115.3,0.62,0.27,0.1,0.09,0.32,0.08,112,19,97,112,42,15,14,Champions
Valorant Champions 2024,jonahp,G2,"Viper, Skye",200,0.88,183.8,0.83,66,117.1,0.63,0.28,0.09,0.12,0.23,0.13,324,21,125,151,56,17,23,Champions
Valorant Champions 2024,tex,LEV,"Gekko, Cypher, Killjoy",407,0.88,194.5,0.91,67,130.0,0.69,0.19,0.12,0.14,0.33,0.16,532,26,280,307,76,50,57,Champions
Valorant Champions 2024,heybay,TE,"Kayo, Breach, Deadlock",208,0.86,163.3,0.79,74,108.9,0.56,0.4,0.06,0.08,0.25,0.09,222,20,117,148,84,13,16,Champions
Valorant Champions 2024,lysoar,FPX,"Cypher, Viper, Omen",115,0.85,166.6,0.78,70,118.7,0.57,0.37,0.04,0.04,0.2,0.13,18,21,66,85,42,5,5,Champions
Valorant Champions 2024,biank,TE,"Sova, Skye, Fade",208,0.82,165.5,0.78,64,106.9,0.54,0.34,0.1,0.11,0.16,0.35,617,18,113,145,71,20,23,Champions
Valorant Champions 2024,knight,BLG,"Cypher, Breach, Sage",78,0.8,147.3,0.67,64,96.5,0.51,0.42,0.03,0.06,0.29,0.08,113,14,40,60,33,2,5,Champions
Valorant Champions 2024,atakaptan,FUT,"Viper, Brimstone, Omen",88,0.8,160.8,0.75,64,106.3,0.53,0.34,0.05,0.1,0.24,0.0,7,15,47,63,30,4,9,Champions
Valorant Champions 2024,mrfalin,FUT,"Omen, Gekko, Breach",88,0.78,172.8,0.75,70,113.3,0.56,0.35,0.06,0.09,0.25,0.13,18,16,49,65,31,5,8,Champions
Valorant Champions 2024,nephh,BLG,"Skye, Fade, Kayo",78,0.77,167.0,0.68,58,106.0,0.54,0.32,0.05,0.12,0.2,0.0,11,13,42,62,25,4,9,Champions
Valorant Champions 2024,jitboys,TLN,"Viper, Clove, Omen",85,0.76,181.8,0.72,72,118.0,0.59,0.22,0.14,0.07,0.35,0.11,19,18,50,69,19,12,6,Champions
Valorant Champions 2024,governor,TLN,"Neon, Sova, Raze",85,0.75,183.3,0.76,62,120.2,0.59,0.25,0.12,0.18,0.2,0.0,12,20,50,66,21,10,15,Champions
Valorant Champions 2024,boaster,FNC,"Astra, Omen",293,0.71,122.2,0.68,70,76.9,0.43,0.32,0.06,0.12,0.25,0.14,535,16,125,185,95,18,34,Champions
Valorant Champions 2024,life,FPX,"Yoru, Raze, Viper",115,0.71,175.8,0.78,61,116.3,0.6,0.14,0.13,0.22,0.32,0.13,18,18,69,89,16,15,25,Champions
Valorant Champions 2024,lakia,GEN,"Skye, Sova, Fade",153,0.61,118.3,0.56,69,79.5,0.39,0.3,0.05,0.09,0.23,0.25,312,16,60,108,46,8,14,Champions
Valorant Champions 2024,yosemite,BLG,"Viper, Cypher, Killjoy",78,0.61,127.0,0.52,55,84.8,0.4,0.23,0.05,0.1,0.25,0.0,13,12,31,60,18,4,8,Champions
Valorant Champions 2024,crws,TLN,"Omen, Kayo, Fade",85,0.51,133.8,0.57,61,91.2,0.45,0.24,0.05,0.14,0.19,0.17,16,11,38,67,20,4,12,Champions
Valorant Champions 2023,demon1,EG,"Jett, Chamber, Astra",459,1.26,246.0,1.39,73,166.4,0.92,0.17,0.15,0.09,0.4,0.15,1067,28,421,302,80,69,41,Champions
Valorant Champions 2023,leo,FNC,"Sova, Fade, Skye",270,1.23,206.1,1.37,82,138.3,0.74,0.44,0.05,0.03,0.27,0.17,742,25,201,147,119,13,8,Champions
Valorant Champions 2023,alfajer,FNC,"Killjoy, Cypher, Chamber",270,1.22,232.4,1.39,73,158.4,0.86,0.13,0.13,0.09,0.28,0.11,438,26,233,168,36,34,23,Champions
Valorant Champions 2023,aaaay,FPX,"Skye, Gekko",85,1.22,231.3,1.33,73,147.4,0.89,0.19,0.01,0.07,0.39,0.18,317,23,76,57,16,1,6,Champions
Valorant Champions 2023,keznit,KRÜ,"Raze, Jett",90,1.21,266.0,1.13,68,175.8,0.88,0.23,0.21,0.09,0.2,0.18,211,29,79,70,21,19,8,Champions
Valorant Champions 2023,mrfalin,FUT,"Killjoy, Breach, Fade",216,1.16,209.7,1.12,72,141.6,0.74,0.34,0.04,0.06,0.25,0.21,629,28,160,143,74,9,14,Champions
Valorant Champions 2023,cloud,GIA,"Skye, Sova",161,1.15,216.3,1.11,75,139.9,0.76,0.39,0.11,0.09,0.35,0.45,511,21,123,111,62,18,14,Champions
Valorant Champions 2023,aspas,LOUD,"Raze, Jett",515,1.15,235.4,1.26,76,153.8,0.87,0.16,0.19,0.11,0.25,0.2,841,30,446,355,82,96,56,Champions
Valorant Champions 2023,less,LOUD,"Killjoy, Viper",515,1.14,227.7,1.21,73,149.5,0.81,0.19,0.1,0.07,0.24,0.18,1161,28,416,344,100,51,35,Champions
Valorant Champions 2023,whzy,BLG,"Raze, Jett",237,1.13,254.3,1.17,71,160.1,0.89,0.17,0.2,0.16,0.19,0.04,124,31,212,181,41,48,37,Champions
Valorant Champions 2023,suygetsu,NAVI,"Viper, Cypher, Killjoy",204,1.12,193.5,1.2,75,130.2,0.73,0.17,0.08,0.04,0.32,0.18,739,24,148,123,34,16,8,Champions
Valorant Champions 2023,cauanzin,LOUD,"Fade, Skye, Sova",515,1.12,217.3,1.12,76,137.0,0.76,0.4,0.12,0.08,0.25,0.09,447,25,391,348,207,60,41,Champions
Valorant Champions 2023,victor,NRG,"Raze, Killjoy, Kayo",130,1.11,229.4,1.07,76,147.7,0.82,0.19,0.17,0.12,0.26,0.14,214,22,106,99,25,17,12,Champions
Valorant Champions 2023,sayaplayer,T1,"Jett, Raze",129,1.11,230.7,1.12,66,152.3,0.81,0.12,0.18,0.09,0.26,0.25,416,21,105,94,15,23,12,Champions
Valorant Champions 2023,cned,NAVI,"Killjoy, Neon, Sage",204,1.09,220.8,1.21,74,143.5,0.8,0.17,0.12,0.15,0.28,0.19,316,27,163,135,34,24,31,Champions
Valorant Champions 2023,d4v41,PRX,"Viper, Skye, Killjoy",358,1.08,192.8,1.07,77,127.9,0.68,0.43,0.04,0.03,0.3,0.17,848,24,243,227,153,13,9,Champions
Valorant Champions 2023,sayf,TL,"Breach, Raze, Jett",92,1.08,222.8,1.01,73,155.3,0.75,0.28,0.11,0.11,0.21,0.14,17,26,69,68,26,10,10,Champions
Valorant Champions 2023,nats,TL,"Viper, Killjoy",92,1.08,211.3,1.09,76,146.6,0.76,0.15,0.11,0.1,0.28,0.0,14,34,70,64,14,10,9,Champions
Valorant Champions 2023,jawgemo,EG,"Omen, Astra, Raze",459,1.08,228.1,1.11,74,146.7,0.79,0.34,0.12,0.12,0.19,0.12,326,26,362,325,154,57,57,Champions
Valorant Champions 2023,hoody,GIA,"Omen, Viper, Kayo",161,1.08,204.6,1.0,73,139.0,0.7,0.46,0.1,0.12,0.23,0.12,325,22,113,113,74,16,19,Champions
Valorant Champions 2023,chichoo,EDG,"Viper, Killjoy, Cypher",358,1.07,197.9,1.04,72,132.5,0.68,0.31,0.04,0.08,0.22,0.16,1062,22,245,236,110,13,28,Champions
Valorant Champions 2023,fit1nho,GIA,"Raze, Jett",161,1.07,227.3,1.02,76,155.8,0.81,0.19,0.19,0.15,0.22,0.22,29,34,130,127,31,31,24,Champions
Valorant Champions 2023,something,PRX,"Jett, Breach, Reyna",358,1.07,210.1,1.1,72,134.2,0.75,0.2,0.18,0.14,0.22,0.12,541,31,269,245,73,64,50,Champions
Valorant Champions 2023,ethan,EG,"Kayo, Skye, Yoru",459,1.06,193.5,1.0,78,125.4,0.66,0.58,0.07,0.08,0.21,0.31,1445,24,303,303,265,34,36,Champions
Valorant Champions 2023,c0m,EG,"Sova, Viper",459,1.06,195.7,1.12,74,126.5,0.72,0.31,0.07,0.07,0.21,0.29,2069,28,330,294,144,32,30,Champions
Valorant Champions 2023,mako,DRX,"Omen, Brimstone",283,1.06,190.5,0.97,73,120.1,0.65,0.51,0.06,0.05,0.31,0.2,630,20,183,189,145,16,13,Champions
Valorant Champions 2023,daveeys,KRÜ,"Chamber, Killjoy",90,1.06,182.3,1.12,72,130.2,0.64,0.17,0.07,0.04,0.23,0.07,114,21,58,52,15,6,4,Champions
Valorant Champions 2023,yosemite,BLG,"Viper, Killjoy",237,1.05,207.7,1.04,73,133.3,0.73,0.27,0.1,0.08,0.23,0.19,737,26,172,166,64,24,18,Champions
Valorant Champions 2023,derke,FNC,"Raze, Jett",270,1.04,218.4,1.14,66,145.7,0.76,0.16,0.22,0.2,0.24,0.2,210,19,206,180,44,60,54,Champions
Valorant Champions 2023,s0m,NRG,"Omen, Astra, Brimstone",130,1.03,180.2,1.07,75,117.4,0.68,0.41,0.07,0.05,0.28,0.13,18,23,88,82,53,7,5,Champions
Valorant Champions 2023,zest,DRX,"Viper, Sova",283,1.02,200.9,0.98,67,133.9,0.7,0.32,0.1,0.11,0.35,0.21,733,26,197,201,91,28,30,Champions
Valorant Champions 2023,shao,NAVI,"Fade, Skye, Sova",204,1.01,168.4,0.98,72,115.1,0.62,0.34,0.06,0.05,0.32,0.22,836,24,126,129,70,12,11,Champions
Valorant Champions 2023,f0rsaken,PRX,"Skye, Killjoy, Harbor",358,1.01,205.1,1.0,71,139.5,0.72,0.34,0.1,0.12,0.26,0.06,236,30,256,255,121,37,42,Champions
Valorant Champions 2023,zmjjkk,EDG,"Raze, Chamber, Jett",358,1.01,226.4,1.05,65,145.1,0.8,0.18,0.14,0.17,0.18,0.13,430,27,286,273,66,50,62,Champions
Valorant Champions 2023,buzz,DRX,"Raze, Jett",283,1.0,228.1,1.02,71,146.7,0.78,0.19,0.21,0.19,0.22,0.08,113,27,221,216,54,60,55,Champions
Valorant Champions 2023,mindfreak,PRX,"Astra, Brimstone, Viper",358,1.0,164.7,0.97,72,110.4,0.6,0.37,0.04,0.05,0.3,0.2,1155,23,214,220,132,13,19,Champions
Valorant Champions 2023,jinggg,PRX,"Raze, Phoenix",358,1.0,234.1,1.02,72,157.0,0.8,0.26,0.16,0.15,0.22,0.06,117,24,285,279,92,56,55,Champions
Valorant Champions 2023,ardiis,NRG,"Killjoy, Jett, Chamber",130,0.98,234.4,1.13,72,147.8,0.82,0.25,0.19,0.14,0.22,0.0,9,27,106,94,32,19,14,Champions
Valorant Champions 2023,xeta,T1,"Viper, Sova",129,0.98,187.7,0.94,71,120.7,0.64,0.26,0.05,0.1,0.24,0.19,316,17,82,87,34,7,13,Champions
Valorant Champions 2023,qraxs,FUT,"Kayo, Gekko",216,0.98,192.9,0.94,72,130.0,0.67,0.42,0.05,0.06,0.31,0.08,224,20,145,155,91,11,13,Champions
Valorant Champions 2023,nobody,EDG,"Skye, Sova, Fade",358,0.98,198.3,0.93,72,137.2,0.69,0.33,0.1,0.14,0.3,0.18,739,27,248,266,117,36,49,Champions
Valorant Champions 2023,atakaptan,FUT,"Brimstone, Omen",216,0.98,196.7,0.88,70,128.5,0.63,0.54,0.09,0.12,0.3,0.14,322,20,136,154,116,19,25,Champions
Valorant Champions 2023,tuyz,LOUD,"Omen, Astra, Harbor",515,0.98,163.1,0.96,75,107.4,0.59,0.48,0.05,0.06,0.29,0.19,1473,23,304,317,247,26,33,Champions
Valorant Champions 2023,crashies,NRG,"Skye, Sova",130,0.97,191.8,1.01,73,123.2,0.69,0.34,0.03,0.05,0.29,0.18,317,20,90,89,44,3,5,Champions
Valorant Champions 2023,mojj,FUT,"Viper, Killjoy",216,0.97,192.8,0.93,67,129.7,0.65,0.28,0.13,0.12,0.3,0.2,735,22,141,152,60,28,25,Champions
Valorant Champions 2023,munchkin,T1,"Killjoy, Breach, Skye",129,0.97,211.7,0.93,64,139.7,0.7,0.22,0.12,0.12,0.24,0.08,224,17,90,97,29,16,15,Champions
Valorant Champions 2023,dep,ZETA,"Neon, Killjoy",79,0.96,253.7,1.08,61,156.3,0.89,0.08,0.12,0.08,0.28,0.0,5,29,70,65,6,6,4,Champions
Valorant Champions 2023,smoggy,EDG,"Jett, Raze, Kayo",358,0.96,201.0,0.98,69,134.8,0.73,0.22,0.09,0.09,0.3,0.08,340,25,261,265,77,34,34,Champions
Valorant Champions 2023,stax,DRX,"Fade, Skye, Kayo",283,0.95,175.9,0.92,68,111.3,0.64,0.36,0.05,0.07,0.33,0.17,530,27,182,198,101,14,21,Champions
Valorant Champions 2023,biank,BLG,"Fade, Skye, Sova",237,0.95,188.5,0.89,71,128.5,0.65,0.36,0.07,0.09,0.22,0.16,425,25,155,174,85,16,21,Champions
Valorant Champions 2023,rhyme,GIA,"Breach, Brimstone, Omen",161,0.94,174.0,0.83,74,113.9,0.58,0.54,0.04,0.08,0.32,0.11,218,20,94,113,87,6,13,Champions
Valorant Champions 2023,lysoar,FPX,"Killjoy, Viper",85,0.94,208.5,0.95,72,133.8,0.71,0.16,0.07,0.12,0.31,0.0,8,18,60,63,14,6,10,Champions
Valorant Champions 2023,chronicle,FNC,"Breach, Viper, Kayo",270,0.94,169.1,0.89,72,113.1,0.58,0.43,0.07,0.05,0.23,0.0,18,17,156,176,116,20,14,Champions
Valorant Champions 2023,saadhak,LOUD,"Viper, Breach, Kayo",515,0.94,185.7,0.87,73,120.1,0.6,0.49,0.1,0.12,0.19,0.11,547,21,310,355,252,53,64,Champions
Valorant Champions 2023,boaster,FNC,"Brimstone, Astra, Omen",270,0.94,177.6,0.9,72,110.2,0.6,0.42,0.1,0.06,0.23,0.39,1128,19,163,182,114,28,16,Champions
Valorant Champions 2023,nukkye,GIA,"Cypher, Killjoy",161,0.92,185.7,0.88,65,131.2,0.65,0.19,0.06,0.06,0.21,0.06,231,22,105,119,31,10,10,Champions
Valorant Champions 2023,yuicaw,FPX,"Jett, Raze",85,0.91,206.8,0.87,66,129.1,0.69,0.15,0.19,0.16,0.29,0.0,6,18,59,68,13,16,14,Champions
Valorant Champions 2023,knight,BLG,"Omen, Cypher, Breach",237,0.9,188.8,0.91,70,123.1,0.66,0.32,0.06,0.13,0.28,0.13,431,19,157,172,76,14,30,Champions
Valorant Champions 2023,haodong,EDG,"Astra, Brimstone, Omen",358,0.89,168.4,0.83,74,107.1,0.59,0.47,0.05,0.09,0.3,0.18,634,22,212,254,167,19,33,Champions
Valorant Champions 2023,zyppan,NAVI,"Raze, Breach, Kayo",204,0.89,198.3,0.88,69,138.0,0.67,0.29,0.11,0.14,0.27,0.15,213,21,136,154,59,22,29,Champions
Valorant Champions 2023,rb,DRX,"Killjoy, Yoru",283,0.88,162.8,0.85,65,113.5,0.58,0.16,0.08,0.08,0.23,0.21,1257,23,163,191,45,23,24,Champions
Valorant Champions 2023,boostio,EG,"Killjoy, Brimstone, Chamber",459,0.88,187.7,0.87,70,128.7,0.63,0.26,0.11,0.11,0.23,0.1,441,26,291,335,119,51,52,Champions
Valorant Champions 2023,qw1,FUT,"Jett, Raze",216,0.86,190.6,0.93,64,123.2,0.7,0.08,0.16,0.17,0.28,0.12,217,21,151,163,18,35,37,Champions
Valorant Champions 2023,ban,T1,"Harbor, Omen",129,0.86,176.3,0.82,66,109.9,0.62,0.33,0.05,0.12,0.33,0.11,219,16,80,98,43,6,16,Champions
Valorant Champions 2023,finesse,NRG,"Viper, Killjoy",130,0.84,181.4,0.72,74,122.5,0.52,0.41,0.1,0.1,0.16,0.1,110,16,67,93,53,10,10,Champions
Valorant Champions 2023,nagz,KRÜ,Viper,90,0.79,149.5,0.72,61,103.5,0.48,0.32,0.04,0.06,0.18,0.0,14,13,43,60,29,4,5,Champions
Valorant Champions 2023,dk,BLG,"Killjoy, Omen, Brimstone",237,0.79,144.9,0.73,66,91.9,0.51,0.34,0.05,0.07,0.23,0.08,224,16,122,167,81,12,17,Champions
Valorant Champions 2023,soulcas,TL,"Astra, Skye",92,0.79,134.8,0.76,65,81.7,0.48,0.27,0.04,0.03,0.39,0.06,117,13,44,58,25,4,3,Champions
Valorant Champions 2023,ange1,NAVI,"Omen, Brimstone, Sova",204,0.78,176.8,0.75,70,117.7,0.59,0.44,0.1,0.14,0.26,0.18,211,24,120,161,89,21,29,Champions
Valorant Champions 2023,jamppi,TL,"Neon, Chamber, Breach",92,0.78,162.5,0.85,55,108.4,0.61,0.07,0.13,0.2,0.21,0.27,311,22,56,66,6,12,18,Champions
Valorant Champions 2023,nizhaotzh,FPX,"Astra, Viper, Harbor",85,0.75,137.3,0.71,66,95.2,0.49,0.27,0.06,0.07,0.37,0.06,116,17,42,59,23,5,6,Champions
Valorant Champions 2023,redgar,TL,"Sova, Astra, Omen",92,0.74,162.8,0.69,68,110.5,0.53,0.35,0.08,0.1,0.32,0.0,7,19,49,71,32,7,9,Champions
Valorant Champions 2023,klaus,KRÜ,Skye,90,0.74,157.3,0.71,64,106.6,0.54,0.28,0.07,0.18,0.31,0.0,3,14,49,69,25,6,16,Champions
Valorant Champions 2023,melser,KRÜ,"Astra, Harbor, Omen",90,0.69,145.5,0.64,69,94.3,0.49,0.27,0.1,0.14,0.26,0.0,11,14,44,69,24,9,13,Champions
Valorant Champions 2023,berlin,FPX,"Omen, Harbor, Raze",85,0.68,155.8,0.6,65,106.1,0.47,0.34,0.12,0.13,0.37,0.0,7,13,40,67,29,10,11,Champions
Valorant Champions 2023,carpe,T1,"Skye, Killjoy, Fade",129,0.68,149.8,0.68,60,99.1,0.54,0.25,0.04,0.12,0.26,0.33,26,17,70,103,32,5,16,Champions
Valorant Champions 2023,tennn,ZETA,Raze,79,0.66,160.7,0.67,51,111.8,0.56,0.11,0.08,0.25,0.18,0.0,7,16,44,66,9,4,13,Champions
Valorant Champions 2023,laz,ZETA,"Chamber, Viper",79,0.66,143.7,0.8,51,84.8,0.61,0.14,0.06,0.22,0.26,0.07,114,20,48,60,11,3,11,Champions
Valorant Champions 2023,sugarz3ro,ZETA,"Brimstone, Astra",79,0.64,120.7,0.66,63,72.8,0.48,0.3,0.02,0.12,0.2,0.0,4,17,38,58,24,1,6,Champions
Valorant Champions 2023,crow,ZETA,"Breach, Skye",79,0.47,108.3,0.48,53,73.1,0.37,0.29,0.02,0.04,0.16,0.0,7,13,29,61,23,1,2,Champions
Champions Tour 2023 Lock In S O Paulo,k1ng,GEN,"Viper, Kayo",48,1.45,267.5,1.38,83,170.5,0.92,0.48,0.1,0.02,0.34,0.1,110,23,44,32,23,5,1,Champions
Champions Tour 2023 Lock In S O Paulo,trexx,MKOI,Sova,46,1.39,275.0,1.7,76,181.2,1.0,0.2,0.07,0.09,0.32,0.0,8,27,46,27,9,3,4,Champions
Champions Tour 2023 Lock In S O Paulo,shao,NAVI,"Fade, Sage, Astra",182,1.32,202.6,1.63,87,129.8,0.75,0.35,0.1,0.05,0.37,0.24,938,23,137,84,64,18,9,Champions
Champions Tour 2023 Lock In S O Paulo,leo,FNC,"Sova, Sage, Fade",307,1.3,225.0,1.41,81,143.2,0.79,0.33,0.05,0.02,0.19,0.27,1349,25,243,172,100,15,7,Champions
Champions Tour 2023 Lock In S O Paulo,mako,DRX,"Viper, Astra, Omen",276,1.28,240.8,1.25,79,154.7,0.79,0.59,0.12,0.07,0.26,0.14,537,24,219,175,163,32,20,Champions
Champions Tour 2023 Lock In S O Paulo,sh1n,KC,"Viper, Fade, Raze",103,1.27,276.4,1.31,75,169.3,0.94,0.27,0.19,0.06,0.27,0.5,36,25,97,74,28,20,6,Champions
Champions Tour 2023 Lock In S O Paulo,nivera,KC,"Omen, Astra",103,1.27,262.8,1.33,82,158.7,0.9,0.36,0.18,0.09,0.33,0.06,116,23,93,70,37,19,9,Champions
Champions Tour 2023 Lock In S O Paulo,mwzera,FUR,"Fade, Skye, Sova",76,1.27,255.3,1.31,76,166.0,0.93,0.32,0.09,0.07,0.2,0.22,29,34,71,54,24,7,5,Champions
Champions Tour 2023 Lock In S O Paulo,shyy,LEV,Killjoy,125,1.26,237.3,1.38,78,154.8,0.87,0.2,0.16,0.02,0.21,0.15,213,30,109,79,25,20,3,Champions
Champions Tour 2023 Lock In S O Paulo,nats,TL,"Viper, Cypher",41,1.25,258.0,1.33,78,154.6,0.98,0.32,0.0,0.12,0.35,0.0,8,26,40,30,13,0,5,Champions
Champions Tour 2023 Lock In S O Paulo,chichoo,EDG,"Killjoy, Viper",71,1.25,253.0,1.27,69,173.2,0.87,0.18,0.13,0.04,0.24,0.44,49,23,62,49,13,9,3,Champions
Champions Tour 2023 Lock In S O Paulo,twisten,VIT,"Jett, Raze",104,1.24,263.8,1.36,68,171.5,0.95,0.15,0.17,0.14,0.23,0.17,212,29,99,73,16,18,15,Champions
Champions Tour 2023 Lock In S O Paulo,ethan,EG,"Yoru, Kayo, Breach",89,1.21,237.5,1.16,81,150.7,0.8,0.54,0.12,0.04,0.16,0.0,7,24,71,61,48,11,4,Champions
Champions Tour 2023 Lock In S O Paulo,cloud,GIA,Sova,97,1.2,233.4,1.21,79,151.7,0.82,0.14,0.13,0.05,0.32,0.14,214,26,80,66,14,13,5,Champions
Champions Tour 2023 Lock In S O Paulo,crashies,NRG,"Sova, Killjoy, Breach",184,1.2,222.8,1.28,76,144.1,0.8,0.3,0.09,0.04,0.21,0.19,526,33,147,115,56,16,8,Champions
Champions Tour 2023 Lock In S O Paulo,less,LOUD,"Viper, Killjoy",380,1.19,227.4,1.22,75,159.1,0.82,0.25,0.11,0.06,0.28,0.2,1260,27,312,255,95,42,24,Champions
Champions Tour 2023 Lock In S O Paulo,leaf,C9,"Cypher, Killjoy, Viper",89,1.19,233.8,1.24,76,161.2,0.81,0.29,0.07,0.08,0.26,0.13,18,21,72,58,26,6,7,Champions
Champions Tour 2023 Lock In S O Paulo,emman,RRQ,"Reyna, Kayo",40,1.19,233.0,1.1,83,159.7,0.8,0.45,0.1,0.08,0.35,0.0,5,21,32,29,18,4,3,Champions
Champions Tour 2023 Lock In S O Paulo,zyppan,NAVI,Kayo,182,1.18,201.2,1.19,79,136.6,0.73,0.46,0.12,0.06,0.36,0.18,211,26,133,112,83,22,11,Champions
Champions Tour 2023 Lock In S O Paulo,molsi,VIT,"Raze, Kayo, Fade",104,1.17,234.4,1.22,87,147.2,0.86,0.51,0.07,0.05,0.25,0.0,9,27,89,73,53,7,5,Champions
Champions Tour 2023 Lock In S O Paulo,kingg,LEV,"Kayo, Viper, Breach",125,1.16,211.3,1.16,75,147.9,0.76,0.42,0.11,0.08,0.29,0.38,616,27,95,82,52,14,10,Champions
Champions Tour 2023 Lock In S O Paulo,nukkye,GIA,"Breach, Sage",97,1.15,194.8,1.17,81,132.3,0.7,0.46,0.06,0.05,0.29,0.0,7,20,68,58,45,6,5,Champions
Champions Tour 2023 Lock In S O Paulo,jessievash,TS,"Sova, Fade",79,1.15,258.0,1.06,75,170.1,0.9,0.32,0.11,0.13,0.31,0.1,110,21,71,67,25,9,10,Champions
Champions Tour 2023 Lock In S O Paulo,xeppaa,C9,"Skye, Sova",89,1.15,229.6,1.24,79,138.1,0.87,0.28,0.1,0.08,0.23,0.5,36,21,77,62,25,9,7,Champions
Champions Tour 2023 Lock In S O Paulo,foxz,TLN,"Skye, Kayo, Fade",157,1.15,217.1,1.13,72,146.1,0.74,0.31,0.08,0.07,0.23,0.04,126,21,116,103,49,12,11,Champions
Champions Tour 2023 Lock In S O Paulo,frz,MIBR,"Killjoy, Cypher",45,1.14,223.0,1.16,78,148.4,0.82,0.29,0.11,0.04,0.34,0.0,8,19,37,32,13,5,2,Champions
Champions Tour 2023 Lock In S O Paulo,qraxs,FUT,"Kayo, Fade",107,1.14,212.6,1.13,77,144.5,0.74,0.47,0.05,0.01,0.22,0.63,58,25,79,70,50,5,1,Champions
Champions Tour 2023 Lock In S O Paulo,derke,FNC,"Jett, Raze",307,1.13,256.6,1.25,72,168.9,0.89,0.19,0.22,0.2,0.25,0.13,215,32,274,220,58,68,60,Champions
Champions Tour 2023 Lock In S O Paulo,murizzz,MIBR,"Breach, Kayo",45,1.13,199.5,1.03,71,132.5,0.71,0.58,0.11,0.11,0.34,0.33,13,17,32,31,26,5,5,Champions
Champions Tour 2023 Lock In S O Paulo,cender,VIT,"Cypher, Killjoy",104,1.12,233.8,1.16,70,150.9,0.82,0.18,0.09,0.09,0.29,0.2,420,24,85,73,19,9,9,Champions
Champions Tour 2023 Lock In S O Paulo,keloqz,TH,Jett,42,1.12,251.5,1.15,76,155.9,0.9,0.12,0.24,0.17,0.36,0.0,6,23,38,33,5,10,7,Champions
Champions Tour 2023 Lock In S O Paulo,yay,C9,"Chamber, Sage, Jett",89,1.12,201.6,1.24,71,127.4,0.75,0.15,0.15,0.12,0.29,0.08,113,19,67,54,13,13,11,Champions
Champions Tour 2023 Lock In S O Paulo,s0m,NRG,"Viper, Omen, Astra",184,1.12,212.0,1.14,81,138.3,0.73,0.45,0.08,0.1,0.29,0.23,313,24,135,118,82,15,18,Champions
Champions Tour 2023 Lock In S O Paulo,qw1,FUT,"Neon, Jett",107,1.11,259.6,1.21,71,159.3,0.92,0.19,0.2,0.16,0.21,0.21,314,31,98,81,20,21,17,Champions
Champions Tour 2023 Lock In S O Paulo,aspas,LOUD,Jett,380,1.11,224.3,1.18,72,142.7,0.8,0.17,0.17,0.11,0.26,0.13,648,30,305,258,65,63,42,Champions
Champions Tour 2023 Lock In S O Paulo,ardiis,NRG,"Sage, Jett, Killjoy",184,1.11,228.5,1.14,77,153.6,0.77,0.27,0.2,0.12,0.2,0.05,120,29,142,125,49,36,22,Champions
Champions Tour 2023 Lock In S O Paulo,chronicle,FNC,"Breach, Raze, Kayo",307,1.1,202.7,1.1,76,131.1,0.71,0.44,0.08,0.08,0.24,0.19,421,28,218,198,135,25,24,Champions
Champions Tour 2023 Lock In S O Paulo,ts,GEN,"Astra, Brimstone",48,1.1,193.0,1.16,75,116.1,0.77,0.5,0.08,0.13,0.13,0.0,5,27,37,32,24,4,6,Champions
Champions Tour 2023 Lock In S O Paulo,alfajer,FNC,"Killjoy, Cypher",307,1.09,201.1,1.18,77,138.2,0.72,0.21,0.07,0.06,0.27,0.14,644,21,221,187,66,21,18,Champions
Champions Tour 2023 Lock In S O Paulo,cned,NAVI,"Jett, Raze",182,1.09,239.4,1.17,73,156.6,0.8,0.2,0.15,0.11,0.22,0.18,211,24,146,125,37,27,20,Champions
Champions Tour 2023 Lock In S O Paulo,takej,DFM,Viper,20,1.08,197.0,1.0,60,120.5,0.65,0.25,0.1,0.05,0.42,0.6,35,13,13,13,5,2,1,Champions
Champions Tour 2023 Lock In S O Paulo,monyet,GE,"Astra, Omen",58,1.08,213.7,1.1,69,140.7,0.78,0.26,0.22,0.14,0.2,0.4,25,24,45,41,15,13,8,Champions
Champions Tour 2023 Lock In S O Paulo,zmjjkk,EDG,Jett,71,1.08,238.7,1.24,72,144.4,0.87,0.15,0.23,0.15,0.21,0.2,15,25,62,50,11,16,11,Champions
Champions Tour 2023 Lock In S O Paulo,jinggg,PRX,"Raze, Sage",38,1.07,204.0,0.93,68,156.9,0.71,0.21,0.03,0.08,0.2,0.0,5,16,27,29,8,1,3,Champions
Champions Tour 2023 Lock In S O Paulo,zeek,TH,"Kayo, Killjoy",42,1.07,220.5,1.0,71,146.4,0.76,0.33,0.07,0.17,0.36,0.29,27,18,32,32,14,3,7,Champions
Champions Tour 2023 Lock In S O Paulo,mixwell,TH,"Breach, Kayo",42,1.07,223.0,0.88,79,137.5,0.71,0.62,0.07,0.05,0.25,0.33,13,16,30,34,26,3,2,Champions
Champions Tour 2023 Lock In S O Paulo,invy,TS,"Kayo, Breach, Killjoy",79,1.07,200.5,1.0,75,127.2,0.73,0.38,0.04,0.1,0.24,0.33,412,21,58,58,30,3,8,Champions
Champions Tour 2023 Lock In S O Paulo,dgzin,FUR,"Neon, Jett",76,1.06,233.3,1.21,71,146.2,0.84,0.18,0.21,0.17,0.26,0.13,18,27,64,53,14,16,13,Champions
Champions Tour 2023 Lock In S O Paulo,bcj,EG,"Astra, Omen",89,1.06,192.3,0.93,78,123.0,0.63,0.56,0.04,0.13,0.16,0.17,212,17,56,60,50,4,12,Champions
Champions Tour 2023 Lock In S O Paulo,garnets,TLN,"Raze, Neon, Jett",157,1.05,230.0,1.09,71,152.2,0.82,0.15,0.19,0.11,0.24,0.22,29,21,128,117,24,30,17,Champions
Champions Tour 2023 Lock In S O Paulo,buzz,DRX,"Jett, Raze, Killjoy",276,1.04,238.1,1.13,73,147.9,0.82,0.2,0.2,0.17,0.2,0.15,320,21,227,201,56,55,47,Champions
Champions Tour 2023 Lock In S O Paulo,jawgemo,EG,"Jett, Raze",89,1.04,220.5,1.08,72,140.8,0.79,0.19,0.21,0.15,0.19,0.6,35,20,70,65,17,19,13,Champions
Champions Tour 2023 Lock In S O Paulo,yuchen,FPX,Viper,59,1.04,189.3,0.95,76,125.4,0.68,0.34,0.05,0.12,0.34,0.0,10,18,40,42,20,3,7,Champions
Champions Tour 2023 Lock In S O Paulo,bang,100T,"Viper, Astra, Omen",175,1.04,200.1,0.98,69,134.5,0.74,0.34,0.13,0.12,0.39,0.05,121,23,129,131,59,22,21,Champions
Champions Tour 2023 Lock In S O Paulo,meteor,GEN,"Jett, Raze",48,1.03,239.0,1.05,69,153.9,0.81,0.21,0.21,0.1,0.26,0.0,3,24,39,37,10,10,5,Champions
Champions Tour 2023 Lock In S O Paulo,heat,MIBR,"Raze, Neon",45,1.03,250.0,1.03,67,164.4,0.82,0.22,0.18,0.22,0.32,0.0,6,22,37,36,10,8,10,Champions
Champions Tour 2023 Lock In S O Paulo,cauanzin,LOUD,"Skye, Breach",380,1.03,207.1,1.01,73,130.8,0.74,0.43,0.09,0.08,0.23,0.23,626,25,280,276,163,35,30,Champions
Champions Tour 2023 Lock In S O Paulo,cryocells,100T,"Omen, Raze, Jett",175,1.03,219.3,1.01,71,137.5,0.75,0.31,0.13,0.18,0.18,0.0,13,22,131,130,54,23,32,Champions
Champions Tour 2023 Lock In S O Paulo,rb,DRX,"Astra, Kayo, Killjoy",276,1.02,191.6,1.06,73,126.6,0.68,0.28,0.09,0.08,0.23,0.31,1239,22,187,177,77,24,23,Champions
Champions Tour 2023 Lock In S O Paulo,mojj,FUT,"Killjoy, Viper",107,1.02,206.8,1.0,67,138.1,0.69,0.25,0.09,0.09,0.26,0.19,316,20,74,74,27,10,10,Champions
Champions Tour 2023 Lock In S O Paulo,yuicaw,FPX,"Killjoy, Chamber, Jett",59,1.02,189.7,1.05,66,131.7,0.71,0.12,0.05,0.2,0.22,0.14,17,20,42,40,7,3,12,Champions
Champions Tour 2023 Lock In S O Paulo,suygetsu,NAVI,"Cypher, Killjoy, Viper",182,1.01,198.2,1.12,74,135.5,0.69,0.26,0.09,0.05,0.38,0.16,319,18,125,112,48,16,10,Champions
Champions Tour 2023 Lock In S O Paulo,stellar,100T,"Killjoy, Cypher",175,1.01,190.5,1.03,70,134.4,0.7,0.24,0.06,0.1,0.2,0.13,324,25,123,119,42,10,17,Champions
Champions Tour 2023 Lock In S O Paulo,boostio,EG,Killjoy,89,1.0,205.3,1.07,75,135.8,0.73,0.16,0.04,0.08,0.22,0.13,215,20,65,61,14,4,7,Champions
Champions Tour 2023 Lock In S O Paulo,tenz,SEN,"Jett, Sage",39,1.0,183.5,0.96,62,122.4,0.67,0.21,0.13,0.15,0.23,0.5,36,14,26,27,8,5,6,Champions
Champions Tour 2023 Lock In S O Paulo,boaster,FNC,"Astra, Omen, Brimstone",307,1.0,188.3,0.96,78,111.8,0.64,0.41,0.1,0.12,0.19,0.25,416,20,196,204,125,31,38,Champions
Champions Tour 2023 Lock In S O Paulo,asuna,100T,"Sage, Kayo, Breach",175,1.0,200.4,0.87,76,132.0,0.67,0.43,0.06,0.1,0.24,0.2,315,20,118,135,76,10,17,Champions
Champions Tour 2023 Lock In S O Paulo,tacolilla,LEV,"Jett, Raze",125,1.0,222.8,1.05,68,136.9,0.73,0.18,0.18,0.18,0.15,0.33,39,22,91,87,23,23,22,Champions
Champions Tour 2023 Lock In S O Paulo,fit1nho,GIA,"Jett, Raze",97,1.0,203.4,1.04,71,140.2,0.74,0.19,0.18,0.14,0.25,0.0,7,35,72,69,18,17,14,Champions
Champions Tour 2023 Lock In S O Paulo,tuyz,LOUD,"Harbor, Brimstone, Astra",380,0.99,171.2,0.93,73,113.2,0.63,0.41,0.04,0.04,0.3,0.17,954,25,238,257,156,16,15,Champions
Champions Tour 2023 Lock In S O Paulo,jamppi,TL,"Jett, Raze",41,0.99,245.5,0.97,71,148.0,0.78,0.24,0.17,0.15,0.14,0.5,12,17,32,33,10,7,6,Champions
Champions Tour 2023 Lock In S O Paulo,zellsis,C9,"Neon, Phoenix, Sage",89,0.98,198.0,0.94,75,138.3,0.65,0.42,0.08,0.16,0.19,0.13,18,14,58,62,37,7,14,Champions
Champions Tour 2023 Lock In S O Paulo,ange1,NAVI,"Omen, Cypher, Sova",182,0.98,204.4,1.07,70,128.2,0.71,0.33,0.12,0.14,0.34,0.0,8,27,130,122,60,22,26,Champions
Champions Tour 2023 Lock In S O Paulo,sushiboys,TLN,"Killjoy, Astra",157,0.98,187.1,1.01,74,130.0,0.67,0.2,0.1,0.11,0.22,0.19,421,21,105,104,31,15,17,Champions
Champions Tour 2023 Lock In S O Paulo,jzz,MIBR,"Fade, Breach",45,0.97,194.0,0.89,67,118.6,0.71,0.31,0.07,0.04,0.28,0.0,7,23,32,36,14,3,2,Champions
Champions Tour 2023 Lock In S O Paulo,stax,DRX,"Kayo, Fade, Breach",276,0.97,194.8,0.97,72,127.8,0.67,0.37,0.06,0.09,0.26,0.2,420,19,185,191,103,17,24,Champions
Champions Tour 2023 Lock In S O Paulo,vanity,C9,"Omen, Astra, Killjoy",89,0.96,167.8,0.83,75,102.7,0.55,0.61,0.08,0.09,0.11,0.09,111,14,49,59,54,7,8,Champions
Champions Tour 2023 Lock In S O Paulo,sheydos,MKOI,Killjoy,46,0.96,158.0,1.13,70,106.9,0.59,0.13,0.04,0.09,0.24,0.17,16,17,27,24,6,2,4,Champions
Champions Tour 2023 Lock In S O Paulo,derrek,100T,"Sova, Fade, Breach",175,0.95,185.8,0.85,72,135.3,0.64,0.34,0.07,0.06,0.31,0.07,227,20,112,131,59,12,11,Champions
Champions Tour 2023 Lock In S O Paulo,qutionerx,BBL,"Yoru, Jett",60,0.95,241.3,0.98,63,149.1,0.85,0.12,0.18,0.2,0.3,0.0,5,23,51,52,7,11,12,Champions
Champions Tour 2023 Lock In S O Paulo,hoody,GIA,Killjoy,97,0.94,189.0,0.94,72,135.4,0.63,0.16,0.06,0.08,0.23,0.2,210,17,61,65,16,6,8,Champions
Champions Tour 2023 Lock In S O Paulo,t3xture,GE,"Raze, Jett",58,0.94,206.7,1.02,71,132.5,0.79,0.07,0.14,0.12,0.24,0.0,8,23,46,45,4,8,7,Champions
Champions Tour 2023 Lock In S O Paulo,sugarz3ro,ZETA,"Omen, Astra",41,0.94,178.0,0.8,73,122.2,0.59,0.39,0.02,0.05,0.34,0.33,26,17,24,30,16,1,2,Champions
Champions Tour 2023 Lock In S O Paulo,xffero,RRQ,"Omen, Fade",40,0.93,182.5,0.93,75,113.7,0.65,0.25,0.03,0.03,0.26,0.0,8,16,26,28,10,1,1,Champions
Champions Tour 2023 Lock In S O Paulo,fl1pzjder,RRQ,"Breach, Viper",40,0.93,178.0,0.79,73,126.5,0.58,0.45,0.18,0.23,0.2,0.14,17,19,23,29,18,7,9,Champions
Champions Tour 2023 Lock In S O Paulo,zest,DRX,"Sova, Fade, Killjoy",276,0.93,170.8,0.95,72,113.9,0.62,0.26,0.04,0.09,0.28,0.18,634,19,170,179,71,10,24,Champions
Champions Tour 2023 Lock In S O Paulo,c0m,EG,"Fade, Sova, Kayo",89,0.92,182.5,0.85,71,113.3,0.63,0.61,0.07,0.1,0.13,0.13,18,16,56,66,54,6,9,Champions
Champions Tour 2023 Lock In S O Paulo,pancada,SEN,"Omen, Viper",39,0.91,198.5,0.93,69,135.2,0.72,0.21,0.03,0.05,0.4,0.0,7,17,28,30,8,1,2,Champions
Champions Tour 2023 Lock In S O Paulo,rhyme,GIA,"Astra, Viper, Omen",97,0.91,163.0,0.84,72,112.4,0.59,0.44,0.06,0.16,0.34,0.33,412,17,57,68,43,6,16,Champions
Champions Tour 2023 Lock In S O Paulo,scream,KC,"Skye, Kayo",103,0.91,190.0,0.92,67,120.5,0.67,0.33,0.06,0.15,0.36,0.08,112,20,69,75,34,6,15,Champions
Champions Tour 2023 Lock In S O Paulo,finesse,NRG,"Killjoy, Breach, Viper",184,0.9,182.9,0.85,74,120.8,0.6,0.35,0.1,0.08,0.17,0.1,221,23,111,131,64,19,14,Champions
Champions Tour 2023 Lock In S O Paulo,crws,TLN,"Omen, Brimstone, Viper",157,0.9,188.0,0.83,71,124.6,0.61,0.41,0.11,0.09,0.23,0.17,212,21,96,115,65,17,14,Champions
Champions Tour 2023 Lock In S O Paulo,laz,ZETA,Killjoy,41,0.9,171.5,0.92,71,131.1,0.59,0.15,0.05,0.02,0.29,0.0,6,18,24,26,6,2,1,Champions
Champions Tour 2023 Lock In S O Paulo,mazino,LEV,"Omen, Astra, Brimstone",125,0.9,185.7,1.0,66,112.8,0.66,0.41,0.07,0.1,0.3,0.25,28,21,82,82,51,9,13,Champions
Champions Tour 2023 Lock In S O Paulo,atakaptan,FUT,"Sage, Astra, Breach",107,0.89,162.4,0.9,75,103.9,0.6,0.33,0.05,0.09,0.31,0.25,312,20,64,71,35,5,10,Champions
Champions Tour 2023 Lock In S O Paulo,jitboys,TLN,"Breach, Kayo, Harbor",157,0.89,186.7,0.93,72,116.4,0.68,0.36,0.06,0.09,0.33,0.07,115,24,106,114,56,10,14,Champions
Champions Tour 2023 Lock In S O Paulo,brave,BBL,"Astra, Omen",60,0.89,206.3,0.84,73,132.5,0.68,0.43,0.13,0.1,0.29,0.17,16,17,41,49,26,8,6,Champions
Champions Tour 2023 Lock In S O Paulo,nobody,EDG,"Sova, Breach, Kayo",71,0.89,197.0,0.94,75,123.8,0.66,0.38,0.1,0.07,0.25,0.14,17,17,47,50,27,7,5,Champions
Champions Tour 2023 Lock In S O Paulo,mrfalin,FUT,"Omen, Killjoy, Sova",107,0.87,200.6,0.82,70,124.4,0.64,0.4,0.11,0.15,0.17,0.17,212,16,69,84,43,12,16,Champions
Champions Tour 2023 Lock In S O Paulo,reita,DFM,Sova,37,0.87,207.5,0.83,57,137.3,0.68,0.22,0.08,0.22,0.44,0.0,5,15,25,30,8,3,8,Champions
Champions Tour 2023 Lock In S O Paulo,victor,NRG,"Kayo, Killjoy, Skye",184,0.87,182.8,0.84,74,112.7,0.59,0.39,0.11,0.09,0.21,0.19,316,16,108,128,72,20,17,Champions
Champions Tour 2023 Lock In S O Paulo,destrian,VIT,"Omen, Astra, Harbor",104,0.87,158.8,0.75,71,101.4,0.5,0.49,0.07,0.12,0.26,0.0,11,13,52,69,51,7,12,Champions
Champions Tour 2023 Lock In S O Paulo,redgar,TL,"Sova, Breach",41,0.87,205.5,0.78,68,132.9,0.61,0.32,0.17,0.17,0.29,0.0,4,20,25,32,13,7,7,Champions
Champions Tour 2023 Lock In S O Paulo,xand,KRÜ,"Kayo, Neon",41,0.87,179.0,0.74,66,120.6,0.61,0.37,0.15,0.17,0.33,0.0,2,18,25,34,15,6,7,Champions
Champions Tour 2023 Lock In S O Paulo,turko,BBL,"Breach, Kayo",60,0.87,128.7,0.73,70,94.8,0.5,0.3,0.03,0.08,0.31,0.08,112,20,30,41,18,2,5,Champions
Champions Tour 2023 Lock In S O Paulo,khalil,FUR,"Astra, Killjoy, Omen",76,0.86,147.7,0.84,71,92.1,0.54,0.25,0.07,0.04,0.3,0.08,113,21,41,49,19,5,3,Champions
Champions Tour 2023 Lock In S O Paulo,newzera,KC,"Sova, Breach, Harbor",103,0.86,139.2,0.83,73,93.0,0.51,0.28,0.06,0.09,0.43,0.38,513,16,53,64,29,6,9,Champions
Champions Tour 2023 Lock In S O Paulo,daveeys,KRÜ,"Killjoy, Raze",41,0.86,183.5,0.82,63,135.6,0.66,0.12,0.12,0.07,0.26,0.5,24,19,27,33,5,5,3,Champions
Champions Tour 2023 Lock In S O Paulo,lmemore,RRQ,"Cypher, Sage",40,0.86,203.0,0.87,60,131.4,0.68,0.3,0.13,0.08,0.34,0.0,2,15,27,31,12,5,3,Champions
Champions Tour 2023 Lock In S O Paulo,xms,KC,"Killjoy, Cypher",103,0.86,157.8,0.81,67,108.4,0.54,0.24,0.08,0.05,0.28,0.0,11,17,56,69,25,8,5,Champions
Champions Tour 2023 Lock In S O Paulo,saadhak,LOUD,"Killjoy, Raze, Viper",380,0.85,192.2,0.82,72,130.2,0.61,0.28,0.11,0.19,0.21,0.25,520,19,230,279,105,42,71,Champions
Champions Tour 2023 Lock In S O Paulo,ambition,FUR,"Cypher, Viper, Killjoy",76,0.85,190.7,0.87,64,124.3,0.63,0.24,0.11,0.12,0.32,0.22,29,19,48,55,18,8,9,Champions
Champions Tour 2023 Lock In S O Paulo,aaaay,FPX,Skye,59,0.85,202.0,0.8,75,128.8,0.66,0.34,0.02,0.1,0.31,0.0,5,16,39,49,20,1,6,Champions
Champions Tour 2023 Lock In S O Paulo,mazin,FUR,"Skye, Harbor, Kayo",76,0.84,168.0,0.86,71,98.9,0.58,0.39,0.07,0.07,0.35,0.2,15,17,44,51,30,5,5,Champions
Champions Tour 2023 Lock In S O Paulo,ban,T1,Killjoy,20,0.84,194.0,0.87,75,117.6,0.65,0.1,0.1,0.0,0.18,0.0,5,13,13,15,2,2,0,Champions
Champions Tour 2023 Lock In S O Paulo,rglmeister,MIBR,"Omen, Brimstone",45,0.83,174.5,0.72,71,110.6,0.51,0.62,0.04,0.07,0.18,0.5,24,12,23,32,28,2,3,Champions
Champions Tour 2023 Lock In S O Paulo,munchkin,T1,Astra,20,0.83,157.0,0.73,55,100.6,0.55,0.45,0.0,0.25,0.18,0.0,2,11,11,15,9,0,5,Champions
Champions Tour 2023 Lock In S O Paulo,borkum,TS,"Viper, Brimstone, Harbor",79,0.83,175.5,0.67,62,109.2,0.53,0.54,0.05,0.11,0.21,0.25,28,14,42,63,43,4,9,Champions
Champions Tour 2023 Lock In S O Paulo,sayaplayer,T1,Jett,20,0.82,196.0,0.82,70,136.6,0.7,0.0,0.25,0.25,0.5,0.0,1,14,14,17,0,5,5,Champions
Champions Tour 2023 Lock In S O Paulo,carpe,T1,Sova,20,0.82,172.0,0.71,60,115.4,0.6,0.2,0.0,0.0,0.28,0.0,2,12,12,17,4,0,0,Champions
Champions Tour 2023 Lock In S O Paulo,smoggy,EDG,"Harbor, Raze, Fade",71,0.82,173.3,0.83,69,114.1,0.62,0.15,0.07,0.06,0.31,0.14,214,16,44,53,11,5,4,Champions
Champions Tour 2023 Lock In S O Paulo,ayrin,GE,"Viper, Killjoy",58,0.82,184.0,0.8,57,112.8,0.62,0.12,0.07,0.07,0.21,0.21,314,15,36,45,7,4,4,Champions
Champions Tour 2023 Lock In S O Paulo,nzr,LEV,"Sova, Skye, Fade",125,0.82,144.5,0.78,73,98.2,0.49,0.31,0.06,0.03,0.2,0.0,16,12,61,78,39,7,4,Champions
Champions Tour 2023 Lock In S O Paulo,jremy,TS,"Sage, Raze, Kayo",79,0.82,163.0,0.78,66,97.0,0.59,0.3,0.13,0.1,0.15,0.29,27,19,47,60,24,10,8,Champions
Champions Tour 2023 Lock In S O Paulo,souhcni,BBL,Sova,60,0.82,154.3,0.77,67,102.1,0.55,0.28,0.05,0.12,0.29,0.0,7,13,33,43,17,3,7,Champions
Champions Tour 2023 Lock In S O Paulo,aslanm4shadow,BBL,Killjoy,60,0.81,149.0,0.75,63,107.4,0.55,0.13,0.03,0.07,0.23,0.1,110,15,33,44,8,2,4,Champions
Champions Tour 2023 Lock In S O Paulo,nizhaotzh,FPX,"Omen, Astra",59,0.81,162.3,0.83,63,89.4,0.59,0.27,0.07,0.08,0.23,0.18,211,14,35,42,16,4,5,Champions
Champions Tour 2023 Lock In S O Paulo,sacy,SEN,Skye,39,0.81,171.5,0.77,72,112.7,0.62,0.26,0.08,0.15,0.36,0.14,17,13,24,31,10,3,6,Champions
Champions Tour 2023 Lock In S O Paulo,haodong,EDG,"Viper, Omen, Astra",71,0.8,163.0,0.73,66,113.1,0.52,0.34,0.08,0.07,0.26,0.0,7,17,37,51,24,6,5,Champions
Champions Tour 2023 Lock In S O Paulo,sayf,TL,"Killjoy, Kayo",41,0.8,172.5,0.84,63,115.2,0.63,0.22,0.07,0.02,0.26,0.0,6,18,26,31,9,3,1,Champions
Champions Tour 2023 Lock In S O Paulo,dep,ZETA,Jett,41,0.8,178.5,0.87,59,113.5,0.63,0.1,0.1,0.24,0.34,0.0,3,15,26,30,4,4,10,Champions
Champions Tour 2023 Lock In S O Paulo,f0rsaken,PRX,"Chamber, Jett",38,0.79,210.0,0.74,61,148.9,0.66,0.05,0.26,0.16,0.23,0.25,14,17,25,34,2,10,6,Champions
Champions Tour 2023 Lock In S O Paulo,bonecold,VIT,"Sage, Fade, Breach",104,0.78,151.2,0.68,72,103.3,0.5,0.38,0.07,0.14,0.25,0.0,5,15,52,77,39,7,15,Champions
Champions Tour 2023 Lock In S O Paulo,berlin,FPX,Fade,59,0.78,182.0,0.72,76,122.8,0.58,0.39,0.12,0.19,0.28,0.33,13,17,34,47,23,7,11,Champions
Champions Tour 2023 Lock In S O Paulo,boo,TH,"Cypher, Sova",42,0.77,125.0,0.66,71,90.2,0.45,0.21,0.0,0.12,0.24,0.1,110,11,19,29,9,0,5,Champions
Champions Tour 2023 Lock In S O Paulo,bazzi,GE,"Skye, Fade, Breach",58,0.77,168.7,0.64,74,102.8,0.52,0.4,0.05,0.03,0.16,0.0,7,11,30,47,23,3,2,Champions
Champions Tour 2023 Lock In S O Paulo,eko,GEN,"Skye, Neon",48,0.76,158.0,0.69,69,105.8,0.5,0.44,0.1,0.15,0.15,0.0,5,12,24,35,21,5,7,Champions
Champions Tour 2023 Lock In S O Paulo,dubstep,TS,"Killjoy, Cypher, Astra",79,0.74,139.0,0.68,61,100.3,0.49,0.16,0.1,0.13,0.24,0.08,113,14,39,57,13,8,10,Champions
Champions Tour 2023 Lock In S O Paulo,ejay,RRQ,Neon,16,0.74,189.0,0.71,69,127.8,0.63,0.19,0.0,0.38,0.25,0.0,1,10,10,14,3,0,6,Champions
Champions Tour 2023 Lock In S O Paulo,melser,KRÜ,Omen,41,0.74,135.0,0.63,68,86.1,0.49,0.27,0.07,0.15,0.34,0.0,8,13,20,32,11,3,6,Champions
Champions Tour 2023 Lock In S O Paulo,axeddy,KRÜ,"Sova, Breach",41,0.73,164.0,0.66,61,103.9,0.51,0.37,0.05,0.1,0.21,0.14,17,12,21,32,15,2,4,Champions
Champions Tour 2023 Lock In S O Paulo,benkai,PRX,"Sage, Killjoy",38,0.73,165.5,0.66,76,112.7,0.55,0.29,0.05,0.11,0.21,0.0,10,13,21,32,11,2,4,Champions
Champions Tour 2023 Lock In S O Paulo,mindfreak,PRX,"Omen, Astra",38,0.73,163.0,0.66,76,107.3,0.55,0.29,0.05,0.16,0.16,0.0,4,12,21,32,11,2,6,Champions
Champions Tour 2023 Lock In S O Paulo,anthem,DFM,Killjoy,37,0.72,159.0,0.66,68,109.1,0.51,0.16,0.08,0.05,0.32,0.0,5,13,19,29,6,3,2,Champions
Champions Tour 2023 Lock In S O Paulo,wolfen,MKOI,Jett,46,0.71,186.5,0.74,61,122.7,0.61,0.15,0.22,0.28,0.33,0.0,0,14,28,38,7,10,13,Champions
Champions Tour 2023 Lock In S O Paulo,xnfri,DFM,"Astra, Raze",37,0.71,151.0,0.63,57,107.5,0.51,0.16,0.03,0.05,0.19,0.14,17,12,19,30,6,1,2,Champions
Champions Tour 2023 Lock In S O Paulo,xeta,T1,Kayo,20,0.71,172.0,0.63,75,106.4,0.5,0.7,0.0,0.15,0.29,0.0,3,10,10,16,14,0,3,Champions
Champions Tour 2023 Lock In S O Paulo,suggest,DFM,"Breach, Kayo",37,0.71,154.5,0.68,65,90.8,0.57,0.38,0.11,0.14,0.3,0.0,5,11,21,31,14,4,5,Champions
Champions Tour 2023 Lock In S O Paulo,starxo,MKOI,"Sage, Breach",46,0.7,123.0,0.59,70,78.6,0.37,0.48,0.0,0.13,0.18,0.0,4,10,17,29,22,0,6,Champions
Champions Tour 2023 Lock In S O Paulo,secret,GEN,"Kayo, Breach",48,0.7,146.0,0.68,73,81.3,0.52,0.46,0.0,0.1,0.13,0.0,4,13,25,37,22,0,5,Champions
Champions Tour 2023 Lock In S O Paulo,skrossi,GE,"Sage, Kayo, Sova",58,0.67,130.7,0.64,67,91.6,0.5,0.33,0.03,0.12,0.26,0.29,27,18,29,45,19,2,7,Champions
Champions Tour 2023 Lock In S O Paulo,koldamenta,MKOI,"Viper, Omen",46,0.64,110.0,0.5,63,74.9,0.37,0.41,0.02,0.07,0.21,0.0,4,12,17,34,19,1,3,Champions
Champions Tour 2023 Lock In S O Paulo,d4v41,PRX,"Skye, Fade",38,0.63,138.5,0.52,66,90.2,0.42,0.42,0.03,0.08,0.28,0.0,3,9,16,31,16,1,3,Champions
Champions Tour 2023 Lock In S O Paulo,avova,TH,"Astra, Omen",42,0.62,147.5,0.54,67,97.2,0.48,0.38,0.07,0.05,0.18,0.0,3,12,20,37,16,3,2,Champions
Champions Tour 2023 Lock In S O Paulo,crow,ZETA,"Sova, Kayo",41,0.61,135.5,0.52,66,90.9,0.41,0.39,0.05,0.12,0.21,0.0,5,12,17,33,16,2,5,Champions
Champions Tour 2023 Lock In S O Paulo,dephh,SEN,"Killjoy, Astra",39,0.57,130.5,0.53,64,95.3,0.41,0.18,0.05,0.13,0.21,0.0,5,9,16,30,7,2,5,Champions
Champions Tour 2023 Lock In S O Paulo,zekken,SEN,"Breach, Raze",39,0.53,119.5,0.47,62,77.3,0.38,0.28,0.1,0.13,0.24,0.0,3,8,15,32,11,4,5,Champions
Champions Tour 2023 Lock In S O Paulo,tennn,ZETA,"Kayo, Sova",41,0.53,132.5,0.5,56,84.4,0.41,0.2,0.07,0.29,0.23,0.17,16,9,17,34,8,3,12,Champions
Champions Tour 2023 Lock In S O Paulo,soulcas,TL,"Sage, Astra",41,0.52,112.5,0.53,56,70.3,0.39,0.24,0.02,0.1,0.24,0.0,6,10,16,30,10,1,4,Champions
Champions Tour 2023 Lock In S O Paulo,nagz,KRÜ,"Jett, Killjoy",41,0.49,106.5,0.42,59,78.3,0.34,0.07,0.07,0.05,0.18,0.0,7,7,14,33,3,3,2,Champions
Champions Tour 2023 Lock In S O Paulo,2ge,RRQ,Astra,24,0.47,111.0,0.56,58,82.9,0.42,0.25,0.0,0.04,0.29,0.0,2,10,10,18,6,0,1,Champions
Champions Tour 2023 Lock In S O Paulo,seoldam,DFM,Jett,17,0.22,129.0,0.44,53,79.5,0.41,0.12,0.12,0.24,0.31,0.0,0,7,7,16,2,2,4,Champions
